id;name;country;city;runway_count;code_iata;code_icao
1;Anaa;French_Polynesia;Anaa;3;AAA;NTGA
2;Arrabury;Australia;Arrabury;101;AAB;YARY
3;Al_Arish_International_Airport;Egypt;Al_Arish;37;AAC;HEAR
4;Ad-Dabbah;Sudan;Ad-Dabbah;;AAD;TVSV
5;Les_Salines;Algeria;Annaba;5;AAE;DABB
6;Municipal;United_States;Apalachicola;6;AAF;KAAF
7;Arapoti;Brazil;Arapoti;805;AAG;SSYA
8;Aachen/Merzbruck;Germany;Aachen;190;AAH;EDKA
9;Arraias;Brazil;Arraias;586;AAI;SWRA
10;Cayana_Airstrip;Suriname;Awaradam;;AAJ;SMCA
11;Aranuka;Kiribati;Aranuka;2;AAK;NGUK
12;Aalborg;Denmark;Aalborg;3;AAL;EKYT
13;Mala_Mala;South_Africa;Mala_Mala;343;AAM;FAMD
14;Al_Ain;United_Arab_Emirates;Al_Ain;265;AAN;OMAL
15;Anaco;Venezuela;Anaco;220;AAO;SVAN
16;Andrau_Airpark;United_States;Houston_TX;13;AAP;BGAG
17;Vityazevo;Russian_Federation;Anapa;54;AAQ;URKA
18;Aarhus_Airport;Denmark;Aarhus;25;AAR;EKAH
19;Apalapsili;Indonesia;Apalapsili;884;AAS;
20;Altay;China;Altay;;AAT;ZWAT
21;Asau;Samoa;Asau;2;AAU;NSAU
22;Allah_Valley;Philippines;Surallah;201;AAV;RPMA
23;Abbottabad;Pakistan;Abbottabad;;AAW;OPAB
24;Araxa;Brazil;Araxa;999;AAX;SBAX
25;Al_Ghaydah;Yemen;Al_Ghaydah;41;AAY;OYGD
26;Ambriz;Angola;Ambriz;2371;AAZ;MGQZ
27;Abakan;Russian_Federation;Abakan;253;ABA;UNAA
28;RAF_Station;United_Kingdom;Abingdon;;ABB;EGUD
29;Los_Llanos;Spain;Albacete;702;ABC;LEAB
30;Abadan;Iran;Abadan;2;ABD;OIAA
31;Abaiang;Kiribati;Abaiang;3;ABF;NGAB
32;Abingdon;Australia;Abingdon;183;ABG;YABI
33;Alpha;Australia;Alpha;383;ABH;YAPH
34;Municipal;United_States;Abilene;546;ABI;KABI
35;Felix_Houphouet_Boigny;"Cote_D&#039;Ivoire";Abidjan;6;ABJ;DIAP
36;Kabri_Dar;Ethiopia;Kabri_Dar;549;ABK;HAKD
37;Ambler;United_States;Ambler;89;ABL;PAFM
38;Bamaga_Injinoo;Australia;Bamaga_Queensland;10;ABM;YNPE
39;Albina;Suriname;Albina;12;ABN;SMBN
40;Aboisso;"Cote_D&#039;Ivoire";Aboisso;29;ABO;DIAO
41;Atkamba;Papua_New_Guinea;Atkamba;122;ABP;
42;Albuquerque_International;United_States;Albuquerque;1632;ABQ;KABQ
43;Municipal;United_States;Aberdeen;397;ABR;KABR
44;Abu_Simbel;Egypt;Abu_Simbel;188;ABS;HEBL
45;Al-Aqiq;Saudi_Arabia;Al-Baha;1672;ABT;OEBA
46;Atambua;Indonesia;Atambua;318;ABU;WATA
47;Nnamdi_Azikiwe_International_Airport;Nigeria;Abuja;342;ABV;DNAA
48;Abau;Papua_New_Guinea;Abau;3;ABW;
49;Albury;Australia;Albury;164;ABX;YMAY
50;Dougherty_County;United_States;Albany;60;ABY;KABY
51;Dyce;United_Kingdom;Aberdeen;66;ABZ;EGPD
52;Antrim_County;United_States;Bellaire;190;ACB;KACB
53;Kotoka;Ghana;Accra;62;ACC;DGAA
54;Acandi;Colombia;Acandi;15;ACD;SKAD
55;Lanzarote;Spain;Arrecife;14;ACE;GCRR
56;Altenrhein;Switzerland;Altenrhein;398;ACH;LSZR
57;The_Blaye;United_Kingdom;Alderney;88;ACI;EGJA
58;Anuradhapura;Sri_Lanka;Anuradhapura;143;ACJ;KACJ
59;Nantucket_Memorial;United_States;Nantucket;14;ACK;KACK
60;Aguaclara;Colombia;Aguaclara;315;ACL;
61;Arica;Colombia;Arica;;ACM;
62;International;Mexico;Ciudad_Acuna;430;ACN;MMCC
63;Ascona;Switzerland;Ascona;200;ACO;LSZD
64;Sahand;Iran;Sahand;1340;ACP;OITM
65;Araracuara;Colombia;Araracuara;381;ACR;SKAC
66;Achinsk;Russian_Federation;Achinsk;315;ACS;UNKS
67;Municipal;United_States;Waco;157;ACT;KACT
68;Achutupo;Panama;Achutupo;11;ACU;
69;Arcata;United_States;Arcata;67;ACV;KACV
70;Xingyi;China;Xingyi;;ACX;ZUYI
71;Atlantic_City_Intl;United_States;Atlantic_City;23;ACY;KACY
72;Zabol_A/P;Iran;Zabol;496;ACZ;OIZB
73;Adana;Turkey;Adana;20;ADA;LTAF
74;Adnan_Menderes;Turkey;Izmir;126;ADB;LTBJ
75;Andakombe;Papua_New_Guinea;Andakombe;417;ADC;KADC
76;Bole_International;Ethiopia;Addis_Ababa;2334;ADD;HAAB
77;International;Yemen;Aden;2;ADE;OYAA
78;Adiyaman;Turkey;Adiyaman;675;ADF;LTCP
79;Lenawee_County;United_States;Adrian;244;ADG;KADG
80;Aldan;Russian_Federation;Aldan;694;ADH;UEEA
81;Arandis;Namibia;Arandis;581;ADI;FYAR
82;Marka_International_Airport;Jordan;Amman;779;ADJ;OJAM
83;Adak_Island_NS;United_States;Adak_Island;6;ADK;PADK
84;Adelaide_International_Airport;Australia;Adelaide;6;ADL;YPAD
85;Ardmore_Municipal_Arpt;United_States;Ardmore;237;ADM;KADM
86;Andes;Colombia;Andes;1189;ADN;SKAN
87;Andamooka;Australia;Andamooka;76;ADO;YAMK
88;Ampara;Sri_Lanka;Ampara;46;ADP;VCCG
89;Kodiak_Airport;United_States;Kodiak;24;ADQ;PADQ
90;Andrews;United_States;Andrews;8;ADR;KPHH
91;Addison_Airport;United_States;Dallas;196;ADS;KADS
92;Ada;United_States;Ada;309;ADT;KADH
93;Ardabil;Iran;Ardabil;1315;ADU;OITL
94;Andover;United_Kingdom;Andover;496;ADV;HSDI
95;Andrews_AFB;United_States;Camp_Springs;85;ADW;KADW
96;Leuchars;United_Kingdom;St_Andrews;12;ADX;EGQL
97;Alldays;South_Africa;Alldays;792;ADY;FAAL
98;San_Andres_Island;Colombia;San_Andres_Island;6;ADZ;SKSP
99;Abemama_Atoll;Kiribati;Abemama_Atoll;2;AEA;NGTB
100;Aleneva;United_States;Aleneva;;AED;KTDO
101;Aek_Godang;Indonesia;Aek_Godang;281;AEG;WIME
102;Abecher;Chad;Abecher;545;AEH;FTTC
103;Algeciras;Spain;Algeciras;;AEI;OPKC
104;Aseki;Papua_New_Guinea;Aseki;1189;AEK;
105;Albert_Lea;United_States;Albert_Lea;384;AEL;KAEL
106;Aioun_El_Atrouss;Mauritania;Aioun_El_Atrouss;290;AEO;GQNA
107;Arpt._Jorge_Newbery;Argentina;Buenos_Aires;6;AEP;SABE
108;Adler_-_Sochi;Russian_Federation;Adler;27;AER;URSS
109;Vigra;Norway;Aalesund;21;AES;ENAL
110;Allakaket;United_States;Allakaket;134;AET;PFAL
111;Abu_Musa;Iran;Abu_Musa;7;AEU;OIBA
112;Alexandria_International;United_States;Alexandria_LA;27;AEX;KAEX
113;Akureyri;Iceland;Akureyri;2;AEY;BIAR
114;San_Rafael;Argentina;San_Rafael;753;AFA;SAMR
115;Port_Alfred;South_Africa;Port_Alfred;83;AFD;FAPA
116;USAF_Academy_Airstrip;United_States;Colorado_Springs;2004;AFF;KAFF
117;Amalfi;Colombia;Amalfi;1393;AFI;SKAM
118;Kondavattavan_Tank;Sri_Lanka;Ampara;355;AFK;KAFK
119;Alta_Floresta;Brazil;Alta_Floresta;289;AFL;SBAT
120;Municipal;United_States;Jaffrey;317;AFN;KAFN
121;Municipal;United_States;Afton;1896;AFO;KAFO
122;Afore;Papua_New_Guinea;Afore;701;AFR;
123;Zarafshan;Uzbekistan;Zarafshan;;AFS;UTSN
124;Afutara_Aerodrome;Solomon_Islands;Afutara;;AFT;AGAF
125;Fort_Worth_Alliance;United_States;Fort_Worth_TX;220;AFW;KAFW
126;Afyon;Turkey;Afyon;1009;AFY;LTAH
127;Sabzevar;Iran;Sabzevar;917;AFZ;OIMS
128;Agadir_Almassira;Morocco;Agadir;77;AGA;GMAD
129;Augsburg_-_Muehlhausen;Germany;Munich;462;AGB;EDMA
130;Allegheny_County;United_States;Pittsburgh;382;AGC;KAGC
131;Anggi;Indonesia;Anggi;1953;AGD;WASG
132;Flugplatz;Germany;Wangerooge;2;AGE;EDWG
133;La_Garenne;France;Agen;62;AGF;LFBA
134;Angoram;Papua_New_Guinea;Angoram;14;AGG;
135;Angelholm;Sweden;Angelholm/Helsingborg;21;AGH;ESTA
136;Wageningen;Suriname;Wageningen;8;AGI;SMWA
137;Aguni;Japan;Aguni;12;AGJ;RORA
138;Kagua;Papua_New_Guinea;Kagua;1554;AGK;
139;Wanigela;Papua_New_Guinea;Wanigela;15;AGL;
140;Tasiilaq;Greenland;Tasiilaq;7;AGM;BGAM
141;Angoon;United_States;Angoon;0;AGN;PAGN
142;Municipal;United_States;Magnolia;97;AGO;KAGO
143;Pablo_Ruiz_Picasso;Spain;Malaga;16;AGP;LEMG
144;Agrinion;Greece;Agrinion;47;AGQ;LGAG
145;Kheria;India;Agra;168;AGR;VIAG
146;Bush_Field;United_States;Augusta;44;AGS;KAGS
147;Alejo_Garcia;Paraguay;Ciudad_Del_Este;258;AGT;SGES
148;Aguascalients;Mexico;Aguascalientes;1863;AGU;MMAS
149;Acarigua;Venezuela;Acarigua;226;AGV;SVAC
150;Agnew;Australia;Agnew;49;AGW;
151;Agatti_Island;India;Agatti_Island;4;AGX;VOAT
152;Argyle_Downs;Australia;Argyle_Downs;88;AGY;
153;Aggeneys;South_Africa;Aggeneys;807;AGZ;FAAG
154;Naha_Air_Force_Base;Japan;Okinawa;;AHA;RORG
155;Abha;Saudi_Arabia;Abha;2090;AHB;OEAB
156;Amedee_AAF;Norway;Herlong;1223;AHC;KAHC
157;Downtown;United_States;Ardmore;257;AHD;KAHD
158;Ahe_Airport;French_Polynesia;Ahe;3;AHE;NTHE
159;Municipal;Guatemala;Arapahoe;692;AHF;
160;Municipal;United_States;Amery;331;AHH;KAHH
161;Amahai;Indonesia;Amahai;56;AHI;WAPA
162;Aishalton;Guyana;Aishalton;179;AHL;SYAH
163;Athens;Greece;Athens;247;AHN;KAHN
164;Fertilia;Italy;Alghero;27;AHO;LIEA
165;Ahuas;Honduras;Ahuas;76;AHS;MHAH
166;Amchitka;United_States;Amchitka;69;AHT;UAAA
167;Charif_Al_Idrissi;Morocco;Al_Hoceima;29;AHU;GMTA
168;Ambatolahy;Madagascar;Ambatolahy;90;AHY;
169;Alpe_D_Huez;France;Alpe_D_Huez;1860;AHZ;LFHU
170;Alliance;United_States;Alliance;1198;AIA;KAIA
171;Anita_Bay;United_States;Anita_Bay;;AIB;SNHN
172;Airok;Marshall_Islands;Airok_Ailinglaplap;;AIC;
173;Municipal;United_States;Anderson;280;AID;KAID
174;Aiome;Papua_New_Guinea;Aiome;107;AIE;AYAO
175;Assis;Brazil;Assis;558;AIF;SNAX
176;Yalinga;Central_African_Republic;Yalinga;602;AIG;FEFY
177;Aiambak;Papua_New_Guinea;Aiambak;;AIH;OPKC
178;Alisabieh;Djibouti;Alisabieh;705;AII;HDAS
179;Municipal;United_States;Aiken;161;AIK;KAIK
180;Ailigandi;Panama;Ailigandi;2;AIL;
181;Ailuk_Island;Marshall_Islands;Ailuk_Island;;AIM;
182;Wainwright;United_States;Wainwright;12;AIN;PAWI
183;Municipal;United_States;Atlantic;355;AIO;KAIO
184;Ailinglapalap_Island;Marshall_Islands;Ailinglapalap_Island;236;AIP;VIAX
185;Aripuana;Brazil;Aripuana;230;AIR;SSOU
186;Arorae_Island;Kiribati;Arorae_Island;2;AIS;NGTR
187;Aitutaki;Cook_Islands;Aitutaki;4;AIT;NCAI
188;Atiu_Island;Cook_Islands;Atiu_Island;11;AIU;NCAT
189;George_Downer;United_States;Aliceville;46;AIV;KAIV
190;Ai-ais;Namibia;Ai-ais;;AIW;OPKC
191;Bader_Field;United_States;Atlantic_City;3;AIY;KAIY
192;Lee_C_Fine_Memorial;United_States;Kaiser/Lake_Ozark;265;AIZ;KAIZ
193;Campo_Dell_Oro;France;Ajaccio;5;AJA;LFKJ
194;Jouf;Saudi_Arabia;Sakaka_Al_Jouf;689;AJF;OESK
195;"A&amp;#287;ri";Italy;Agri;1665;AJI;LTCO
196;Akjoujt;Mauritania;Akjoujt;123;AJJ;GQNJ
197;Araak;Iran;Araak;1658;AJK;OIHR
198;Aizawl;India;Aizawl;426;AJL;VELP
199;Ouani;Comoros;Anjouan;19;AJN;FMCV
200;Aljouf;Yemen;Aljouf;;AJO;
201;Arvidsjaur;Sweden;Arvidsjaur;379;AJR;ESNX
202;Abreojos;Mexico;Abreojos;8;AJS;
203;Santa_Maria;Brazil;Aracaju;7;AJU;SBAR
204;Agades;Niger;Agades;505;AJY;DRZA
205;Ankang;China;Ankang;;AKA;ZLAK
206;Atka;United_States;Atka;17;AKB;PAAK
207;Fulton_International;South_Africa;Akron/Canton;325;AKC;KAKR
208;Akola;India;Akola;304;AKD;VAAK
209;Akieni;Gabon;Akieni;506;AKE;
210;Kufrah;Libya;Kufrah;417;AKF;HLKF
211;Anguganak;Papua_New_Guinea;Anguganak;259;AKG;
212;Prince_Sultan_Air_Base;Saudi_Arabia;Al_Kharj;503;AKH;OEPS
213;Akiak;United_States;Akiak;12;AKI;PFAK
214;Asahikawa;Japan;Asahikawa;220;AKJ;RJEC
215;Akhiok_SPB;United_States;Akhiok;13;AKK;PAKH
216;Auckland_International;New_Zealand;Auckland;7;AKL;NZAA
217;Zakouma;Chad;Zakouma;415;AKM;
218;King_Salmon;United_States;King_Salmon;22;AKN;PAKN
219;Colorado_Plains_Regional_Airport;United_States;Akron_CO;1437;AKO;KAKO
220;Anaktuvuk;United_States;Anaktuvuk;642;AKP;PAKP
221;Gunung_Batin;Indonesia;Astraksetra;27;AKQ;WIAG
222;Akure;Nigeria;Akure;335;AKR;DNAK
223;Akrotiri_Raf;Cyprus;Akrotiri;23;AKT;LCRA
224;Aksu;China;Aksu;;AKU;ZWAK
225;Akulivik;Canada;Akulivik;23;AKV;CYKO
226;Aghajari;Iran;Aghajari;27;AKW;OIAG
227;Aktyubinsk;Kazakhstan;Aktyubinsk;226;AKX;UATT
228;Civil;Myanmar;Sittwe;8;AKY;VYSW
229;Almaty;Kazakhstan;Almaty;682;ALA;UAAA
230;Albany_International;United_States;Albany;87;ALB;KALB
231;Alicante_El_Altet;Spain;Alicante;43;ALC;LEAL
232;Alerta;Peru;Alerta;243;ALD;SPAR
233;Alpine;United_States;Alpine;1376;ALE;
234;Alta;Norway;Alta;3;ALF;ENAT
235;Houari_Boumediene;Algeria;Algiers;25;ALG;DAAG
236;Albany;Australia;Albany;71;ALH;YABA
237;International;United_States;Alice;54;ALI;KALI
238;Kortdoorn;South_Africa;Alexander_Bay;30;ALJ;FAAB
239;Asela;Ethiopia;Asela;;ALK;
240;Albenga;Italy;Albenga;45;ALL;LIMG
241;Municipal;United_States;Alamogordo;1280;ALM;KALM
242;Alton;United_States;Alton;166;ALN;KALN
243;Waterloo;United_States;Waterloo;266;ALO;KALO
244;Nejrab;Syria;Aleppo;389;ALP;OSAP
245;Federal;Brazil;Alegrete;140;ALQ;SSLT
246;Alexandra;New_Zealand;Alexandra;229;ALR;NZLX
247;Municipal;United_States;Alamosa;2298;ALS;KALS
248;Alenquer;Brazil;Alenquer;31;ALT;SDWQ
249;Alula;Somalia;Alula;2;ALU;HCMA
250;Andorra_La_Vella_H/P;Andorra;Andorra_La_Vella;;ALV;
251;Walla_Walla;United_States;Walla_Walla;364;ALW;KALW
252;Thomas_C_Russell_Fld;United_States;Alexander_City;209;ALX;KALX
253;El_Nohza;Egypt;Alexandria;;ALY;HEAX
254;Alitak_SPB;United_States;Alitak;0;ALZ;KALZ
255;Rick_Husband_Amarillo_International;United_States;Amarillo_TX;1099;AMA;KAMA
256;Ambilobe;Madagascar;Ambilobe;22;AMB;FMNE
257;Am_Timan;Chad;Am_Timan;433;AMC;FTTN
258;Ahmedabad;India;Ahmedabad;58;AMD;VAAH
259;Alto_Molocue;Mozambique;Alto_Molocue;563;AME;
260;Ama;Papua_New_Guinea;Ama;30;AMF;
261;Amboin;Papua_New_Guinea;Amboin;;AMG;
262;Arba_Mintch;Ethiopia;Arba_Mintch;1187;AMH;HAAM
263;Selaparang;Indonesia;Mataram;16;AMI;WADA
264;Almenara;Brazil;Almenara;195;AMJ;SNAR
265;Animas_Airpark;United_States;Durango;2037;AMK;
266;Puerto_Armuellas;Panama;Puerto_Armuellas;13;AML;
267;Queen_Alia_Intl;Jordan;Amman;730;AMM;OJAI
268;Gratiot_Community;United_States;Alma;230;AMN;KAMN
269;Mao;Chad;Mao;327;AMO;FTTU
270;Ampanihy;Madagascar;Ampanihy;235;AMP;FMSY
271;Pattimura;Indonesia;Ambon;10;AMQ;WAPP
272;Arno;Marshall_Islands;Arno;;AMR;
273;Amsterdam-Schiphol;Netherlands;Amsterdam;-3;AMS;EHAM
274;Amata;Australia;Amata;695;AMT;YAMT
275;Amanab;Papua_New_Guinea;Amanab;411;AMU;
276;Amderma;Russian_Federation;Amderma;4;AMV;ULDD
277;Ames;United_States;Ames;291;AMW;KAMW
278;Ammaroo;Australia;Ammaroo;39;AMX;YAMM
279;Ambatomainty;Madagascar;Ambatomainty;320;AMY;FMMB
280;Ardmore;New_Zealand;Ardmore;34;AMZ;NZAR
281;Orange_County_Steel_Salvage_Heliport;United_States;Anaheim;;ANA;KANA
282;Anniston_Metropolitan;United_States;Anniston;187;ANB;KANB
283;Ted_Stevens_Anchorage_International_Airport;United_States;Anchorage;46;ANC;PANC
284;Anderson;United_States;Anderson;238;AND;KAND
285;Marce;France;Angers;59;ANE;LFJR
286;Cerro_Moreno;Chile;Antofagasta;139;ANF;SCFA
287;Brie-Champniers;France;Angouleme;133;ANG;LFBU
288;Anuha_Island_Resort;Solomon_Islands;Anuha_Island_Resort;;ANH;
289;Aniak;United_States;Aniak;29;ANI;PANI
290;Zanaga;Congo;Zanaga;570;ANJ;FCBZ
291;Etimesgut;Turkey;Ankara;809;ANK;LTAD
292;Andulo;Angola;Andulo;1652;ANL;FNAL
293;Antsirabato;Madagascar;Antalaha;7;ANM;FMNH
294;Annette_Island;United_States;Annette_Island;36;ANN;PANT
295;Angoche;Mozambique;Angoche;36;ANO;FQAG
296;Lee;United_States;Annapolis;10;ANP;KANP
297;Tri-State_Steuben_Cty;United_States;Angola;303;ANQ;KANQ
298;Deurne;Belgium;Antwerp;12;ANR;EBAW
299;Andahuaylas;Peru;Andahuaylas;3568;ANS;SPHY
300;St_Anton;Austria;St_Anton;;ANT;PHKO
301;V._C._Bird_Intl;Antigua_And_Barbuda;"St._John&#039;s";19;ANU;TAPA
302;Anvik;United_States;Anvik;91;ANV;PANV
303;Ainsworth;United_States;Ainsworth;789;ANW;KANW
304;Andenes;Norway;Andenes;13;ANX;ENAN
305;Anthony;United_States;Anthony;409;ANY;KANY
306;Angus_Downs;Australia;Angus_Downs;517;ANZ;
307;Aroa;Papua_New_Guinea;Aroa;3;AOA;
308;Annanberg;Papua_New_Guinea;Annanberg;30;AOB;
309;Altenburg_Nobitz;Germany;Altenburg;195;AOC;EDAC
310;Abou_Deia;Chad;Abou_Deia;480;AOD;
311;Anadolu_University;Turkey;Eskisehir;;AOE;OPKC
312;Anshan;China;Anshan;;AOG;ZYAS
313;Allen_County;United_States;Lima;297;AOH;KAOH
314;Falconara;Italy;Ancona;15;AOI;LIPY
315;Aomori;Japan;Aomori;202;AOJ;RJSA
316;Karpathos;Greece;Karpathos;20;AOK;LGKP
317;Paso_De_Los_Libres;Argentina;Paso_De_Los_Libres;70;AOL;SARL
318;Arona;Solomon_Islands;Arona;1280;AON;
319;Martinsburg;United_States;Martinsburg;458;AOO;KAOO
320;Alor_Setar;Malaysia;Alor_Setar;5;AOR;WMKA
321;Amook;United_States;Amook;0;AOS;HTDA
322;Corrado_Gex;Italy;Aosta;546;AOT;LIMW
323;Attopeu;Laos;Attopeu;105;AOU;VLAP
324;Arapahoe_Co;United_States;Denver;1793;APA;KAPA
325;Apolo;Bolivia;Apolo;1414;APB;SLAP
326;Napa_County;United_States;Napa;11;APC;KAPC
327;San_Juan_Aposento;Peru;San_Juan_Aposento;;APE;SPAO
328;Naples;United_States;Naples;2;APF;KAPF
329;Phillips_AAF;United_States;Aberdeen;17;APG;KAPG
330;Camp_A_P_Hill;United_States;Bowling_Green;67;APH;KAPH
331;Apiay;Colombia;Apiay;374;API;SKAP
332;Apataki;French_Polynesia;Apataki;2;APK;NTGD
333;Nampula;Mozambique;Nampula;440;APL;FQNP
334;Alpena_County_Regional;United_States;Alpena;210;APN;KAPN
335;Apartado;Colombia;Apartado;14;APO;SKLC
336;Asapa;Papua_New_Guinea;Asapa;579;APP;
337;Arapiraca;Brazil;Arapiraca;270;APQ;SNAL
338;April_River;Papua_New_Guinea;April_River;91;APR;
339;Anapolis;Brazil;Anapolis;1110;APS;SWNS
340;Marion_County;United_States;Jasper;195;APT;KAPT
341;Apucarana;Brazil;Apucarana;805;APU;SSAP
342;Apple_Valley;United_States;Apple_Valley;933;APV;KAPV
343;Faleolo;Samoa;Apia;18;APW;NSFA
344;Arapongas;Brazil;Arapongas;792;APX;SSOG
345;Alto_Parnaiba;Brazil;Alto_Parnaiba;295;APY;SNAI
346;Zapala;Argentina;Zapala;1015;APZ;SAHZ
347;Araraquara;Brazil;Araraquara;711;AQA;SBAQ
348;Quiche_Airport;Guatemala;Quiche;2021;AQB;MGQC
349;Anqing;China;Anqing;;AQG;ZSAQ
350;Qaisumah;Saudi_Arabia;Qaisumah;358;AQI;OEPA
351;King_Hussein_Intl;Jordan;Aqaba;53;AQJ;OJAQ
352;Ariquemes;Brazil;Ariquemes;90;AQM;SWNI
353;Rodriguez_Ballon;Peru;Arequipa;2562;AQP;SPQU
354;Saqani;Fiji;Saqani;2;AQS;
355;Alyeska;United_States;Alyeska;50;AQY;KAQY
356;Acadiana_Regional;United_States;New_Iberia;7;ARA;KARA
357;Municipal;United_States;Ann_Arbor_MI;256;ARB;KARB
358;Arctic_Village;United_States;Arctic_Village;638;ARC;PARC
359;Alor_Island;Indonesia;Alor_Island;3;ARD;WATM
360;Arecibo;Puerto_Rico;Arecibo;6;ARE;TJAB
361;Acaricuara;Colombia;Acaricuara;380;ARF;
362;Walnut_Ridge;United_States;Walnut_Ridge;85;ARG;KARG
363;Talagi;Russian_Federation;Arkhangelsk;19;ARH;ULAA
364;Chacalluta;Chile;Arica;51;ARI;SCAR
365;Arso;Indonesia;Arso;46;ARJ;WAJA
366;Arusha;Tanzania;Arusha;1387;ARK;HTAR
367;Arly;Burkina_Faso;Arly;232;ARL;DFER
368;Armidale;Australia;Armidale;1084;ARM;YARM
369;Arlanda;Sweden;Stockholm;42;ARN;ESSA
370;Arboletas;Colombia;Arboletas;4;ARO;
371;Aragip;Papua_New_Guinea;Aragip;518;ARP;
372;Arauquita;Colombia;Arauquita;156;ARQ;SKAT
373;Alto_Rio_Senguerr;Argentina;Alto_Rio_Senguerr;697;ARR;SAVR
374;Aragarcas;Brazil;Aragarcas;310;ARS;SWEC
375;Watertown;United_States;Watertown;99;ART;KART
376;Aracatuba;Brazil;Aracatuba;415;ARU;SBAU
377;Noble_F._Lee;United_States;Minocqua;497;ARV;KARV
378;Arad;Romania;Arad;107;ARW;LRAR
379;Asbury_Park;United_States;Neptune_NJ;36;ARX;SBAC
380;Ararat;Australia;Ararat;307;ARY;YARA
381;Assab_International;Eritrea;Assab;14;ASA;HHSB
382;Ashgabat;Turkmenistan;Ashgabat;211;ASB;UTAA
383;Ascension;Bolivia;Ascension;246;ASC;SLAS
384;Andros_Town;Bahamas;Andros_Town;3;ASD;MYAF
385;Aspen;United_States;Aspen;2389;ASE;KASE
386;Astrakhan;Russian_Federation;Astrakhan;;ASF;URWA
387;Ashburton;New_Zealand;Ashburton;91;ASG;NZAS
388;Boire_Field;United_States;Nashua_NH;61;ASH;KASH
389;Wideawake_Field;St._Helena;Georgetown_Ascension_Island;85;ASI;FHAW
390;Amami_O_Shima;Japan;Amami_O_Shima;8;ASJ;RJKA
391;Yamoussoukro;"Cote_D&#039;Ivoire";Yamoussoukro;213;ASK;DIYO
392;Harrison_County;United_States;Marshall;109;ASL;KASL
393;Yohannes_IV;Eritrea;Asmara;2335;ASM;HHAS
394;Talladega;United_States;Talladega;161;ASN;KASN
395;Asosa;Ethiopia;Asosa;1561;ASO;HASO
396;Alice_Springs;Australia;Alice_Springs;545;ASP;YBAS
397;Austin;United_States;Austin;1748;ASQ;KTMT
398;Erkilet_International_Airport;Turkey;Kayseri;1056;ASR;LTAU
399;Astoria;United_States;Astoria;4;AST;KAST
400;Silvio_Pettirossi;Paraguay;Asuncion;89;ASU;SGAS
401;Amboseli;Kenya;Amboseli;1145;ASV;HKAM
402;Aswan;Egypt;Aswan;202;ASW;HESN
403;Ashland;United_States;Ashland;252;ASX;KASX
404;Ashley;United_States;Ashley;620;ASY;KASY
405;Asirim;Papua_New_Guinea;Asirim;;ASZ;
406;Anta;Peru;Anta;2773;ATA;SPHZ
407;Atbara;Sudan;Atbara;360;ATB;HSAT
408;Atoifi;Solomon_Islands;Atoifi;;ATD;AGAT
409;Antlers;United_States;Antlers;176;ATE;KATE
410;Chachoan;Ecuador;Ambato;2591;ATF;SEAM
411;Attock;Pakistan;Attock;;ATG;SPAY
412;Eleftherios_Venizelos;Greece;Athens;94;ATH;LGAV
413;Artigas;Uruguay;Artigas;125;ATI;SUAG
414;Antsirabe;Madagascar;Antsirabe;1523;ATJ;FMME
415;Atqasuk;United_States;Atqasuk;31;ATK;PATQ
416;Hartsfield-jackson_Atlanta_International;United_States;Atlanta_GA;313;ATL;KATL
417;Altamira;Brazil;Altamira;112;ATM;SBHT
418;Namatanai;Papua_New_Guinea;Namatanai;42;ATN;
419;Ohio_University;Greece;Athens;233;ATO;KUNI
420;Airstrip;Papua_New_Guinea;Aitape;3;ATP;
421;Raja_Sansi;India;Amritsar;232;ATQ;VIAR
422;Mouakchott;Mauritania;Atar;231;ATR;GQPA
423;Artesia;United_States;Artesia;1080;ATS;KATS
424;Atmautluak;United_States;Atmautluak;6;ATT;
425;Casco_Cove;United_States;Attu_Island;27;ATU;PAAT
426;Ati;Chad;Ati;332;ATV;FTTI
427;Outagamie_County;United_States;Appleton;280;ATW;KATW
428;Atbasar;Kazakhstan;Atbasar;308;ATX;
429;Watertown;United_States;Watertown;533;ATY;KATY
430;Assiut;Egypt;Assiut;235;ATZ;HEAT
431;Reina_Beatrix;Aruba;Aruba;18;AUA;TNCA
432;Itauba;Brazil;Itauba;;AUB;EDXY
433;Arauca;Colombia;Arauca;128;AUC;SKUC
434;Augustus_Downs;Australia;Augustus_Downs;46;AUD;YAGD
435;Abu_Rudeis;Egypt;Abu_Rudeis;12;AUE;
436;Auxerre_Branches;France;Auxerre;159;AUF;LFLA
437;Augusta;United_States;Augusta;107;AUG;KAUG
438;Abu_Dhabi_International;United_Arab_Emirates;Abu_Dhabi;27;AUH;OMAA
439;Aua_Island;Papua_New_Guinea;Aua_Island;1;AUI;
440;Ambunti;Papua_New_Guinea;Ambunti;49;AUJ;
441;Alakanuk;United_States;Alakanuk;6;AUK;PAUK
442;Aur_Island;Marshall_Islands;Aur_Island;;AUL;
443;Austin;United_States;Austin;376;AUM;KAUM
444;Auburn;United_States;Auburn;469;AUN;KAUN
445;Auburn-Opelika;United_States;Auburn;237;AUO;KAUO
446;Agaun;Papua_New_Guinea;Agaun;975;AUP;AYAG
447;Atuona;French_Polynesia;Atuona;451;AUQ;NTMN
448;Aurillac;France;Aurillac;639;AUR;LFLW
449;Atauro;Indonesia;Atauro;;AUT;WPAT
450;Aurukun_Mission;Australia;Aurukun_Mission;9;AUU;YAUR
451;Aumo;Papua_New_Guinea;Aumo;;AUV;EDXY
452;Municipal;United_States;Wausau;366;AUW;KAUW
453;Araguaina;Brazil;Araguaina;235;AUX;SWGN
454;Aneityum;Vanuatu;Aneityum;2;AUY;NVVA
455;Municipal_Airport;United_States;Aurora;217;AUZ;KARR
456;An_Shun/Huang_Guo_Shu;China;An_Shun;;AVA;
457;Aviano;Italy;Aviano;125;AVB;LIPA
458;Avoriaz;France;Avoriaz;;AVF;
459;Auvergne;Australia;Auvergne;37;AVG;YAUV
460;Maximo_Gomez;Cuba;Ciego_De_Avila;102;AVI;MUCA
461;Arvaikheer;Mongolia;Arvaikheer;1808;AVK;ZMAH
462;Asheville_Regional_Airport;United_States;Fletcher;659;AVL;KAVL
463;Avignon-Caum;France;Avignon;38;AVN;LFMV
464;Municipal;United_States;Avon_Park;49;AVO;KAVO
465;Wilkes-Barre/Scranton_International_Airport;United_States;Wilkes-Barre/Scranton_PA;293;AVP;KAVP
466;Avu_Avu;Solomon_Islands;Avu_Avu;2;AVU;AGGJ
467;Avalon;Australia;Geelong;11;AVV;YMAV
468;Avra_Valley;United_States;Tucson;619;AVW;KAVQ
469;Avalon_Bay;United_States;Catalina_Island;488;AVX;KAVX
470;Awassa;Ethiopia;Awassa;1708;AWA;HALA
471;Awaba;Papua_New_Guinea;Awaba;18;AWB;AYAW
472;Aniwa;Vanuatu;Aniwa;21;AWD;NVVB
473;Alowe;Gabon;Alowe;100;AWE;
474;Awareh;Ethiopia;Awareh;;AWH;HAAW
475;Wake_Island;US_Minor_Outlying_Islands;Wake_Island;7;AWK;PWAK
476;Municipal;United_States;West_Memphis;65;AWM;KAWM
477;Alton_Downs;Australia;Alton_Downs;38;AWN;YADS
478;Austral_Downs;Australia;Austral_Downs;200;AWP;YAUS
479;Awar;Papua_New_Guinea;Awar;9;AWR;
480;Ahwaz;Iran;Ahwaz;20;AWZ;OIAW
481;Wallblake;Anguilla;Anguilla;39;AXA;TQPF
482;Alexandria_Bay;United_States;Alexandria_Bay;104;AXB;KAXB
483;Aramac;Australia;Aramac;39;AXC;YAMC
484;Dimokritos;Greece;Alexandroupolis;7;AXD;LGAL
485;Xanxere;Brazil;Xanxere;;AXE;KBAX
486;Algona;United_States;Algona;371;AXG;KAXA
487;Ataq;Yemen;Ataq;1138;AXK;OYAT
488;Alexandria;Australia;Alexandria;210;AXL;YALX
489;El_Eden;Colombia;Armenia;1216;AXM;SKAR
490;Alexandria;United_States;Alexandria;434;AXN;KAXN
491;Springpoint_Arpt;Turks_and_Caicos_Islands;Spring_Point;3;AXP;MYAP
492;Arutua;French_Polynesia;Arutua;3;AXR;NTGU
493;Municipal;United_States;Altus;437;AXS;KAXS
494;Akita;Japan;Akita;95;AXT;RJSK
495;Axum;Ethiopia;Axum;2108;AXU;HAAX
496;Neil_Armstrong;United_States;Wapakoneta;278;AXV;KAXV
497;Angel_Fire;United_States;Angel_Fire;2554;AXX;KAXX
498;Ayapel;Colombia;Ayapel;37;AYA;
499;Ayacucho;Peru;Ayacucho;126;AYC;SKYC
500;Alroy_Downs;Australia;Alroy_Downs;219;AYD;
501;AAF_Heliport;Haiti;Fort_Devens;;AYE;MTPP
502;Yaguara;Colombia;Yaguara;256;AYG;SKYA
503;RAF_Station;United_Kingdom;Alconbury;;AYH;
504;Yari;Colombia;Yari;;AYI;
505;Arkalyk;Kazakhstan;Arkalyk;;AYK;UAUR
506;Anthony_Lagoon;Australia;Anthony_Lagoon;228;AYL;YANL
507;Anyang;China;Anyang;;AYN;ZHAY
508;Ayolas;Uganda;Ayolas;;AYO;MTPP
509;Yanamilla;Peru;Ayacucho;2745;AYP;SPHO
510;Connellan;Australia;Ayers_Rock;496;AYQ;YAYE
511;Ayr;Australia;Ayr;12;AYR;YAYR
512;Ware_County;United_States;Waycross;43;AYS;KAYS
513;Antalya;Turkey;Antalya;54;AYT;LTAI
514;Aiyura;Papua_New_Guinea;Aiyura;1554;AYU;AYAY
515;Ayawasi;Indonesia;Ayawasi;469;AYW;WASA
516;Zahns;United_States;Amityville;;AYZ;WASA
517;Amazon_Bay;Papua_New_Guinea;Amazon_Bay;3;AZB;
518;Yazd;Iran;Yazd;1236;AZD;OIYY
519;Apatzingan;Mexico;Apatzingan;315;AZG;MMAG
520;Bateen;United_Arab_Emirates;Abu_Dhabi;5;AZI;OMAD
521;Andizhan;Uzbekistan;Andizhan;462;AZN;UTFA
522;Kalamazoo/Battle_Creek_Intl;United_States;Kalamazoo;266;AZO;KAZO
523;Atizapan;Mexico;Mexico_City;;AZP;HHSB
524;Adrar;Algeria;Adrar;280;AZR;DAUA
525;Zapatoca;Colombia;Zapatoca;1639;AZT;
526;Ambriz;Angola;Ambriz;44;AZZ;FNAM
527;Bialla;Papua_New_Guinea;Bialla;9;BAA;
528;Beale_AFB;United_States;Marysville;34;BAB;KBAB
529;Barranca_De_Upia;Colombia;Barranca_De_Upia;204;BAC;
530;Barksdale_AFB;United_States;Shreveport;51;BAD;KBAD
531;Barcelonnette;France;Barcelonnette;1132;BAE;LFMR
532;Barnes;United_States;Westfield;82;BAF;KBAF
533;Loakan;Philippines;Baguio;1296;BAG;RPUB
534;Bahrain_International;Bahrain;Manama;2;BAH;OBBI
535;Buenos_Aires;Costa_Rica;Buenos_Aires;370;BAI;MRBA
536;Bali;Papua_New_Guinea;Bali;37;BAJ;
537;Batman;Turkey;Batman;555;BAL;LTCJ
538;Lander_County;United_States;Battle_Mountain;1383;BAM;KBAM
539;Basongo;Democratic_Republic_Of_Congo;Basongo;500;BAN;FZVR
540;Udorn;Thailand;Ban_Mak_Khaen;;BAO;VTED
541;Baibara;Papua_New_Guinea;Baibara;5;BAP;
542;E_Cortissoz;Colombia;Barranquilla;30;BAQ;SKBQ
543;Baker_Aaf;United_States;Baker_Island;;BAR;
544;Balalae;Solomon_Islands;Balalae;2;BAS;AGGE
545;Airport_Chafei_Amsei;Brazil;Barretos;580;BAT;SNBA
546;Bauru;Brazil;Bauru;617;BAU;SBBU
547;Baotou;China;Baotou;;BAV;ZBOW
548;Biawonque;Gabon;Biawonque;35;BAW;
549;Barnaul;Russian_Federation;Barnaul;255;BAX;UNBB
550;Baia_Mare;Romania;Baia_Mare;184;BAY;LRBM
551;Barbelos;Brazil;Barbelos;34;BAZ;SWBC
552;Teniente_Vidal;Chile;Balmaceda;525;BBA;SCBA
553;Municipal;United_States;Benson;317;BBB;KBBB
554;Bay_City;United_States;Bay_City;13;BBC;KBYY
555;Curtis_Field;United_States;Brady;557;BBD;KBBD
556;Big_Bell;Australia;Big_Bell;429;BBE;
557;Burlington;United_States;Burlington;;BBF;KHBG
558;Butaritari;Kiribati;Butaritari;2;BBG;NGTU
559;Barth;Germany;Barth;7;BBH;EDBH
560;Bhubaneswar;India;Bhubaneswar;42;BBI;VEBS
561;Bitburg_Air_Base;Germany;Bitburg;373;BBJ;EDRB
562;Kasane;Botswana;Kasane;1002;BBK;FBKE
563;Babolsar;Iran;Babolsar;117;BBL;YLLE
564;Battambang;Cambodia;Battambang;18;BBM;VDBG
565;Bario;Malaysia;Bario;1052;BBN;WBGZ
566;Berbera;Ethiopia;Berbera;9;BBO;HCMI
567;Bembridge;United_Kingdom;Bembridge;17;BBP;EGHJ
568;Barbuda;Antigua_And_Barbuda;Barbuda;5;BBQ;TAPH
569;Baillif;Guadeloupe;Basse_Terre;18;BBR;TFFB
570;Blackbushe;United_Kingdom;Yateley;99;BBS;EGLK
571;Berberati;Central_African_Republic;Berberati;588;BBT;FEFT
572;Baneasa;Romania;Bucharest;91;BBU;LRBS
573;Hkg;"Cote_D&#039;Ivoire";Bereby;6;BBV;DIGN
574;Broken_Bow;United_States;Broken_Bow;776;BBW;KBBW
575;Wings_Field;United_States;Blue_Bell;92;BBX;KLOM
576;Bambari;Central_African_Republic;Bambari;472;BBY;FEFM
577;Zambezi;Zambia;Zambezi;1078;BBZ;FLZB
578;Baracoa;Cuba;Baracoa;8;BCA;MUBA
579;Virginia_Tech;United_States;Blacksburg;646;BCB;KBCB
580;Bear_Creek;United_States;Bear_Creek;226;BCC;KBCC
581;Bacolod;Philippines;Bacolod;26;BCD;RPVB
582;Bryce;United_States;Bryce;2313;BCE;KBCE
583;Bouca;Central_African_Republic;Bouca;467;BCF;FEGU
584;Bemichi;Guyana;Bemichi;;BCG;SYBE
585;Cakung_International;East_Timor-Indonesia;Baucau;542;BCH;WPEC
586;Barcaldine;Australia;Barcaldine;268;BCI;YBAR
587;Baca_Grande;United_States;Baca_Grande;2323;BCJ;SCIP
588;Bolwarra;Australia;Bolwarra;305;BCK;YBWR
589;Barra_Colorado;Costa_Rica;Barra_Colorado;1;BCL;MRBC
590;Bacau;Romania;Bacau;185;BCM;LRBC
591;El_Prat_De_Llobregat;Spain;Barcelona;4;BCN;LEBL
592;Jinka;Ethiopia;Jinka;1311;BCO;HABC
593;Bambu;Ethiopia;Bambu;;BCP;
594;Brack;Namibia;Brack;322;BCQ;HLLQ
595;Boca_Do_Acre;Brazil;Boca_Do_Acre;120;BCR;SWNK
596;Southern_Seaplane;United_States;Belle_Chasse;0;BCS;
597;Public;United_States;Boca_Raton;4;BCT;KBCT
598;Bauchi;Nigeria;Bauchi;604;BCU;DNBC
599;Belmopan;Belize;Belmopan;25;BCV;PABV
600;Benguera_Island;Mozambique;Benguera_Island;;BCW;
601;Beloreck;Russian_Federation;Beloreck;557;BCX;UWUB
602;Bulchi;Ethiopia;Bulchi;1372;BCY;HABU
603;Bickerton_Island;Australia;Bickerton_Island;;BCZ;
604;Kindley_Field;Bermuda;Bermuda;5;BDA;TXKF
605;Bundaberg;Australia;Bundaberg;33;BDB;YBUD
606;Barra_Do_Corda;Brazil;Barra_Do_Corda;155;BDC;SNBC
607;Badu_Island;Australia;Badu_Island;14;BDD;YBAU
608;Baudette;United_States;Baudette;331;BDE;KBDE
609;Rinkenberger;United_States;Bradford;246;BDF;KBDF
610;Blanding;United_States;Blanding;1788;BDG;KBDG
611;Bandar_Lengeh;Iran;Bandar_Lengeh;20;BDH;OIBL
612;Bird_Island;Seychelles;Bird_Island;2;BDI;FSSB
613;Sjamsudin_Noor;Indonesia;Banjarmasin;20;BDJ;WAOO
614;Bondoukou;"Cote_D&#039;Ivoire";Bondoukou;380;BDK;DIBU
615;Bradley_International;United_States;Windsor_Locks;53;BDL;KBDL
616;Bandirma;Turkey;Bandirma;52;BDM;LTBG
617;Talhar;Pakistan;Badin;9;BDN;OPTH
618;Husein_Sastranegara;Indonesia;Bandung;742;BDO;WICC
619;Bhadrapur;Nepal;Bhadrapur;95;BDP;VNCG
620;Vadodara;India;Vadodara;39;BDQ;VABO
621;Igor_I._Sikorsky_Mem.;United_States;Bridgeport;2;BDR;KBDR
622;Papola_Casale;Italy;Brindisi;14;BDS;LIBR
623;Kisangani;Democratic_Republic_Of_Congo;Gbadolite;460;BDT;FZFD
624;Bardufoss;Norway;Bardufoss;77;BDU;ENDU
625;Moba;Democratic_Republic_Of_Congo;Moba;900;BDV;FZRB
626;Bedford_Downs;Australia;Bedford_Downs;36;BDW;YBDF
627;Broadus;United_States;Broadus;1000;BDX;KBDX
628;State;United_States;Bandon;37;BDY;KBDY
629;Baindoung;Papua_New_Guinea;Baindoung;1280;BDZ;
630;Bereina;Papua_New_Guinea;Bereina;15;BEA;
631;Benbecula;United_Kingdom;Benbecula;6;BEB;EGPL
632;Beech;United_States;Wichita;429;BEC;KBEC
633;Hanscom_Field;United_States;Bedford/Hanscom;40;BED;KBED
634;Beagle_Bay;Australia;Beagle_Bay;15;BEE;YBGB
635;Bluefields;Nicaragua;Bluefields;12;BEF;MNBL
636;Nikola_Tesla;Serbia;Belgrade;102;BEG;LYBE
637;Ross_Field;United_States;Benton_Harbor;198;BEH;KBEH
638;Beica;Ethiopia;Beica;1649;BEI;HABE
639;Kalimaru;Indonesia;Tanjung_Redep;17;BEJ;WALK
640;Bareli;India;Bareli;;BEK;VIRB
641;Val_De_Cans;Brazil;Belem;16;BEL;SBBE
642;Bossembele;Central_African_Republic;Bossembele;518;BEM;GMMD
643;Benina_Intl;Libya;Benghazi;132;BEN;HLLB
644;Belmont;Australia;Newcastle;3;BEO;YPEC
645;Bellary;India;Bellary;9;BEP;VOBI
646;Honington;United_Kingdom;Bury_St_Edmunds;53;BEQ;EGXH
647;Berlin_Metropolitan_Area;Germany;Berlin;;BER;
648;Guipavas;France;Brest;99;BES;LFRB
649;Bethel_Airport;United_States;Bethel;39;BET;PABE
650;Bedourie;Australia;Bedourie;91;BEU;YBIE
651;Beer_Sheba;Israel;Beer_Sheba;200;BEV;LLBS
652;Beira;Mozambique;Beira;10;BEW;FQBR
653;RAF_Station;United_Kingdom;Benson;69;BEX;EGUB
654;Rafic_Hariri_International_Airport;Lebanon;Beirut;27;BEY;OLBA
655;Beru;Kiribati;Beru;2;BEZ;NGBR
656;Bahia_Negra;Paraguay;Bahia_Negra;219;BFA;KBFA
657;Blue_Fox_Bay;United_States;Blue_Fox_Bay;;BFB;KBUR
658;Bloomfield;Australia;Bloomfield;37;BFC;YBMD
659;Bradford;United_States;Bradford;653;BFD;KBFD
660;Bielefeld;Germany;Bielefeld;138;BFE;EDLI
661;Scotts_Bluff_County;United_States;Scottsbluff;1209;BFF;KBFF
662;Bullfrog_Basin;United_States;Bullfrog_Basin;1270;BFG;KBFG
663;Bacacheri;Brazil;Curitiba;932;BFH;KBUR
664;Boeing_Field/King_County_International_Airport;United_States;Seattle;6;BFI;KBFI
665;Ba;Fiji;Ba;18;BFJ;ZUBJ
666;Buffalo_Municipal_Airport;United_States;Buffalo;555;BFK;KBFK
667;Meadows_Field;United_States;Bakersfield;155;BFL;KBFL
668;Mob_Aerospace;United_States;Mobile;8;BFM;KBFM
669;Buffalo_Range;Zimbabwe;Buffalo_Range;433;BFO;FVCZ
670;Beaver_Falls;United_States;Beaver_Falls;382;BFP;KBVI
671;Bahia_Pinas;Panama;Bahia_Pinas;;BFQ;
672;Virgil_I_Grissom_Muni;United_States;Bedford;222;BFR;KBFR
673;Aldergrove_International_Airport;United_Kingdom;Belfast;82;BFS;EGAA
674;County;United_States;Beaufort;3;BFT;KARW
675;Bengbu;China;Bengbu;;BFU;ZSBB
676;Buri_Ram;Thailand;Buri_Ram;180;BFV;VTUO
677;Sidi_Belabbes;Algeria;Sidi_Belabbes;332;BFW;KBFW
678;Bafoussam;Cameroon;Bafoussam;1325;BFX;FKKU
679;Palo_Negro;Colombia;Bucaramanga;1189;BGA;SKBG
680;Booue;Gabon;Booue;184;BGB;FOGB
681;Braganca;Portugal;Braganca;683;BGC;LPBG
682;Borger;United_States;Borger;931;BGD;KBGD
683;Decatur_County;United_States;Bainbridge;43;BGE;KBGE
684;Bangui;Central_African_Republic;Bangui;368;BGF;FEFF
685;Bongouanou;"Cote_D&#039;Ivoire";Bongouanou;1059;BGG;LTCU
686;Abbaye;Mauritania;Boghe;20;BGH;GQNE
687;Grantley_Adams_International;Barbados;Bridgetown;52;BGI;TBPB
688;Borgarfjordur_Eystri;Iceland;Borgarfjordur_Eystri;24;BGJ;BIBF
689;Big_Creek;Belize;Big_Creek;5;BGK;MZBG
690;Baglung;Nepal;Baglung;990;BGL;VNBL
691;Greater_Binghamton;United_States;Binghamton_NY;498;BGM;KBGM
692;R.A.F.;Germany;Brueggen;27;BGN;UESG
693;Bergen_Airport_Flesland;Norway;Bergen;52;BGO;ENBR
694;Bongo;Gabon;Bongo;40;BGP;
695;Big_Lake;United_States;Big_Lake;49;BGQ;PAGQ
696;Bangor_International_Airport;United_States;Bangor;59;BGR;KBGR
697;Webb_AFB;United_States;Big_Spring;;BGS;KBGS
698;Bagdad;United_States;Bagdad;1279;BGT;KBGT
699;Bangassou;Central_African_Republic;Bangassou;520;BGU;FEFG
700;Bento_Goncalves;Brazil;Bento_Goncalves;673;BGV;SSBG
701;Al_Muthana;Iraq;Baghdad;35;BGW;ORBI
702;Airport_Cmdt._Gustavo_Kraemer;Brazil;Bage;183;BGX;SBBG
703;Orio_al_Serio;Italy;Bergamo;238;BGY;LIME
704;Braga;Portugal;Braga;75;BGZ;LPBR
705;Bahia_De_Caraquez;Ecuador;Bahia_De_Caraquez;3;BHA;SESV
706;Bar_Harbor;United_States;Bar_Harbor;25;BHB;KBHB
707;Bhurban_Heliport;United_States;Bhurban;61;BHC;KBHC
708;George_Best_Belfast_City;United_Kingdom;Belfast;5;BHD;EGAC
709;Woodbourne_Air_Station;New_Zealand;Blenheim;33;BHE;NZWB
710;Bahia_Cupica;Colombia;Bahia_Cupica;;BHF;SKCP
711;Brus_Laguna;Honduras;Brus_Laguna;3;BHG;MHBL
712;Bisha;Saudi_Arabia;Bisha;1185;BHH;OEBH
713;Comandante;Argentina;Bahia_Blanca;75;BHI;SAZB
714;Rudra_Mata;India;Bhuj;82;BHJ;VABJ
715;Bukhara;Uzbekistan;Bukhara;229;BHK;UTSB
716;Bahia_Angeles;Mexico;Bahia_Angeles;6;BHL;
717;Birmingham;United_Kingdom;Birmingham;198;BHM;KBHM
718;Beihan;Yemen;Beihan;1158;BHN;OYBN
719;Bhopal;India;Bhopal;524;BHO;VABP
720;Bhojpur;Nepal;Bhojpur;1208;BHP;VNBJ
721;Broken_Hill;Australia;Broken_Hill;292;BHQ;YBHI
722;Bharatpur_Airport;Nepal;Bharatpur;207;BHR;VNBP
723;Raglan;Australia;Bathurst;742;BHS;YBTH
724;Brighton_Downs;Australia;Brighton_Downs;174;BHT;YBTD
725;Bhavnagar;India;Bhavnagar;13;BHU;VABV
726;Bahawalpur;Pakistan;Bahawalpur;119;BHV;OPBW
727;Bhagatanwala_Apt;Pakistan;Sargodha;;BHW;CYYZ
728;Birmingham_International_Airport;United_Kingdom;Birmingham;104;BHX;EGBB
729;Beihai;China;Beihai;;BHY;ZGBH
730;Poretta;France;Bastia;8;BIA;LFKB
731;Baidoa;Somalia;Baidoa;463;BIB;HCMB
732;Big_Creek;United_States;Big_Creek;;BIC;CYLB
733;Block_Island;United_States;Block_Island;33;BID;KBID
734;Beatrice;United_States;Beatrice;403;BIE;KBIE
735;Biggs_Aaf;United_States;El_Paso;1203;BIF;KBIF
736;Intermediate_Field;United_States;Big_Delta;392;BIG;PABI
737;Bishop;United_States;Bishop;1257;BIH;KBIH
738;Enyu_Airfield;Marshall_Islands;Bikini_Atoll;3;BII;
739;Biliau;Papua_New_Guinea;Biliau;12;BIJ;KBIJ
740;Frans_Kaisepo;Indonesia;Biak;14;BIK;WABB
741;Billings;United_States;Billings;1116;BIL;KBIL
742;International;Bahamas;Bimini;3;BIM;MYBS
743;Bamiyan;Afghanistan;Bamiyan;2550;BIN;OABN
744;Sondica;Spain;Bilbao;42;BIO;LEBB
745;Bulimba;Australia;Bulimba;37;BIP;YBWM
746;Biarritz_Parme;France;Biarritz;75;BIQ;LFBZ
747;Biratnagar;Nepal;Biratnagar;75;BIR;VNVT
748;Bismarck;United_States;Bismarck;506;BIS;KBIS
749;Baitadi;Nepal;Baitadi;1258;BIT;VNBT
750;Bildudalur;Iceland;Bildudalur;5;BIU;BIBD
751;Bria;Central_African_Republic;Bria;602;BIV;FEFR
752;Billiluna;Australia;Billiluna;40;BIW;YBIL
753;Keesler_AFB;United_States;Biloxi;10;BIX;KBIX
754;Bisho;South_Africa;Bisho;594;BIY;FABE
755;Bimin;Papua_New_Guinea;Bimin;1676;BIZ;
756;Bejaia;Algeria;Bejaia;6;BJA;DAAE
757;Bojnord;Bosnia_And_Herzegovina;Bojnord;1066;BJB;OIMN
758;Jeffco;United_States;Broomfield;1729;BJC;KBJC
759;Bakkafjordur;Iceland;Bakkafjordur;26;BJD;BIBK
760;Batsfjord;Norway;Batsfjord;149;BJF;ENBS
761;Bolaang;Indonesia;Bolaang;;BJG;
762;Bajhang;Nepal;Bajhang;1224;BJH;VNBG
763;Bemidji;United_States;Bemidji;424;BJI;KBJI
764;Wayne_County;United_States;Wooster;346;BJJ;KBJJ
765;Benjina;Indonesia;Benjina;25;BJK;WAPK
766;Yundum_International;Gambia;Banjul;29;BJL;GBYD
767;International;Burundi;Bujumbura;787;BJM;HBBA
768;Bajone;Mozambique;Bajone;45;BJN;
769;Bermejo;Argentina;Bermejo;381;BJO;SLBJ
770;Braganca_Paulista;Brazil;Braganca_Paulista;;BJP;
771;Bahar_Dar;Ethiopia;Bahar_Dar;1821;BJR;HABD
772;Bentota_River;Sri_Lanka;Bentota_River;;BJT;SKBO
773;Bajura_Arpt;Nepal;Bajura;1404;BJU;VNBR
774;Milas_Airport;Turkey;Bodrum;6;BJV;LTFE
775;Bajawa;Indonesia;Bajawa;1319;BJW;WRKB
776;Del_Bajío_International;Mexico;León;1815;BJX;MMLO
777;Batajnica;Serbia;Belgrade;81;BJY;LYBT
778;Talaveral_La_Real;Spain;Badajoz;186;BJZ;LEBZ
779;Bykovo;Russian_Federation;Moscow;130;BKA;UUBB
780;Bikaner;India;Bikaner;229;BKB;VIBK
781;Buckland;United_States;Buckland;9;BKC;PABL
782;Stephens_County;United_States;Breckenridge;391;BKD;KBKD
783;Baker;United_States;Baker;1028;BKE;KBKE
784;Lake_Brooks_SPB;United_States;Katmai_National_Park;11;BKF;KBKF
785;Barking_Sands_PMRF;United_States;Kekaha;7;BKH;PHBK
786;Kota-Kinabalu_International_Airport;Malaysia;Kota-Kinabalu;3;BKI;WBKK
787;Boke;Guinea;Boke;50;BKJ;GUOK
788;Suvarnabhumi_International;Thailand;Bangkok;2;BKK;VTBS
789;Burke_Lakefront;United_States;Cleveland;178;BKL;KBKL
790;Bakalalan;Malaysia;Bakalalan;884;BKM;WBGQ
791;Birni_Nkoni;Niger;Birni_Nkoni;2;BKN;DRRB
792;Bamako;Mali;Bamako;380;BKO;GABS
793;Barkly_Downs;Australia;Barkly_Downs;244;BKP;YBAW
794;Blackall;Australia;Blackall;283;BKQ;YBCK
795;Bokoro;Chad;Bokoro;300;BKR;FTTK
796;Padangkemiling;Indonesia;Bengkulu;15;BKS;WIGG
797;Blackstone_AAF;United_States;Blackstone;133;BKT;KBKT
798;Betioky;Madagascar;Betioky;280;BKU;FMSV
799;Beckley;United_States;Beckley;763;BKW;KBKW
800;Brookings;United_States;Brookings;502;BKX;KBKX
801;Kavumu;Democratic_Republic_Of_Congo;Bukavu;1720;BKY;FZMA
802;Bukoba;Tanzania;Bukoba;1141;BKZ;HTBU
803;Gen_J_A_Anzoategui;Venezuela;Barcelona;8;BLA;SVBC
804;Balboa;Panama;Balboa;16;BLB;MPPA
805;Bamenda;Cameroon;Bali;1352;BLC;FKKG
806;Boulder_City;United_States;Boulder_City;671;BLD;KBVU
807;Dala_Airport;Sweden;Borlange;153;BLE;ESSD
808;Princeton;United_States;Princeton;871;BLF;KBLF
809;Belaga;Malaysia;Belaga;61;BLG;WBGC
810;Blythe;United_States;Blythe;122;BLH;KBLH
811;Bellingham;United_States;Bellingham;52;BLI;KBLI
812;Batna;Algeria;Batna;822;BLJ;DABT
813;Blackpool_Airport;United_Kingdom;Blackpool;10;BLK;EGNH
814;Billund;Denmark;Billund;75;BLL;EKBI
815;Monmouth_Executive_Airport;United_States;Belmar_-_Farmingdale;47;BLM;KBLM
816;Benalla;Australia;Benalla;173;BLN;YBLA
817;Blonduos;Iceland;Blonduos;40;BLO;BIBL
818;Bellavista;Peru;Bellavista;299;BLP;SPBL
819;Guglielmo_Marconi;Italy;Bologna;37;BLQ;LIPE
820;Bangalore_International_Airport;India;Bangalore;915;BLR;VOBL
821;Bollon;Australia;Bollon;182;BLS;YBLL
822;Blackwater;Australia;Blackwater;200;BLT;YBTR
823;Blue_Canyon;United_States;Blue_Canyon;1611;BLU;KBLU
824;Belleville;United_States;Belleville;140;BLV;KBLV
825;Bellows_Field;United_States;Waimanalo;3;BLW;KLEX
826;Belluno;Italy;Belluno;378;BLX;LIDB
827;Belmullet;Ireland;Belmullet;46;BLY;EIBT
828;Chileka;Malawi;Blantyre;779;BLZ;FWCL
829;Bromma;Sweden;Stockholm;14;BMA;ESSB
830;Bumba;Democratic_Republic_Of_Congo;Bumba;361;BMB;FZFU
831;Brigham_City;United_States;Brigham_City;1289;BMC;KBMC
832;Belo;Madagascar;Belo;47;BMD;FMML
833;Broome;Australia;Broome_Western_Australia;17;BME;YBRM
834;Bakouma;Central_African_Republic;Bakouma;500;BMF;FEGM
835;Bloomington;United_States;Bloomington;258;BMG;KBMG
836;Bomai;Papua_New_Guinea;Bomai;1000;BMH;
837;Central_Illinois_Regional_Airport_at_Bloomington-Normal;United_States;Bloomington/Normal_IL;265;BMI;KBMI
838;Baramita;Guyana;Baramita;152;BMJ;SYBR
839;Borkum;Germany;Borkum;1;BMK;EDWR
840;Berlin_Municipal_Airport;United_States;Berlin;354;BML;KBML
841;Bitam;Gabon;Bitam;600;BMM;FOOB
842;Bamerny;Iraq;Bamerny;1053;BMN;ORBB
843;Bhamo;Myanmar;Bhamo;113;BMO;VYBM
844;Brampton_Island;Australia;Brampton_Island;11;BMP;YBPI
845;Bamburi;Kenya;Bamburi;15;BMQ;
846;Baltrum;Germany;Baltrum_Island;2;BMR;EDWZ
847;Brumado;Brazil;Brumado;510;BMS;SNBU
848;Beaumont_Muni;United_States;Beaumont;9;BMT;KBMT
849;Bima;Indonesia;Bima;1;BMU;WADB
850;Phung-Duc;Vietnam;Banmethuot;527;BMV;VVBM
851;Bordj_Badji_Mokhtar;Algeria;Bordj_Badji_Mokhtar;397;BMW;DATM
852;Big_Mountain;United_States;Big_Mountain;202;BMX;PABM
853;Belep_Island;New_Caledonia;Belep_Island;93;BMY;NWWC
854;Bamu;Papua_New_Guinea;Bamu;6;BMZ;
855;Nashville_International;United_States;Nashville_TN;183;BNA;KBNA
856;Boende;Democratic_Republic_Of_Congo;Boende;356;BNB;FZGN
857;Beni;Democratic_Republic_Of_Congo;Beni;1072;BNC;FZNP
858;Bandar_Abbas;Iran;Bandar_Abbas;7;BND;OIKB
859;Brisbane_International;Australia;Brisbane;4;BNE;YBBN
860;Warm_Spring_Bay_SPB;United_States;Baranof;0;BNF;KBNF
861;Banning;United_States;Banning;677;BNG;KBNG
862;Barnes;United_States;Hartford;;BNH;VDPP
863;Benin_City;Nigeria;Benin_City;79;BNI;DNBE
864;Ballina_Byron_Gateway;Australia;Ballina;2;BNK;YBNA
865;Barnwell_Regional;United_States;Barnwell_SC;75;BNL;KBNL
866;Bodinumu;Papua_New_Guinea;Bodinumu;1120;BNM;
867;Bronnoy;Norway;Bronnoysund;8;BNN;ENBN
868;Burns;United_States;Burns;1264;BNO;KBNO
869;Bannu;Pakistan;Bannu;404;BNP;OPBN
870;Baganga;Philippines;Baganga;2;BNQ;RPUZ
871;Banfora;Burkina_Faso;Banfora;300;BNR;DFOB
872;Barinas;Venezuela;Barinas;203;BNS;SVBI
873;Bundi;Papua_New_Guinea;Bundi;1280;BNT;
874;Blumenau;Brazil;Blumenau;18;BNU;SSBL
875;Boana;Papua_New_Guinea;Boana;853;BNV;
876;Boone;United_States;Boone;354;BNW;KBNW
877;Banja_Luka;Bosnia_And_Herzegovina;Banja_Luka;122;BNX;LQBK
878;Bellona;Solomon_Islands;Bellona;17;BNY;AGGB
879;Banz;Papua_New_Guinea;Banz;1564;BNZ;
880;Boma;Democratic_Republic_Of_Congo;Boma;8;BOA;FZAJ
881;Motu-mute;French_Polynesia;Bora_Bora;3;BOB;NTTB
882;Bocas_Del_Toro;Panama;Bocas_Del_Toro;3;BOC;MPBO
883;Mérignac;France;Bordeaux;51;BOD;LFBD
884;Boundji;Congo;Boundji;380;BOE;FCOB
885;Bolling_AFB;Canada;Washington;6;BOF;KBOF
886;Eldorado_International;Colombia;Bogota;2548;BOG;SKBO
887;Bournemouth_International;United_Kingdom;Bournemouth;12;BOH;EGHH
888;Boise_Air_Terminal/Gowen_Field;United_States;Boise_ID;875;BOI;KBOI
889;Bourgas;Bulgaria;Bourgas;41;BOJ;LBBG
890;Brookings_State;United_States;Brookings;141;BOK;KBOK
891;Bally_Kelly;United_Kingdom;Bally_Kelly;;BOL;EGQB
892;Chhatrapati_Shivaji_International;India;Mumbai;11;BOM;VABB
893;Flamingo_International;Netherlands_Antilles;Kralendijk;6;BON;TNCB
894;Bodo;Norway;Bodo;13;BOO;ENBO
895;Bouar;Central_African_Republic;Bouar;1024;BOP;FEFO
896;Boku;Papua_New_Guinea;Boku;107;BOQ;
897;Fontaine;France;Belfort;358;BOR;VLBK
898;Logan_International;United_States;Boston;6;BOS;KBOS
899;Boset;Papua_New_Guinea;Boset;;BOT;
900;Bourges;France;Bourges;161;BOU;LFLD
901;Boang;Papua_New_Guinea;Boang;3;BOV;
902;Bartow;United_States;Bartow;38;BOW;KBOW
903;Borroloola;Australia;Borroloola;17;BOX;YBRL
904;Borgo;Burkina_Faso;Bobo_Dioulasso;461;BOY;DFOO
905;Bozoum;Central_African_Republic;Bozoum;675;BOZ;FEGZ
906;Grumman;United_States;Bethpage;;BPA;EGEP
907;Boridi;Papua_New_Guinea;Boridi;;BPB;
908;Bamenda;Cameroon;Bamenda;1239;BPC;FKKV
909;Bapi;Papua_New_Guinea;Bapi;838;BPD;
910;Bagan;Central_African_Republic;Bagan;;BPE;VYBG
911;Batuna_Aerodrome;Solomon_Islands;Batuna;;BPF;AGBT
912;Barra_Do_Garcas;Brazil;Barra_Do_Garcas;350;BPG;SBBW
913;Bislig;Philippines;Bislig;4;BPH;RPMF
914;Big_Piney-marbleton;United_States;Big_Piney;2131;BPI;KBPI
915;Biangabip;Papua_New_Guinea;Biangabip;283;BPK;KBPK
916;Sepingan;Indonesia;Balikpapan;4;BPN;WALL
917;Porto_Seguro;Brazil;Porto_Seguro;51;BPS;SBPS
918;Jefferson_County;United_States;Beaumont;4;BPT;KBPT
919;Beppu;Japan;Beppu;60;BPU;
920;Qamdo_Bangda;China;Bangda;4334;BPX;ZUBD
921;Besalampy;Madagascar;Besalampy;38;BPY;FMNQ
922;Baler;Philippines;Baler;33;BQA;RPUR
923;Bussellton;Australia;Bussellton;17;BQB;VOML
924;Bubaque;Guinea-Bissau;Bubaque;6;BQE;GGBU
925;London_Biggin_Hill;United_Kingdom;Biggin_Hill;182;BQH;EGKB
926;Bagani;Mali;Bagani;;BQI;KPBI
927;Glynco_Jetport;United_States;Brunswick;8;BQK;KBQK
928;Boulia;Australia;Boulia;165;BQL;YBOU
929;Borinquen;Puerto_Rico;Aguadilla;72;BQN;TJBQ
930;Bouna;"Cote_D&#039;Ivoire";Bouna;350;BQO;DIBN
931;Barra;United_Kingdom;Barra;410;BQQ;SNBX
932;Ignatievo;Russian_Federation;Blagoveschensk;195;BQS;UHBB
933;Brest;Belarus;Brest;143;BQT;UMBB
934;J.F._Mitchell;Saint_Vincent_and_the_Grenadines;Bequia;5;BQU;TVSB
935;Bartlett_SPB;United_States;Gustavus;0;BQV;KBQV
936;Balgo_Hills;Australia;Balgo_Hills;439;BQW;YBGO
937;Barreiras;Brazil;Barreiras;747;BRA;SNBR
938;Barreirinhas;Brazil;Barreirinhas;4;BRB;SSRS
939;International;Argentina;San_Carlos_DeBariloche;846;BRC;SAZS
940;Brainerd_Lakes_Regional;United_States;Brainerd_MN;376;BRD;KBRD
941;Bremen;Germany;Bremen;4;BRE;EDDW
942;Bradford;United_Kingdom;Bradford;;BRF;
943;Municipal;United_States;Whitesburg;609;BRG;HEBA
944;Brahman;Papua_New_Guinea;Brahman;152;BRH;
945;Palese;Italy;Bari;54;BRI;LIBD
946;Bright;Australia;Bright;;BRJ;
947;Bourke;Australia;Bourke;107;BRK;YBKE
948;Burlington;United_States;Burlington;213;BRL;KBRL
949;Barquisimeto;Venezuela;Barquisimeto;622;BRM;SVBM
950;Belp;Switzerland;Berne;510;BRN;LSZB
951;South_Padre_Is._Intl;United_States;Brownsville;7;BRO;KBRO
952;Biaru;Papua_New_Guinea;Biaru;1433;BRP;
953;Turany;Czech_Republic;Brno;237;BRQ;LKTB
954;North_Bay;United_Kingdom;Barra;2;BRR;EGPR
955;Bristol;United_Kingdom;Bristol;190;BRS;EGGD
956;Bathurst_Island;Australia;Bathurst_Island;20;BRT;YBTI
957;Brussels_Airport;Belgium;Brussels;56;BRU;EBBR
958;Bremerhaven;Germany;Bremerhaven;3;BRV;EDWB
959;Wiley_Post/W.Rogers_M;United_States;Barrow;15;BRW;PABR
960;Barahona;Dominican_Republic;Barahona;3;BRX;MDBH
961;Samuels_Field;United_States;Bardstown_KY;204;BRY;KBRY
962;Borotou;"Cote_D&#039;Ivoire";Borotou;;BRZ;
963;Bossaso;Somalia;Bossaso;1;BSA;HCMF
964;Presidente_Juscelino_Kubitschek;Brazil;Brasilia;1066;BSB;SBBR
965;Bahia_Solano;Colombia;Bahia_Solano;24;BSC;SKBS
966;Baoshan;China;Baoshan;;BSD;ZPBS
967;Sematan;Malaysia;Sematan;3;BSE;WBGN
968;Bradshaw_AAF;Finland;Pohakuloa;1887;BSF;PHSF
969;Bata;Equatorial_Guinea;Bata;4;BSG;FGBT
970;Brighton;United_Kingdom;Brighton;2;BSH;EGKA
971;Blairsville;United_States;Blairsville;8;BSI;RPLE
972;Bairnsdale;Australia;Bairnsdale;50;BSJ;YBNS
973;Biskra;Algeria;Biskra;88;BSK;DAUB
974;Euroairport_Basel_Mulhouse_Freiburg;Switzerland;Mulhouse/basel;269;BSL;LFSB
975;Bishe-kola;Iran;Bishe-kola;;BSM;OINJ
976;Bossangoa;Central_African_Republic;Bossangoa;499;BSN;FEFS
977;Basco;Philippines;Basco;89;BSO;RPUO
978;Bensbach;Papua_New_Guinea;Bensbach;9;BSP;AYBH
979;Bisbee_Municipal_Arpt;United_States;Bisbee;1457;BSQ;KBSQ
980;International;Iraq;Basra;3;BSR;ORMM
981;Balsas;Brazil;Balsas;283;BSS;SNBS
982;Bost;Afghanistan;Bost;751;BST;OABT
983;Basankusu;Zaire;Basankusu;371;BSU;FZEN
984;Besakoa;Papua_New_Guinea;Besakoa;18;BSV;
985;Boswell_Bay;United_States;Boswell_Bay;70;BSW;KBSW
986;Bassein;Myanmar;Bassein;6;BSX;VYPN
987;Bardera;Somalia;Bardera;1280;BSY;HCMD
988;Bartletts;United_States;Bartletts;;BSZ;SJJS
989;Yaoundé;Cameroon;Yaoundé;650;BTA;FKKO
990;Betou;Congo;Betou;356;BTB;FCOT
991;Batticaloa;Sri_Lanka;Batticaloa;6;BTC;VCCB
992;Brunette_Downs;Australia;Brunette_Downs;218;BTD;YBRU
993;Bonthe;Sierra_Leone;Bonthe;4;BTE;GFBN
994;Salt_Lake_Skypark;United_States;Bountiful;1291;BTF;KBTF
995;Batangafo;Central_African_Republic;Batangafo;420;BTG;FEGF
996;Hang_Nadim;Indonesia;Batam;38;BTH;WIDD
997;Barter_Island;United_States;Barter_Island;17;BTI;PABA
998;Sultan_Lskandarmuda_Airport;Indonesia;Banda_Aceh;20;BTJ;WITT
999;Bratsk;Russian_Federation;Bratsk;491;BTK;UIBB
1000;WK_Kellogg_Regional;United_States;Battle_Creek;290;BTL;KBTL
1001;Bert_Mooney_Airport;United_States;Butte_(MT);1692;BTM;KBTM
1002;Bennettsville;United_States;Bennettsville;45;BTN;KBBP
1003;Botopasie;Suriname;Botopasie;74;BTO;SMBO
1004;Butler_County_-_Kenny_Scholter_Field;United_States;Butler;380;BTP;KBTP
1005;Butare;Rwanda;Butare;1768;BTQ;HRYI
1006;Ryan;United_States;Baton_Rouge;21;BTR;KBTR
1007;M._R._Štefánika;Slovakia;Bratislava;133;BTS;LZIB
1008;Bettles;United_States;Bettles;197;BTT;PABT
1009;Bintulu;Malaysia;Bintulu;23;BTU;WBGB
1010;Burlington_International;United_States;Burlington;102;BTV;KBTV
1011;Batu_Licin;Indonesia;Batu_Licin;1;BTW;WAOC
1012;Betoota;Australia;Betoota;76;BTX;YBEO
1013;Beatty;United_States;Beatty;966;BTY;KBTY
1014;Bursa_Airport;Turkey;Bursa;225;BTZ;VTSY
1015;Buka;Papua_New_Guinea;Buka;3;BUA;AYBK
1016;Municipal;United_States;Burwell;665;BUB;KBUB
1017;Burketown;Australia;Burketown;6;BUC;YBKT
1018;Ferihegy;Hungary;Budapest;151;BUD;LHBP
1019;Gen_V_Deslandes;Angola;Benguela;36;BUG;FNBG
1020;Bokondini;Indonesia;Bokondini;1348;BUI;WAJB
1021;Ain_Eddis;Algeria;Boussaada;459;BUJ;DAAD
1022;Albuq;Yemen;Albuq;1158;BUK;OYBQ
1023;Bulolo;Papua_New_Guinea;Bulolo;668;BUL;AYBU
1024;Butler;United_States;Butler;272;BUM;KBUM
1025;Buenaventura;Colombia;Buenaventura;15;BUN;SKBU
1026;Burao;Ethiopia;Burao;1036;BUO;HCMV
1027;Bhatinda;India;Bhatinda;202;BUP;VIBT
1028;Bulawayo;Zimbabwe;Bulawayo;1329;BUQ;FVJN
1029;Bob_Hope;United_States;Burbank;237;BUR;KBUR
1030;Batumi;Georgia;Batumi;11;BUS;UGSB
1031;Burtonwood;United_Kingdom;Burtonwood;2580;BUT;VQBT
1032;Buyo;"Cote_D&#039;Ivoire";Buyo;;BUU;
1033;Bella_Union;Uruguay;Bella_Union;83;BUV;SUBU
1034;Baubau;Indonesia;Baubau;34;BUW;WAWB
1035;Bunia;Democratic_Republic_Of_Congo;Bunia;1233;BUX;FZKA
1036;Bunbury;Australia;Bunbury;16;BUY;YBUN
1037;Bushehr;Iran;Bushehr;21;BUZ;OIBB
1038;Beauvais-Tille;France;Paris;109;BVA;LFOB
1039;Boa_Vista;Brazil;Boa_Vista;84;BVB;SBBV
1040;Rabil;Cape_Verde;Boa_Vista;21;BVC;GVBA
1041;Sea_Port;United_States;Beaver_Inlet;;BVD;NTAA
1042;Laroche;France;Brive-La-Gaillarde;310;BVE;LFSL
1043;Dama;Fiji;Bua;18;BVF;NFNU
1044;Berlevag;Norway;Berlevag;13;BVG;ENBV
1045;Vilhena;Brazil;Vilhena;615;BVH;SBVH
1046;Birdsville;Australia;Birdsville_Queensland;48;BVI;YBDV
1047;Huacaraje;Bolivia;Huacaraje;;BVK;SLHJ
1048;Baures;Bolivia;Baures;;BVL;SLBA
1049;Belmonte;Brazil;Belmonte;10;BVM;SNBL
1050;Bartlesville;United_States;Bartlesville;218;BVO;KBVO
1051;Bolovip;Papua_New_Guinea;Bolovip;1372;BVP;
1052;Esperadinha;United_States;Brava;;BVR;GVBR
1053;Breves;Brazil;Breves;30;BVS;SNVS
1054;Beluga;United_States;Beluga;27;BVU;PABG
1055;Batavia_Downs;Australia;Batavia_Downs;91;BVW;YBTV
1056;Municipal;United_States;Batesville;142;BVX;KBVX
1057;Beverly_Municiple_Airport;United_States;Beverly;33;BVY;KBVY
1058;Beverley_Springs;Australia;Beverley_Springs;385;BVZ;YBYS
1059;Bhairawa;Nepal;Bhairawa;105;BWA;VNBW
1060;Barrow_Island;Australia;Barrow_Island;8;BWB;YBWX
1061;Brawley;United_States;Brawley;;BWC;KBWC
1062;Brownwood;United_States;Brownwood;422;BWD;KBWD
1063;Braunschweig;Germany;Braunschweig;90;BWE;EDVE
1064;Walney_Island;United_Kingdom;Barrow-In-Furness;53;BWF;EGNL
1065;Warren_County;United_States;Bowling_Green;167;BWG;KBWG
1066;Butterworth;Malaysia;Butterworth;3;BWH;WMKB
1067;Baltimore/Washington_International_Thurgood_Marshall_Airport;United_States;Baltimore/Washington;44;BWI;KBWI
1068;Bawan;Papua_New_Guinea;Bawan;1311;BWJ;
1069;Bol;Croatia;Bol;541;BWK;LDSB
1070;Blackwell;United_States;Blackwell;321;BWL;KBWL
1071;Bowman;United_States;Bowman;904;BWM;KBWW
1072;Bandar_Seri_Begwan_International_Airport;Brunei_Darussalam;Bandar_Seri_Begawan;22;BWN;WBSB
1073;Balakovo;Russian_Federation;Balakovo;29;BWO;UWSB
1074;Bewani;Papua_New_Guinea;Bewani;160;BWP;
1075;Brewarrina;Australia;Brewarrina;126;BWQ;YBRW
1076;Blaine;United_States;Blaine;23;BWS;KBWS
1077;Burnie_Wynyard;Australia;Burnie;19;BWT;YWYY
1078;Sydney_Bankstown;Australia;Sydney;9;BWU;YSBK
1079;Bentwaters_St;United_Kingdom;Woodbridge;26;BWY;
1080;George_R_Carr;United_States;Bogalusa;36;BXA;KBXA
1081;Babo;Indonesia;Babo;3;BXB;WASO
1082;Boxborough;United_States;Boxborough;;BXC;KBIF
1083;Bade;Indonesia;Bade;7;BXD;WAKE
1084;Bakel;Senegal;Bakel;30;BXE;GOTB
1085;Belburn;Norway;Belburn;;BXF;VOML
1086;Bendigo;Australia;Bendigo;92;BXG;KBXG
1087;Balhash;Kazakhstan;Balhash;441;BXH;UAAH
1088;Boundiali;"Cote_D&#039;Ivoire";Boundiali;392;BXI;DIBI
1089;Burundai;Kazakhstan;Burundai;;BXJ;KPBI
1090;Buckeye_Municipal;United_States;Buckeye;315;BXK;KBXK
1091;Blue_Lagoon;Fiji;Blue_Lagoon;;BXL;
1092;Batom;Indonesia;Batom;118;BXM;WABM
1093;Imsik_Airport;Turkey;Bodrum;62;BXN;LTBV
1094;Buochs;Guinea-Bissau;Buochs;450;BXO;LSZC
1095;Bam;Iran;Bam;985;BXR;OIKM
1096;Borrego_Springs;United_States;Borrego_Springs;159;BXS;KBXS
1097;Bontang;Indonesia;Bontang;15;BXT;WALC
1098;Butuan;Philippines;Butuan;43;BXU;RPME
1099;Breiddalsvik;Iceland;Breiddalsvik;;BXV;BIBV
1100;Borama_International;Somalia;Borama;;BXX;
1101;Bunsil;Papua_New_Guinea;Bunsil;;BXZ;LEMG
1102;Boundary;United_States;Boundary;896;BYA;KBYA
1103;Dibaa;United_Arab_Emirates;Dibaa;20;BYB;
1104;Yacuiba;Bolivia;Yacuiba;645;BYC;SLYA
1105;Beidah;Yemen;Beidah;1865;BYD;OYBI
1106;Municipal;United_States;Buffalo;1515;BYG;KBYG
1107;Blytheville_AFB;United_States;Blytheville;77;BYH;KBYH
1108;Rupert;United_States;Rupert;1266;BYI;KBYI
1109;Bouake;"Cote_D&#039;Ivoire";Bouake;375;BYK;DIBK
1110;Bella_Yella;Liberia;Bella_Yella;219;BYL;
1111;C.M._de_Cespedes;Cuba;Bayamo;62;BYM;MUBY
1112;Bayankhongor;Mongolia;Bayankhongor;1855;BYN;ZMBH
1113;Bonito_Airport;Brazil;Bonito;;BYO;
1114;Bunyu;Indonesia;Bunyu;36;BYQ;WALV
1115;Laeso_Airport;Denmark;Laeso_Island;8;BYR;EKLS
1116;Bicycle_Lake_AAF;United_States;Fort_Irwin;716;BYS;KBYS
1117;Bantry;Ireland;Bantry;2;BYT;EIBN
1118;Bindlacher-Berg;Germany;Bayreuth;488;BYU;EDQD
1119;Blakely_Island;United_States;Blakely_Island;20;BYW;KBYW
1120;Baniyala;Australia;Baniyala;;BYX;
1121;San_Pedro;Nicaragua;Bonanza;182;BZA;MNBZ
1122;Bazaruto_Island;Mozambique;Bazaruto_Island;;BZB;
1123;Buzios;Brazil;Buzios;3;BZC;SBBZ
1124;Balranald;Australia;Balranald;64;BZD;YBRN
1125;Philip_S.W.Goldson_Int;Belize;Belize_City;5;BZE;MZBZ
1126;Bydgoszcz_I._J._Paderewski_Airport;Poland;Bydgoszcz;72;BZG;EPBY
1127;Bumi_Hills;Zimbabwe;Bumi_Hills;;BZH;
1128;Balikesir;Turkey;Balikesir;104;BZI;LTBF
1129;Briansk;Russian_Federation;Briansk;203;BZK;UUBP
1130;Barisal;Bangladesh;Barisal;7;BZL;VGBR
1131;Woensdrecht;Netherlands;Bergen_Op_Zoom;19;BZM;EHWO
1132;Gallatin_Field;United_States;Bozeman;1363;BZN;KBZN
1133;Bolzano;Italy;Bolzano;240;BZO;LIPB
1134;Bizant;Australia;Bizant;30;BZP;YBIZ
1135;Beziers_Vias;France;Beziers;17;BZR;LFMU
1136;Buzzards_Pt_S;United_States;Washington;;BZS;KBZS
1137;Hinkles_Ferry;United_States;Brazoria;8;BZT;EGAC
1138;Buta;Democratic_Republic_Of_Congo;Buta;420;BZU;FZKJ
1139;Maya_Maya;Congo;Brazzaville;319;BZV;FCBB
1140;Beltsy;Moldova;Beltsy;231;BZY;LUBL
1141;Raf_Brize_Norton;United_Kingdom;Oxford;88;BZZ;EGVN
1142;Catacamas;Honduras;Catacamas;454;CAA;MHCA
1143;Cabinda;Angola;Cabinda;20;CAB;FNCA
1144;Cascavel;Brazil;Cascavel;754;CAC;SBCA
1145;Cadillac;United_States;Cadillac;398;CAD;KCAD
1146;Metropolitan_Airport;United_States;Columbia_SC;72;CAE;KCAE
1147;Carauari;Brazil;Carauari;108;CAF;SWCA
1148;Elmas;Italy;Cagliari;4;CAG;LIEE
1149;Ca_Mau;Vietnam;Ca_Mau;3;CAH;VVCM
1150;Cairo_International;Egypt;Cairo;116;CAI;HECA
1151;Canaima;Venezuela;Canaima;442;CAJ;SVCN
1152;Akron/canton_Regional;United_States;Akron/Canton_OH;373;CAK;KCAK
1153;Machrihanish;United_Kingdom;Campbeltown;13;CAL;EGEC
1154;Camiri;Bolivia;Camiri;797;CAM;SLCA
1155;New_Baiyun;China;Guangzhou;15;CAN;ZGGG
1156;Clayton;United_States;Clayton;1515;CAO;KCAO
1157;Cap_Haitien;Haiti;Cap_Haitien;3;CAP;MTCH
1158;Caucasia;Colombia;Caucasia;53;CAQ;SKCU
1159;Municipal;United_States;Caribou;189;CAR;KCAR
1160;Anfa;Morocco;Casablanca;62;CAS;GMMC
1161;New_Bight;Bahamas;Cat_Island;99;CAT;LPCS
1162;Caruaru;Brazil;Caruaru;576;CAU;SNRU
1163;Cazombo;Angola;Cazombo;1128;CAV;FNCZ
1164;Bartolomeu_Lisandro;Brazil;Campos;17;CAW;SBCP
1165;Carlisle;United_Kingdom;Carlisle;58;CAX;EGNC
1166;Rochambeau;French_Guiana;Cayenne;8;CAY;SOCA
1167;Cobar;Australia;Cobar;221;CAZ;YCBA
1168;Corner_Bay;United_States;Corner_Bay;;CBA;CYYR
1169;J_Wilsterman;Bolivia;Cochabamba;2548;CBB;SLCB
1170;Cherrabun;Australia;Cherrabun;152;CBC;
1171;Car_Nicobar;India;Car_Nicobar;2;CBD;VOCX
1172;Wiley_Ford;United_States;Cumberland;236;CBE;KCBE
1173;Municipal;United_States;Council_Bluffs;379;CBF;KCBF
1174;Cambridge;United_Kingdom;Cambridge;14;CBG;EGSC
1175;Leger;Algeria;Bechar;811;CBH;DAOR
1176;Cape_Barren_Island;Australia;Cape_Barren_Island;50;CBI;YCBN
1177;Cabo_Rojo;Dominican_Republic;Cabo_Rojo;80;CBJ;MDCR
1178;Municipal;United_States;Colby;972;CBK;KCBK
1179;Ciudad_Bolivar;Venezuela;Ciudad_Bolivar;60;CBL;SVCB
1180;Columbus_AFB;United_States;Columbus;66;CBM;KCBM
1181;Penggung;Indonesia;Cirebon;27;CBN;WICD
1182;Awang;Philippines;Cotabato;58;CBO;RPMC
1183;Coimbra;Portugal;Coimbra;179;CBP;LPCO
1184;Calabar;Nigeria;Calabar;64;CBQ;DNCA
1185;Canberra;Australia;Canberra;575;CBR;YSCB
1186;Oro_Negro;Venezuela;Cabimas;50;CBS;SVON
1187;Catumbela;Angola;Catumbela;4;CBT;FNCT
1188;Cottbus;Germany;Cottbus;84;CBU;EDCD
1189;Coban;Guatemala;Coban;1323;CBV;MGCB
1190;Campo_Mourao;Brazil;Campo_Mourao;565;CBW;SSKM
1191;Condobolin;Australia;Condobolin;198;CBX;YCDO
1192;Canobie;Australia;Canobie;61;CBY;YCBE
1193;Cabin_Creek;United_States;Cabin_Creek;;CBZ;SDCF
1194;Chaffee_AFB;Haiti;Fort_Chaffee;157;CCA;KCCA
1195;Cable_Airport;United_States;Upland_CA;440;CCB;KCCB
1196;Cayo_Coco;Cuba;Cayo_Coco;2;CCC;MUOC
1197;Century_City;United_States;Los_Angeles;144;CCD;
1198;Grand_Case;Guadeloupe;St_Martin;7;CCE;TFFG
1199;Salvaza;France;Carcassonne;132;CCF;LFMK
1200;Crane_County_Arpt;United_States;Crane;778;CCG;KCCG
1201;Chile_Chico;Chile;Chile_Chico;326;CCH;SCCC
1202;Concordia;Brazil;Concordia;750;CCI;SSCK
1203;Kozhikode_Airport;India;Kozhikode;104;CCJ;VOCL
1204;Cocos_Islands;Cocos_(Keeling)_Islands;Cocos_Islands;3;CCK;YPCC
1205;Chinchilla;Australia;Chinchilla;313;CCL;YCCA
1206;Criciuma;Brazil;Criciuma;28;CCM;SSIM
1207;Chakcharan;Afghanistan;Chakcharan;2250;CCN;OACC
1208;Carimagua;Colombia;Carimagua;213;CCO;SKCI
1209;Carriel_Sur;Chile;Concepcion;8;CCP;SCIE
1210;Cachoeira;Brazil;Cachoeira;;CCQ;
1211;Buchanan_Fld;United_States;Concord;8;CCR;KCCR
1212;Simon_Bolivar_International_Airport;Venezuela;Caracas;72;CCS;SVMI
1213;Colonia_Catriel;Argentina;Colonia_Catriel;313;CCT;
1214;Netaji_Subhas_Chandra;India;Kolkata;5;CCU;VECC
1215;Craig_Cove;Vanuatu;Craig_Cove;21;CCV;NVSF
1216;Cowell;Australia;Cowell;38;CCW;YCWL
1217;Caceres;Brazil;Caceres;151;CCX;SWKC
1218;Municipal;United_States;Charles_City;343;CCY;KCCY
1219;Chub_Cay;Bahamas;Chub_Cay;2;CCZ;MYBC
1220;Cooinda;Australia;Cooinda;13;CDA;YCOO
1221;Cold_Bay;United_States;Cold_Bay;30;CDB;PACD
1222;Cedar_City;United_States;Cedar_City;1714;CDC;KCDC
1223;Cauquira;Honduras;Cauquira;;CDD;
1224;Caledonia;Panama;Caledonia;10;CDE;ZBCD
1225;Charles_De_Gaulle;France;Paris;119;CDG;LFPG
1226;Harrell_Fld;United_States;Camden;39;CDH;KCDH
1227;Cachoeiro_Itapemirim;Brazil;Cachoeiro_Itapemirim;30;CDI;MMCD
1228;Conceicao_Do_Araguaia;Brazil;Conceicao_Do_Araguaia;199;CDJ;SBAA
1229;Lewis;United_States;Cedar_Key;3;CDK;KCDK
1230;Candle;United_States;Candle;5;CDL;KCDL
1231;Woodward_Fld;United_States;Camden;92;CDN;KCDN
1232;Cradock;South_Africa;Cradock;948;CDO;FACD
1233;Cuddapah;India;Cuddapah;131;CDP;VOCP
1234;Croydon;Australia;Croydon;107;CDQ;YCRY
1235;Chadron;United_States;Chadron;1005;CDR;KCDR
1236;Childress;United_States;Childress;595;CDS;KCDS
1237;Camden;Australia;Camden;70;CDU;YSCN
1238;Mudhole_Smith;United_States;Cordova;16;CDV;PACV
1239;Caldwell_Wright;United_States;Caldwell_NJ;52;CDW;KCDW
1240;Cagayan_De_Sulu;Philippines;Cagayan_De_Sulu;30;CDY;RPMU
1241;Cadiz;Spain;Cadiz;;CDZ;
1242;Cessna_Aircraft_Field;United_States;Wichita;420;CEA;KCEA
1243;Mactan-Cebu_International;Philippines;Cebu;9;CEB;RPVM
1244;Mc_Namara_Fld;United_States;Crescent_City;18;CEC;KCEC
1245;Ceduna;Australia;Ceduna;23;CED;YCDU
1246;Cherepovets;Russian_Federation;Cherepovets;115;CEE;ULWC
1247;Westover_Metro_Arpt;United_States;Springfield;73;CEF;KCEF
1248;Chester;United_Kingdom;Chester;14;CEG;EGNR
1249;Chelinda;Malawi;Chelinda;;CEH;ZBCD
1250;Chiang_Rai;Thailand;Chiang_Rai;390;CEI;VTCT
1251;Chernigov;Ukraine;Chernigov;136;CEJ;UKKL
1252;Chelyabinsk;Russian_Federation;Chelyabinsk;235;CEK;USCC
1253;Cape_Eleuthera;Bahamas;Cape_Eleuthera;830;CEL;SSCN
1254;Central;United_States;Central;285;CEM;PACE
1255;Ciudad_Obregon;Mexico;Ciudad_Obregon;62;CEN;MMCN
1256;Waco_Kungo;Angola;Waco_Kungo;1318;CEO;FNWK
1257;Concepcion;Bolivia;Concepcion;494;CEP;SLCP
1258;Mandelieu;France;Cannes;4;CEQ;LFMD
1259;Maupertus;France;Cherbourg;140;CER;LFRC
1260;Cessnock;Australia;Cessnock;64;CES;YCNK
1261;Le_Pontreau;France;Cholet;135;CET;LFOU
1262;Oconee_County;United_States;Clemson;271;CEU;KCEU
1263;Mettle_Field;United_States;Connersville;264;CEV;KCEV
1264;Bob_Sikes;United_States;Crestview;65;CEW;KCEW
1265;Chena_Hot_Springs;United_States;Chena_Hot_Springs;364;CEX;KCEX
1266;Calloway_County;United_States;Murray;176;CEY;KCEY
1267;Montezuma_County;United_States;Cortez;1804;CEZ;KCEZ
1268;Coffee_Point;United_States;Coffee_Point;;CFA;CYYR
1269;Cabo_Frio;Brazil;Cabo_Frio;4;CFB;SBCB
1270;Cacador;Brazil;Cacador;;CFC;SPIM
1271;Coulter_Field;Jamaica;Bryan;112;CFD;KCFD
1272;Aulnat;France;Clermont-Ferrand;332;CFE;LFLC
1273;Cafunfo;Angola;Cafunfo;;CFF;FNCF
1274;Cienfuegos;Cuba;Cienfuegos;31;CFG;MUCF
1275;Clifton_Hills;Australia;Clifton_Hills;36;CFH;YCFH
1276;Camfield;Australia;Camfield;131;CFI;YCFD
1277;Chefornak;United_States;Chefornak_AK;12;CFK;PACK
1278;Donegal;Ireland;Carrickfinn;9;CFN;EIDL
1279;Confreza;Brazil;Confreza;238;CFO;SJHG
1280;Carpentaria_Downs;Australia;Carpentaria_Downs;457;CFP;YCPN
1281;Creston_Valley_Airport;Canada;Creston;631;CFQ;SBCH
1282;Carpiquet;France;Caen;78;CFR;LFRK
1283;Coffs_Harbour;Australia;Coffs_Harbour;5;CFS;YCFS
1284;Morenci;United_States;Clifton;1157;CFT;KCFT
1285;Ioannis_Kapodistrias;Greece;Kerkyra;2;CFU;LGKR
1286;Municipal;United_States;Coffeyville;230;CFV;KCFV
1287;Craig_SPB;United_States;Craig;0;CGA;KCGA
1288;Intl._Airpt._Marechal_Rondon;Brazil;Cuiaba;188;CGB;SBCY
1289;Cape_Gloucester;Papua_New_Guinea;Cape_Gloucester;24;CGC;AYCG
1290;Changde;China;Changde;;CGD;ZGCD
1291;Cambridge;United_States;Cambridge;6;CGE;KCGE
1292;Cuyahoga_County;United_States;Cleveland;267;CGF;KCGF
1293;Casiguran;Philippines;Casiguran;;CGG;
1294;Congonhas;Brazil;Sao_Paulo;802;CGH;SBSP
1295;Cape_Girardeau;United_States;Cape_Girardeau;104;CGI;KCGI
1296;Chingola;Zambia;Chingola;1413;CGJ;FLKE
1297;Mambajao;Philippines;Camiguin;16;CGM;RPMH
1298;Cologne/bonn;Germany;Cologne;92;CGN;EDDK
1299;Zhengzhou;China;Zhengzhou;151;CGO;ZHCC
1300;Patenga;Bangladesh;Chittagong;4;CGP;VGEG
1301;Changchun;China;Changchun;215;CGQ;ZYCC
1302;Intl._Airport_Campo_Grande;Brazil;Campo_Grande;559;CGR;SBCG
1303;College_Park;United_States;College_Park;15;CGS;KCGS
1304;Chinguitti;Mauritania;Chinguitti;350;CGT;GQPC
1305;Ciudad_Guayana;Venezuela;Ciudad_Guayana;144;CGU;SVPR
1306;Caiguna;Australia;Caiguna;;CGV;YCAG
1307;Merrill_C_Meigs_(closed);United_States;Chicago;181;CGX;
1308;Cagayan_De_Oro_Domestic_Airport;Philippines;Cagayan_De_Oro;58;CGY;RPMY
1309;Municipal;United_States;Casa_Grande;446;CGZ;KCGZ
1310;Lovell_Field;United_States;Chattanooga_TN;208;CHA;KCHA
1311;Chilas;Pakistan;Chilas;1264;CHB;OPCL
1312;Christchurch_International;New_Zealand;Christchurch;37;CHC;NZCH
1313;Williams_Gateway_Airport;United_States;Mesa;1055;CHD;SNQU
1314;Reenroe;Ireland;Caherciveen;;CHE;
1315;Jinhae;Korea_(South);Jinhae;2;CHF;RKPE
1316;Chaoyang_Airport;China;Chaoyang;;CHG;ZYCY
1317;Chachapoyas;Peru;Chachapoyas;2540;CHH;SPPY
1318;Chicago_FSS;United_States;Chicago;203;CHI;KCHI
1319;Chipinge;Zimbabwe;Chipinge;1134;CHJ;FVCH
1320;Municipal;United_States;Chickasha;351;CHK;KCHK
1321;Challis;United_States;Challis;1547;CHL;KLLJ
1322;Chimbote;Peru;Chimbote;21;CHM;SPEO
1323;Jeonju;Korea_(South);Jeonju;29;CHN;RKJU
1324;Albemarle;United_States;Charlottesville;195;CHO;KCHO
1325;Circle_Hot_Springs;United_States;Circle_Hot_Springs;265;CHP;KCHP
1326;Souda;Greece;Chania;149;CHQ;LGSA
1327;Chateauroux;France;Chateauroux;161;CHR;LFLX
1328;Charleston__AFB_Municipal;United_States;Charleston_SC;14;CHS;KCHS
1329;Karewa;New_Zealand;Chatham_Island;13;CHT;NZCI
1330;Chuathbaluk;United_States;Chuathbaluk;74;CHU;PACH
1331;Chaves;Portugal;Chaves;360;CHV;LPCH
1332;Jiuhuang;China;Jiuquan;;CHW;ZLJQ
1333;Changuinola;Panama;Changuinola;6;CHX;MPCH
1334;Choiseul_Bay;Solomon_Islands;Choiseul_Bay;2;CHY;AGGC
1335;State;United_States;Chiloquin;1287;CHZ;KCHZ
1336;Ciampino;Italy;Rome;130;CIA;LIRA
1337;Ap_In_The_Sky;United_States;Catalina_Island;488;CIB;KAVX
1338;Chico;United_States;Chico;73;CIC;KCIC
1339;Cedar_Rapids;United_States;Cedar_Rapids;265;CID;KCID
1340;Collie;Australia;Collie;244;CIE;YCOI
1341;Chifeng;China;Chifeng;615;CIF;ZBCF
1342;Craig-Moffat;United_States;Craig;1889;CIG;KCAG
1343;Changzhi;China;Changzhi;;CIH;ZBCZ
1344;E._Beltram;Brazil;Cobija;272;CIJ;SLCO
1345;Chalkyitsik;United_States;Chalkyitsik;167;CIK;PACI
1346;Melsing_Creek;United_States;Council;30;CIL;KCIL
1347;Cimitarra;Colombia;Cimitarra;226;CIM;SKCM
1348;Carroll;United_States;Carroll;367;CIN;KCIN
1349;MCAL_Lopez;Colombia;Concepcion;;CIO;SBGR
1350;Chipata;Zambia;Chipata;1024;CIP;FLCP
1351;Chiquimula;Guatemala;Chiquimula;342;CIQ;
1352;Cairo;United_States;Cairo;98;CIR;KCIR
1353;Canton_Island;Kiribati;Canton_Island;3;CIS;PCIS
1354;Shimkent;Kazakhstan;Shimkent;423;CIT;UAII
1355;Chippewa_County;United_States;Sault_Ste_Marie;244;CIU;KCIU
1356;Chomley;United_States;Chomley;;CIV;SNLG
1357;Canouan_Island;Saint_Vincent_and_the_Grenadines;Canouan_Island;3;CIW;TVSC
1358;Cornel_Ruiz;Peru;Chiclayo;28;CIX;SPHI
1359;Comiso;Italy;Comiso;189;CIY;LICB
1360;Coari;Brazil;Coari;40;CIZ;SWKO
1361;Cajamarca;Peru;Cajamarca;2697;CJA;SPJR
1362;Peelamedu;India;Coimbatore;404;CJB;VOCB
1363;El_Loa;Chile;Calama;2299;CJC;SCCF
1364;Candilejas;Colombia;Candilejas;305;CJD;
1365;Chilko_Lake;United_Kingdom;Chilko_Lake;;CJH;
1366;Ciudad_Real_-_Don_Quijote_Airport;Spain;Ciudad_Real;914;CJI;VHHH
1367;Cheongju;Korea_(South);Cheongju;58;CJJ;RKTU
1368;Chitral;Pakistan;Chitral;1500;CJL;OPCH
1369;Chumphon_Airport;Thailand;Chumphon;5;CJM;VTSE
1370;Gillespie_Field;United_States;San_Diego/El_Cajon_CA;118;CJN;KCJN
1371;Intl_Abraham_Gonzalez;Mexico;Ciudad_Juarez;1190;CJS;MMCS
1372;Copalar;Mexico;Comitan;1574;CJT;MMCO
1373;Jeju_Airport;Korea_(South);Jeju;36;CJU;RKPC
1374;Kegelman_Af;Bahamas;Cherokee;366;CKA;KCKA
1375;Benedum;United_States;Clarksburg;373;CKB;KCKB
1376;Cherkassy;Ukraine;Cherkassy;114;CKC;UKKE
1377;Crooked_Creek;United_States;Crooked_Creek;54;CKD;PACJ
1378;Clear_Lake;United_States;Clear_Lake;404;CKE;VTBH
1379;Chongqing_Jiangbei_International;China;Chongqing;416;CKG;ZUCK
1380;Chokurdah;Russian_Federation;Chokurdah;51;CKH;UESO
1381;Croker_Island;Australia;Croker_Island;15;CKI;YCKI
1382;Cherokee;United_States;Cherokee;213;CKK;VHHH
1383;Chkalovsky;Russian_Federation;Chkalovsky;;CKL;HRYR
1384;Fletcher_Field;United_States;Clarksdale;53;CKM;KCKM
1385;Municipal;United_States;Crookston;274;CKN;KCKN
1386;Cornelio_Procopio;Brazil;Cornelio_Procopio;567;CKO;SSCP
1387;Crane_Island;United_States;Crane_Island;29;CKR;RJFR
1388;Carajas;Brazil;Carajas;621;CKS;SBCJ
1389;Sarakhs;Iran;Sarakhs;288;CKT;OIMC
1390;City;United_States;Cordova;18;CKU;KCKU
1391;Outlaw_Field;United_States;Clarksville;167;CKV;KCKV
1392;Chicken;United_States;Chicken;500;CKX;KCKX
1393;Conakry;Guinea;Conakry;22;CKY;GUCY
1394;Canakkale;Turkey;Canakkale;7;CKZ;LTBH
1395;Comilla;Bangladesh;Comilla;8;CLA;VGCM
1396;Castlebar;Ireland;Castlebar;46;CLB;EICB
1397;Metroport;United_States;Clearlake;11;CLC;SSQQ
1398;Mc_Clellan-Palomar_Airport;United_States;Carlsbad_CA;101;CLD;KCRQ
1399;Hopkins_International;United_States;Cleveland;244;CLE;KCLE
1400;Coalinga;United_States;Coalinga;190;CLG;KCLG
1401;Coolah;Australia;Coolah;504;CLH;YCAH
1402;Clintonville;United_States;Clintonville;251;CLI;KCLI
1403;Cluj_Napoca_International_Airport;Romania;Cluj-Napoca;315;CLJ;LRCL
1404;Municipal;United_States;Clinton;492;CLK;KCLK
1405;Easterwood_Field;United_States;College_Station_TX;98;CLL;KCLL
1406;Fairchild_Intl;United_States;Port_Angeles;89;CLM;KCLM
1407;Carolina;Brazil;Carolina;172;CLN;SBCI
1408;Alfonso_B._Aragon;Colombia;Cali;964;CLO;SKCL
1409;Clarks_Point;United_States;Clarks_Point;24;CLP;PFCL
1410;Colima;Mexico;Colima;752;CLQ;MMIA
1411;Calipatria;United_States;Calipatria;-55;CLR;KCLR
1412;Centralia;United_States;Chehalis;54;CLS;KCLS
1413;Charlotte_Douglas;United_States;Charlotte;228;CLT;KCLT
1414;Columbus_Municipal;United_States;Columbus;200;CLU;KBAK
1415;Caldas_Novas;Brazil;Caldas_Novas;685;CLV;SBCN
1416;Executive;Canada;Clearwater;22;CLW;KCLW
1417;Clorinda;Paraguay;Clorinda;60;CLX;SATC
1418;Ste_Catherine;France;Calvi;64;CLY;LFKC
1419;Calabozo;Venezuela;Calabozo;100;CLZ;SVCL
1420;Cunnamulla;Australia;Cunnamulla;192;CMA;YCMU
1421;Bandaranayake;Sri_Lanka;Colombo;9;CMB;VCBI
1422;Camocim;Brazil;Camocim;5;CMC;SNWC
1423;Cootamundra;Australia;Cootamundra;338;CMD;YCTM
1424;Ciudad_Del_Carmen;Mexico;Ciudad_Del_Carmen;3;CME;MMCE
1425;Chambery;France;Chambery;237;CMF;LFLB
1426;Intl._Airport_Corumba;Brazil;Corumba;141;CMG;SBCR
1427;Port_Columbus_Intl;United_States;Columbus;248;CMH;KCMH
1428;University_Of_Illinois_Willard;United_States;Champaign;230;CMI;KCMI
1429;Chi_Mei;Taiwan;Chi_Mei;;CMJ;RCCM
1430;Club_Makokola;Malawi;Club_Makokola;484;CMK;FWCM
1431;Camooweal;Australia;Camooweal;243;CML;YCMW
1432;Carmelita;Guatemala;Carmelita;227;CMM;MGCR
1433;Mohamed_V;Morocco;Casablanca;200;CMN;GMMN
1434;Obbia;Ethiopia;Obbia;20;CMO;HCMO
1435;Campo_Alegre;Brazil;Santana_Do_Araguaia;182;CMP;SNKE
1436;Clermont;Australia;Clermont;277;CMQ;YCMT
1437;Colmar-houssen;France;Colmar;192;CMR;LFGA
1438;Scusciuban;Ethiopia;Scusciuban;342;CMS;HCMS
1439;Cameta;Brazil;Cameta;30;CMT;
1440;Chimbu;Papua_New_Guinea;Kundiawa;1516;CMU;AYCH
1441;Coromandel;New_Zealand;Coromandel;4;CMV;NZCX
1442;Ign_Agramonte_Intl;Cuba;Camaguey;124;CMW;MUCM
1443;Houghton_County;United_States;Hancock;334;CMX;KCMX
1444;Fort_Mccoy;United_States;Sparta;255;CMY;KCMY
1445;Caia;Mozambique;Caia;;CMZ;
1446;Cananea;Mexico;Cananea;1584;CNA;MMCA
1447;Coonamble;Australia;Coonamble;184;CNB;YCNM
1448;Coconut_Island;Australia;Coconut_Island;;CNC;YCCT
1449;Kogalniceanu;Romania;Constanta;108;CND;LRCK
1450;Canon_City;United_States;Canon_City;1659;CNE;
1451;Parvaud;France;Cognac;31;CNG;LFBG
1452;Municipal;United_States;Claremont;166;CNH;KCNH
1453;Changhai;China;Changhai;;CNI;ZYCH
1454;Cloncurry;Australia;Cloncurry;188;CNJ;YCCY
1455;Blosser_Municipal;United_States;Concordia;454;CNK;KCNK
1456;Sindal;Denmark;Sindal;28;CNL;EKSN
1457;Carlsbad;United_States;Carlsbad;1004;CNM;KCNM
1458;Chulman;Russian_Federation;Chulman;76;CNN;VOKN
1459;Chino;United_States;Chino;198;CNO;KCNO
1460;Neerlerit_Inaat;Greenland;Neerlerit_Inaat;14;CNP;BGCO
1461;Camba_Punta;Argentina;Corrientes;62;CNQ;SARC
1462;Chanaral;Chile;Chanaral;30;CNR;SCRA
1463;Cairns;Australia;Cairns;3;CNS;YBCS
1464;Charata;Argentina;Charata;97;CNT;
1465;Martin_Johnson;United_States;Chanute;305;CNU;KCNU
1466;Canavieiras;Brazil;Canavieiras;6;CNV;SNED
1467;TSTC_Waco_Airport;United_States;Waco_TX;143;CNW;KCNW
1468;Chiang_Mai_International;Thailand;Chiang_Mai;316;CNX;VTCC
1469;Canyonlands_Field;United_States;Moab;1389;CNY;KCNY
1470;Cangamba;Angola;Cangamba;1235;CNZ;
1471;Columbia;United_States;Columbia;646;COA;KCOA
1472;Coolibah;Australia;Coolibah;40;COB;
1473;Concordia;Argentina;Concordia;34;COC;SAAC
1474;Yellowstone_Regional;United_States;Cody/Yellowstone;1555;COD;KCOD
1475;Patrick_AFB;United_States;Cocoa;2;COF;KCOF
1476;Mandinga;Colombia;Condoto;65;COG;SKCD
1477;Cooch_Behar;India;Cooch_Behar;42;COH;VECO
1478;Merritt_Island;United_States;Cocoa;2;COI;KCOI
1479;Coonabarabran;Australia;Coonabarabran;645;COJ;YCBB
1480;Cochin_International;India;Kochi;9;COK;VOCI
1481;Isle_Of_Coll;United_Kingdom;Isle_Of_Coll;6;COL;EGEL
1482;Coleman;United_States;Coleman;517;COM;KCOM
1483;Concord;United_States;Concord;104;CON;KCON
1484;Cotonou;Benin;Cotonou;6;COO;DBBB
1485;Cooperstown_-_Westville_Airport;United_States;Cooperstown_NY;384;COP;KCOP
1486;Choibalsan;Mongolia;Choibalsan;749;COQ;ZMCD
1487;Pajas_Blancas;Argentina;Cordoba;489;COR;SACO
1488;Colorado_Springs;United_States;Colorado_Springs;1886;COS;KCOS
1489;Cotulla;United_States;Cotulla;144;COT;KCOT
1490;Columbia_Regional;United_States;Columbia;271;COU;KCOU
1491;Covilha;Portugal;Covilha;6;COV;LTDB
1492;Coquimbo;Uruguay;Coquimbo;;COW;SCQB
1493;Congo_Town;Bahamas;Congo_Town;5;COX;MYAK
1494;Coolawanyah;Australia;Coolawanyah;366;COY;YCWY
1495;Constanza;Dominican_Republic;Constanza;1205;COZ;MDCZ
1496;A._Tubman;Liberia;Cape_Palmas;6;CPA;GLCP
1497;Capurgana;Colombia;Capurgana;;CPB;SKCA
1498;Chapelco;Argentina;San_Martin_DeLos_Andes;783;CPC;SAZY
1499;Coober_Pedy;Australia;Coober_Pedy;226;CPD;YCBP
1500;Campeche_International;Mexico;Campeche;10;CPE;MMCP
1501;Cepu;Indonesia;Cepu;24;CPF;WARC
1502;Carmen_De_Patagones;Argentina;Carmen_De_Patagones;40;CPG;
1503;Kastrup;Denmark;Copenhagen;5;CPH;EKCH
1504;Cape_Orford;Papua_New_Guinea;Cape_Orford;;CPI;MMVA
1505;Chaparral;Colombia;Chaparral;832;CPL;SKHA
1506;Compton;United_States;Compton;30;CPM;KCPM
1507;Cape_Rodney;Papua_New_Guinea;Cape_Rodney;5;CPN;
1508;Chamonate;Chile;Copiapo;204;CPO;SCAT
1509;International;Brazil;Campinas;612;CPQ;SDAM
1510;Casper;United_States;Casper;1629;CPR;KCPR
1511;St._Louis_Downtown_Airport;United_States;St_Louis_Il;126;CPS;KCPS
1512;Cape_Town_International;South_Africa;Cape_Town;46;CPT;FACT
1513;Cururupu;Brazil;Cururupu;12;CPU;SNCU
1514;Joao_Suassuna;Brazil;Campina_Grande;502;CPV;SBKG
1515;Culebra;Puerto_Rico;Culebra;15;CPX;TJCP
1516;Canarana_Airport;Brazil;Canarana;272;CQA;KCQA
1517;Shahre-kord;Iran;Shahre-kord;2049;CQD;OIFS
1518;Calais;France;Calais;3;CQF;LFAC
1519;Cape_Flattery;Australia;Cape_Flattery;4;CQP;YCFL
1520;Costa_Marques;Brazil;Costa_Marques;169;CQS;SWCQ
1521;Caquetania;Colombia;Caquetania;274;CQT;
1522;Craiova;Romania;Craiova;191;CRA;LRCV
1523;Collarenebri;Australia;Collarenebri;152;CRB;YCBR
1524;Cartago;Colombia;Cartago;908;CRC;SKGO
1525;Comodoro_Rivadavia;Argentina;Comodoro_Rivadavia;58;CRD;SAVC
1526;Grand_Strand_Airport;United_States;Myrtle_Beach;9;CRE;KCRE
1527;Carnot;Central_African_Republic;Carnot;605;CRF;FEFC
1528;Craig_Municipal;United_States;Jacksonville;12;CRG;KCRG
1529;Cherribah;Australia;Cherribah;;CRH;
1530;Crooked_Island;Turks_and_Caicos_Islands;Crooked_Island;2;CRI;MYCI
1531;Coorabie;Australia;Coorabie;;CRJ;
1532;Diosdado_Macapagal_International_(Clark_Int);Philippines;Angeles_City;148;CRK;RPLC
1533;Charleroi_Brussels_South;Belgium;Brussels;187;CRL;EBCI
1534;National;Philippines;Catarman;2;CRM;RPVF
1535;Cromarty;United_Kingdom;Cromarty;;CRN;
1536;Corcoran;United_States;Corcoran;56;CRO;KCRO
1537;Corpus_Christi_International_Airport;United_States;Corpus_Christi_TX;14;CRP;KCRP
1538;Caravelas;Brazil;Caravelas;11;CRQ;SBCV
1539;Ceres;Argentina;Ceres;86;CRR;SANW
1540;Corsicana;United_States;Corsicana;137;CRS;KCRS
1541;Municipal;United_States;Crossett;56;CRT;KCRT
1542;Carriacou_Is;Saint_Vincent_and_the_Grenadines;Carriacou_Is;2;CRU;TGPZ
1543;Crotone;Italy;Crotone;159;CRV;LIBC
1544;Yeager;United_States;Charleston;289;CRW;KCRW
1545;Roscoe_Turner;United_States;Corinth;130;CRX;KCRX
1546;Carlton_Hill;Australia;Carlton_Hill;61;CRY;
1547;Turkmenabad;Turkmenistan;Turkmenabad;192;CRZ;UTAV
1548;Isle_Of_Colonsay;United_Kingdom;Isle_Of_Colonsay;11;CSA;
1549;Caransebes;Romania;Caransebes;264;CSB;LRCS
1550;Canas;Costa_Rica;Canas;100;CSC;MRCA
1551;Cresswell_Downs;Australia;Cresswell_Downs;223;CSD;
1552;Crested_Butte;United_States;Crested_Butte;2737;CSE;KCSE
1553;Creil;France;Creil;89;CSF;LFPC
1554;Solovky;Russian_Federation;Solovetsky;0;CSH;ULAS
1555;David;United_States;Phoenix;26;CSI;YCAS
1556;Cape_St_Jacques;Vietnam;Cape_St_Jacques;;CSJ;
1557;Cap_Skirring;Senegal;Cap_Skirring;16;CSK;GOGS
1558;Sherman;United_States;Clinton;586;CSM;KCSM
1559;Carson_City;United_States;Carson_City;1434;CSN;KCXP
1560;Cochstedt;Germany;Cochstedt;180;CSO;URSS
1561;Coast_Guard_Heliport;Canada;Cape_Spencer;26;CSP;PACA
1562;Municipal;United_States;Creston;396;CSQ;KCSQ
1563;Casuarito;Colombia;Casuarito;;CSR;
1564;Cassilandia;Brazil;Cassilandia;478;CSS;SSCL
1565;Castaway;Fiji;Castaway;;CST;NFCS
1566;Santa_Cruz_Do_Sul;Brazil;Santa_Cruz_Do_Sul;;CSU;ZSSZ
1567;Memorial;United_States;Crossville;573;CSV;KCSV
1568;Colorado_do_Oeste;Brazil;Colorado_do_Oeste;;CSW;
1569;Changsha;China;Changsha;67;CSX;ZGHA
1570;Cheboksary;Russian_Federation;Cheboksary;171;CSY;UWKS
1571;Brig_D_Hector_Eduardo_Ruiz;Argentina;Coronel_Suarez;234;CSZ;URSS
1572;Fontanarossa;Italy;Catania;12;CTA;LICC
1573;Cut_Bank;United_States;Cut_Bank;1176;CTB;KCTB
1574;Catamarca;Argentina;Catamarca;464;CTC;SANC
1575;Chitre;Panama;Chitre;10;CTD;MPCE
1576;Carti;Panama;Carti;5;CTE;
1577;Coatepeque_Airport;Guatemala;Coatepeque;453;CTF;MGCT
1578;Rafael_Nunez;Colombia;Cartagena;1;CTG;SKCG
1579;Chestercounty_Carlson;United_States;Coatesville;201;CTH;KMQS
1580;Cuito_Cuanavale;Angola;Cuito_Cuanavale;1250;CTI;FNCV
1581;Canton;United_States;Canton;393;CTK;KCTK
1582;Charleville;Australia;Charleville;306;CTL;YBCV
1583;Chetumal;Belize;Chetumal;12;CTM;MMCM
1584;Cooktown;Australia;Cooktown;8;CTN;YCKN
1585;Peconic_River;United_States;Calverton;23;CTO;HTGE
1586;Carutapera;Brazil;Carutapera;26;CTP;SNCP
1587;Do_Palmar;Brazil;Santa_Vitoria;505;CTQ;SSVP
1588;Cattle_Creek;Australia;Cattle_Creek;164;CTR;YCAC
1589;New_Chitose_Airport;Japan;Sapporo;25;CTS;RJCC
1590;Le_Castellet;France;Le_Castellet;424;CTT;LFMQ
1591;Shuangliu;China;Chengdu;512;CTU;ZUUU
1592;Cottonwood;United_States;Cottonwood;1085;CTW;KCTW
1593;Cortland;United_States;Cortland;365;CTX;KCTX
1594;Cross_City;United_States;Cross_City;13;CTY;KCTY
1595;Sampson_County;United_States;Clinton;44;CTZ;KCTZ
1596;Ciudad_Constitucion;Mexico;Ciudad_Constitucion;65;CUA;MMDA
1597;Owens_Field;United_States;Columbia;59;CUB;KCUB
1598;Camilo_Dazo;Colombia;Cucuta;335;CUC;SKCC
1599;Caloundra;Australia;Caloundra;12;CUD;YCDR
1600;Cuenca;Ecuador;Cuenca;2532;CUE;SECU
1601;Levaldigi;Italy;Cuneo;386;CUF;LIMZ
1602;Cudal;Australia;Cudal;491;CUG;YCUA
1603;Municipal;United_States;Cushing;282;CUH;KCUH
1604;Currillo;Colombia;Currillo;;CUI;
1605;Culion;Philippines;Culion;70;CUJ;
1606;Caye_Caulker;Belize;Caye_Caulker;;CUK;
1607;Fedl_De_Bachigualato;Mexico;Culiacan;33;CUL;MMCL
1608;Cumana;Venezuela;Cumana;8;CUM;SVCU
1609;Cancún_International;Mexico;Cancun;6;CUN;MMUN
1610;Caruru;Colombia;Caruru;250;CUO;SKCR
1611;Carupano;Venezuela;Carupano;10;CUP;SVCP
1612;Coen;Australia;Coen;162;CUQ;YCOE
1613;Hato_International_Airport;Netherlands_Antilles;Curacao;9;CUR;TNCC
1614;Municipal;United_States;Columbus;1227;CUS;
1615;Cutral;Argentina;Cutral;650;CUT;SAZW
1616;Gen_Fierro_Villalobos;Mexico;Chihuahua;1360;CUU;MMCU
1617;Casigua;Venezuela;Casigua;30;CUV;SVCG
1618;Cube_Cove;United_States;Cube_Cove;;CUW;YCUE
1619;Cuddihy_Field;United_States;Corpus_Christi;12;CUX;KCUX
1620;Cue;Australia;Cue;441;CUY;YCUE
1621;Velazco_Astete;Peru;Cuzco;3310;CUZ;SPZO
1622;Civic_Ar_Heli;United_States;Pittsburgh;;CVA;MMVA
1623;Chungribu;Papua_New_Guinea;Chungribu;;CVB;
1624;Cleve;Australia;Cleve;180;CVC;YCEE
1625;Covenas;Colombia;Covenas;9;CVE;SKCV
1626;Courchevel;France;Courchevel;2006;CVF;LFLJ
1627;Cincinnati/northern_Kentucky;United_States;Covington_KY;273;CVG;KCVG
1628;Caviahue;Argentina;Caviahue;1660;CVH;SAHE
1629;Caleta_Olivia;Argentina;Caleta_Olivia;;CVI;
1630;General_Mariano_Matamoros_Airport;Mexico;Cuernavaca;1304;CVJ;MMCB
1631;Cape_Vogel;Papua_New_Guinea;Cape_Vogel;6;CVL;
1632;Ciudad_Victoria;Mexico;Ciudad_Victoria;232;CVM;MMCV
1633;Municipal;United_States;Clovis;1285;CVN;KCVN
1634;Albany;United_States;Albany;76;CVO;KCVO
1635;Carnarvon;Australia;Carnarvon;4;CVQ;YCAR
1636;Hughes;United_States;Culver_City;;CVR;OIZC
1637;Cannon_AFB;United_States;Clovis;1309;CVS;KCVS
1638;West_Midlands_International;United_Kingdom;Coventry;81;CVT;EGBE
1639;Corvo_Island;Portugal;Corvo_Island;;CVU;LPCR
1640;Central_Wisconsin;United_States;Wausau;389;CWA;KCWA
1641;Afonso_Pena_International_Airport;Brazil;Curitiba;911;CWB;SBCT
1642;Chernovtsy;Ukraine;Chernovtsy;252;CWC;UKLN
1643;Callaway_Gardens;United_States;Callaway_Gardens;;CWG;VHHH
1644;Clinton;United_States;Clinton;215;CWI;KCWI
1645;Cardiff-wales_Arpt;United_Kingdom;Cardiff;67;CWL;EGFF
1646;Ft_Wolter_AAF;Indonesia;Mineral_Wells;;CWO;KCWO
1647;Campbellpore;Pakistan;Campbellpore;305;CWP;
1648;Cowarie;Australia;Cowarie;;CWR;YCWI
1649;Center_Island;China;Center_Island;35;CWS;KCWS
1650;Cowra;Australia;Cowra;294;CWT;YCWR
1651;Corowa;Australia;Corowa;143;CWW;YCOR
1652;Caicara_Del_Orinoco;Venezuela;Caicara_Del_Orinoco;43;CXA;SVCD
1653;Chitina_Arpt;United_States;Chitina;169;CXC;KCXC
1654;Coldfoot;United_States;Coldfoot;320;CXF;PACX
1655;Coal_Harbour;Canada;Vancouver;;CXH;
1656;Cassidy_International_Airport;Kiribati;Christmas_Island;2;CXI;PLCH
1657;Campo_Dos_Bugres;Brazil;Caxias_Do_Sul;753;CXJ;SBCX
1658;International;United_States;Calexico;2;CXL;KCXL
1659;Candala;Somalia;Candala;3;CXN;HCMC
1660;Montgomery_Co;United_States;Conroe;74;CXO;KCXO
1661;Tunggul_Wulung;Indonesia;Cilacap;21;CXP;WAHL
1662;Christmas_Creek;Australia;Christmas_Creek;38;CXQ;YCRK
1663;Nah_Trang_(No_longer_in_operation);Vietnam;Nha_Trang;12;CXR;VVCR
1664;Charters_Towers;Australia;Charters_Towers;291;CXT;YCHT
1665;Cat_Cays;Bahamas;Cat_Cays;;CXY;MYCC
1666;Les_Cayes;Haiti;Les_Cayes;62;CYA;MTCA
1667;Gerrard-Smith;Cayman_Islands;Cayman_Brac_Is;2;CYB;MWCB
1668;Caye_Chapel;Belize;Caye_Chapel;2;CYC;MZCP
1669;Crystal_Lake;United_States;Crystal_Lake;;CYE;SBGR
1670;Chefornak_SPB;United_States;Chefornak;16;CYF;PACK
1671;Corryong;Australia;Corryong;294;CYG;YCRG
1672;Chiayi;Taiwan;Chiayi;26;CYI;RCKU
1673;Coyoles;Honduras;Coyoles;150;CYL;MHCS
1674;Chatham_SPB;Canada;Chatham;0;CYM;KCYM
1675;Cayo_Largo_Del_Sur;Cuba;Cayo_Largo_Del_Sur;3;CYO;MUCL
1676;Calbayog;Philippines;Calbayog;4;CYP;RPVC
1677;Laguna_De_Los_Patos;Uruguay;Colonia;20;CYR;SUCA
1678;Cheyenne;United_States;Cheyenne;1877;CYS;KCYS
1679;Intermediate;United_States;Yakataga;5;CYT;PACY
1680;Cuyo;Philippines;Cuyo;36;CYU;RPLO
1681;Yakut;Russian_Federation;Cherskiy;5;CYX;UESS
1682;Cauayan;Philippines;Cauayan;61;CYZ;RPUY
1683;Chichen_Itza;Mexico;Chichen_Itza;31;CZA;MMCT
1684;Carlos_Ruhl;Brazil;Cruz_Alta;470;CZB;SSAK
1685;Copper_Centre;Italy;Copper_Centre;351;CZC;KCZC
1686;Coro;Venezuela;Coro;16;CZE;SVCR
1687;Cape_Romanzof;United_States;Cape_Romanzof;142;CZF;PACZ
1688;Corozal;Belize;Corozal;12;CZH;MZCZ
1689;Corazon_De_Jesus;Panama;Corazon_De_Jesus;1;CZJ;
1690;Cascade_Locks/Stevens;United_States;Cascade_Locks;46;CZK;KCZK
1691;Ain_El_Bey;Algeria;Constantine;706;CZL;DABC
1692;Cozumel;Mexico;Cozumel;5;CZM;MMCZ
1693;Chisana_Field;United_States;Chisana;1020;CZN;KCZN
1694;Chistochina;United_States;Chistochina;567;CZO;KCZO
1695;Cape_Pole;United_States;Cape_Pole;0;CZP;KCZP
1696;Intl._Airpt._Cruzeiro_Do_Sul;Brazil;Cruzeiro_Do_Sul;194;CZS;SBCZ
1697;Carrizo_Springs;United_States;Carrizo_Springs;182;CZT;KCZT
1698;Corozal;Colombia;Corozal;161;CZU;SKCZ
1699;Czestochowa;Poland;Czestochowa;262;CZW;EPCH
1700;Changzhou;China;Changzhou;;CZX;ZSCG
1701;Cluny;Australia;Cluny;39;CZY;YUNY
1702;Campo;Haiti;Campo;;CZZ;URSS
1703;Davison_AAF;United_States;Fort_Belvoir;22;DAA;KDAA
1704;Regional;United_States;Daytona_Beach;10;DAB;KDAB
1705;Zia_International;Bangladesh;Dhaka;8;DAC;VGHS
1706;Da_Nang;Vietnam;Da_Nang;10;DAD;VVDN
1707;Daparizo;India;Daparizo;;DAE;VEDZ
1708;Daup;Papua_New_Guinea;Daup;30;DAF;
1709;Barstow-Daggett;United_States;Daggett;588;DAG;KDAG
1710;Dathina;Yemen;Dathina;762;DAH;
1711;Darjeeling;India;Darjeeling;;DAI;
1712;Dauan_Island;Australia;Dauan_Island;;DAJ;
1713;Dakhla;Egypt;Dakhla_Oasis;187;DAK;HEDK
1714;Love_Field;United_States;Dallas;148;DAL;KDAL
1715;International;Syria;Damascus;616;DAM;OSDI
1716;Municipal;United_States;Danville;174;DAN;KDAN
1717;Dabo;Eritrea;Dabo;;DAO;ZJYX
1718;Darchula;Nepal;Darchula;676;DAP;VNDL
1719;International;Tanzania;Dar_Es_Salaam;55;DAR;HTDA
1720;Great_Bear_Lake;Canada;Great_Bear_Lake;;DAS;LPLA
1721;Datong;China;Datong;1054;DAT;ZBDT
1722;Daru;Papua_New_Guinea;Daru;6;DAU;AYDU
1723;Enrique_Malek;Panama;David;27;DAV;MPDA
1724;Daxian;China;Daxian;;DAX;ZUDX
1725;James_Cox_Dayton_Intl;United_States;Dayton_Oh;308;DAY;KDAY
1726;Darwaz;Afghanistan;Darwaz;1533;DAZ;OADZ
1727;Dalbandin;Pakistan;Dalbandin;853;DBA;OPDB
1728;Alalamain_Intl.;Egypt;Dabaa_City;;DBB;YSDU
1729;Dhanbad;India;Dhanbad;258;DBD;VEDB
1730;Debra_Marcos;Ethiopia;Debra_Marcos;2480;DBM;HADM
1731;Municipal;United_States;Dublin;95;DBN;KDBN
1732;Dubbo;Australia;Dubbo;285;DBO;YSDU
1733;Debepare;Papua_New_Guinea;Debepare;76;DBP;
1734;Municipal;United_States;Dubuque;328;DBQ;KDBQ
1735;Dubois;United_States;Dubois;1561;DBS;KDBS
1736;Debra_Tabor;Ethiopia;Debra_Tabor;2588;DBT;HADT
1737;Dambulu_Oya_Tank;Mozambique;Dambula;;DBU;OMDB
1738;Dubrovnik;Croatia;Dubrovnik;161;DBV;LDDU
1739;Dalby;Australia;Dalby;347;DBY;YDAY
1740;Reagan_Washington_National;United_States;Washington_DC;5;DCA;KDCA
1741;Cane_Field;Dominica;Roseau;4;DCF;TDCF
1742;Rafsu_Decimomannu;Italy;Decimomannu;30;DCI;LIED
1743;Dahl_Creek_Arpt;United_States;Dahl_Creek;79;DCK;PODC
1744;Mazamet;France;Castres;240;DCM;LFCK
1745;Decatur_Hi-Way;United_States;Decatur;257;DCR;KDCR
1746;Duncan_Town;Bahamas;Duncan_Town;2;DCT;MYRD
1747;Pyor;United_States;Decatur;180;DCU;KDCU
1748;Dodge_City_Municipal;United_States;Dodge_City;791;DDC;KDDC
1749;Dandong;China;Dandong;;DDG;ZYDD
1750;Daydream_Is;Australia;Daydream_Is;;DDI;
1751;Dodoima;Papua_New_Guinea;Dodoima;15;DDM;
1752;Delta_Downs;Australia;Delta_Downs;36;DDN;YDLT
1753;Dorado_Beach;Puerto_Rico;Dorado;23;DDP;ZGCS
1754;Dadu;Pakistan;Dadu;;DDU;OPDD
1755;Dera_Ghazi_Khan;Pakistan;Dera_Ghazi_Khan;150;DEA;OPDG
1756;Debrecen;Hungary;Debrecen;109;DEB;LHDC
1757;Decatur_Arpt;United_States;Decatur;208;DEC;KDEC
1758;Dehra_Dun;India;Dehra_Dun;558;DED;VIDN
1759;Dezful;Iran;Dezful;144;DEF;OIAD
1760;Municipal;United_States;Decorah;353;DEH;KDEH
1761;Denis_Island;Seychelles;Denis_Island;3;DEI;FSSD
1762;Indira_Gandhi_Intl;India;New_Delhi;237;DEL;VIDP
1763;Dembidollo;Ethiopia;Dembidollo;1585;DEM;HADD
1764;Denver_International;United_States;Denver;1656;DEN;KDEN
1765;Hyatt_Regency_H/P;United_States;Dearborn;183;DEO;LFPG
1766;Deparizo;Iran;Deparizo;;DEP;MYGD
1767;Derim;Papua_New_Guinea;Derim;1494;DER;
1768;Desroches;Seychelles;Desroches;3;DES;FSDR
1769;Detroit_City;United_States;Detroit;190;DET;KDET
1770;Al_Jafrah;Syria;Deirezzor;213;DEZ;OSDZ
1771;Memorial;United_States;Defiance;215;DFI;KDFI
1772;Drumduff;Australia;Drumduff;128;DFP;YDDF
1773;Dallas/Fort_Worth_International;United_States;Dallas_TX;185;DFW;KDFW
1774;Dangriga;Belize;Dangriga;;DGA;MZPB
1775;Danger_Bay;United_States;Danger_Bay;;DGB;YPGV
1776;Degahbur;Ethiopia;Degahbur;;DGC;HADB
1777;Dalgaranga;Australia;Dalgaranga;;DGD;KSUX
1778;Mudgee;Australia;Mudgee;471;DGE;YMDG
1779;Bisbee-douglas_International;United_States;Douglas;1257;DGF;YPGV
1780;Daugo;Papua_New_Guinea;Daugo;295;DGG;PADG
1781;Dugong;Philippines;Dugong;;DGK;ZSAM
1782;Douglas_Municipal;Chad;Douglas;1272;DGL;KDGL
1783;Dongguan;China;Dongguan;;DGM;PGUM
1784;NAF;Norway;Dahlgren;5;DGN;KNDY
1785;Guadalupe_Victoria;Mexico;Durango;1860;DGO;MMDO
1786;Daugavpils;Latvia;Daugavpils;400;DGP;EVDA
1787;Dargaville;New_Zealand;Dargaville;2;DGR;NZDA
1788;Dumaguete;Philippines;Dumaguete;5;DGT;RPVD
1789;Dedougou;Burkina_Faso;Dedougou;300;DGU;DFOD
1790;Converse_County;United_States;Douglas;1503;DGW;KDGW
1791;Dhahran;Saudi_Arabia;Dhahran;26;DHA;OEDR
1792;Durham_Downs;Australia;Durham_Downs;116;DHD;YDRH
1793;Al_Dhafra_Military_Apt;United_Arab_Emirates;Abu_Dhabi;23;DHF;OMAM
1794;Dhangarhi;Nepal;Dhangarhi;210;DHI;VNDH
1795;Dhala;Yemen;Dhala;1448;DHL;ODAL
1796;Gaggal_Airport;India;Dharamsala;770;DHM;VIGG
1797;Dothan_Arpt;United_States;Dothan;122;DHN;KDHN
1798;De_Kooy/Den_Helder_Airport;Netherlands;Den_Helder;1;DHR;EHKD
1799;Dalhart;Djibouti;Dalhart;1216;DHT;KDHT
1800;Dibrugarh;India;Dibrugarh;110;DIB;VEMN
1801;Dili_City_Heliport;Indonesia;Dili;;DIC;WPDH
1802;Antsiranana/Arrachart;Madagascar;Antsiranana;114;DIE;FMNA
1803;Diqing;China;Diqing;3289;DIG;ZPDQ
1804;Dijon;France;Dijon;221;DIJ;LFSD
1805;Dickinson;United_States;Dickinson;790;DIK;KDIK
1806;Presidente_Nicolau_Lobato_International_Airport;Indonesia;Dili;8;DIL;WPDL
1807;Dimbokro;"Cote_D&#039;Ivoire";Dimbokro;105;DIM;DIDK
1808;Dien_Bien;Vietnam;Dien_Bien_Phu;491;DIN;VVDB
1809;Diomede_Island;United_States;Diomede_Island;6;DIO;KDIO
1810;Diapaga;Burkina_Faso;Diapaga;290;DIP;DFED
1811;Divinopolis;Brazil;Divinopolis;795;DIQ;SNDV
1812;Aba_Tenna_D_Yilma;Ethiopia;Dire_Dawa;1167;DIR;HADR
1813;Loubomo;Congo;Loubomo;329;DIS;FCPL
1814;Diu;India;Diu;;DIU;
1815;Divo;"Cote_D&#039;Ivoire";Divo;160;DIV;DIDV
1816;Mawella_Lagoon;Sri_Lanka;Dickwella;;DIW;
1817;Diyarbakir;Turkey;Diyarbakir;686;DIY;LTCC
1818;Djougou;Benin;Djougou;440;DJA;DBBD
1819;Sultan_Taha_Syarifudn;Indonesia;Jambi;25;DJB;WIPA
1820;Djerba-zarzis;Tunisia;Djerba;6;DJE;DTTJ
1821;Inedbirenne;Algeria;Djanet;966;DJG;DAAJ
1822;Sentani;Indonesia;Jayapura;88;DJJ;WAJJ
1823;Djambala;Congo;Djambala;791;DJM;FCBD
1824;Delta_Junction;United_States;Delta_Junction;351;DJN;KDJN
1825;Daloa;"Cote_D&#039;Ivoire";Daloa;251;DJO;DIDL
1826;Djupivogur;Iceland;Djupivogur;3;DJU;BIDV
1827;Dunk_Island;Australia;Dunk_Island;3;DKI;YDKI
1828;Dunkirk;United_States;Dunkirk;211;DKK;KDKK
1829;Dakar-Yoff-Léopold_Sédar_Senghor_International;Senegal;Dakar;26;DKR;GOOY
1830;Dikson;Russian_Federation;Dikson;48;DKS;UODD
1831;Docker_River;Australia;Docker_River;37;DKV;YDVR
1832;Douala;Cameroon;Douala;10;DLA;FKKD
1833;Dalian;China;Dalian;33;DLC;ZYTL
1834;Dagali_Airport;Norway;Geilo;798;DLD;ENDI
1835;Tavaux;France;Dole;197;DLE;LFGJ
1836;Laughlin_Afb;United_States;Del_Rio;329;DLF;KDLF
1837;Municipal;United_States;Dillingham;25;DLG;PADL
1838;Duluth_International;United_States;Duluth;435;DLH;KDLH
1839;Lienkhang;Vietnam;Dalat;962;DLI;VVDL
1840;Dulkaninna;Australia;Dulkaninna;;DLK;YDLK
1841;Dillon;United_States;Dillon;41;DLL;KDLC
1842;Dalaman;Turkey;Dalaman;6;DLM;LTBS
1843;Dillon;United_States;Dillon;1598;DLN;KDLN
1844;Dolomi;United_States;Dolomi;;DLO;LKPM
1845;Disneyland_Paris;France;Disneyland_Paris;;DLP;
1846;Columbia_Gorge_Regional/The_Dalles_Municipal_Airport;United_States;The_Dalles;75;DLS;KDLS
1847;Dali;China;Dali_City;;DLU;ZPDL
1848;Delissaville;Australia;Delissaville;34;DLV;YDLV
1849;Dillons_Bay;Vanuatu;Dillons_Bay;164;DLY;NVVD
1850;Dalanzadgad;Mongolia;Dalanzadgad;1459;DLZ;ZMDZ
1851;Davis_Monthan_AFB;United_States;Tucson;824;DMA;KDMA
1852;Zhambyl;Kazakhstan;Zhambyl;668;DMB;UADD
1853;Doomadgee;Australia;Doomadgee;47;DMD;YDMG
1854;Domodedovo;Russian_Federation;Moscow;179;DME;UUDD
1855;Deming;United_States;Deming;1315;DMN;KDMN
1856;Sedalia;United_States;Sedalia;277;DMO;KDMO
1857;Dhamar;Yemen;Dhamar;2472;DMR;
1858;Diamantino;Brazil;Diamantino;450;DMT;SWDM
1859;Dimapur;India;Dimapur;148;DMU;VEMR
1860;Kadena_AB;Japan;Okinawa;44;DNA;RODN
1861;Dunbar;Australia;Dunbar;46;DNB;YDBR
1862;Danane;"Cote_D&#039;Ivoire";Danane;;DNC;
1863;Dundee;United_Kingdom;Dundee;5;DND;EGPN
1864;Dallas_North_Airport;United_States;Dallas;;DNE;KDNE
1865;Martuba;Libya;Derna;376;DNF;
1866;Doongan;Philippines;Doongan;;DNG;VVTH
1867;Dunhuang;China;Dunhuang;;DNH;ZLDH
1868;Wad_Medani;Sudan;Wad_Medani;409;DNI;HSWD
1869;Dnepropetrovsk;Ukraine;Dnepropetrovsk;147;DNK;UKDD
1870;Daniel_Field;United_States;Augusta_GA;129;DNL;KDNL
1871;Denham;Australia;Denham;;DNM;
1872;Municipal;United_States;Dalton;216;DNN;KDNN
1873;Dianopolis;Brazil;Dianopolis;610;DNO;SWDN
1874;Dang;Nepal;Dang;640;DNP;VNDG
1875;Deniliquin;Australia;Deniliquin;96;DNQ;YDLQ
1876;Pleurtuit;France;Dinard;67;DNR;LFRD
1877;Municipal;United_States;Denison;388;DNS;KDNS
1878;Downtown_Heliport;Colombia;Santa_Ana;;DNT;
1879;Dinangat;Papua_New_Guinea;Dinangat;1579;DNU;
1880;Vermilion_County;United_States;Danville_IL;212;DNV;KDNV
1881;Galegu;Ethiopia;Dinder;500;DNX;HSGG
1882;Cardak;Turkey;Denizli;852;DNZ;LTAY
1883;Doany;Madagascar;Doany;500;DOA;
1884;Dobo_Airport;Indonesia;Dobo;;DOB;WAPD
1885;Dornoch;United_Kingdom;Dornoch;1;DOC;
1886;Dodoma;Tanzania;Dodoma;1127;DOD;HTDO
1887;Djoemoe;Suriname;Djoemoe;88;DOE;SMDJ
1888;Dora_Bay;United_States;Dora_Bay;;DOF;LLSD
1889;Dongola;Sudan;Dongola;236;DOG;HSDN
1890;Doha;Qatar;Doha;4;DOH;OTHH
1891;Doini;Papua_New_Guinea;Doini;3;DOI;
1892;Donetsk_International_Airport;Ukraine;Donetsk;241;DOK;UKCC
1893;St_Gatien;France;Deauville;146;DOL;LFRG
1894;Melville_Hall;Dominica;Dominica;22;DOM;TDPD
1895;Dos_Lagunas;Guatemala;Dos_Lagunas;216;DON;MGDL
1896;Dorobisoro;Papua_New_Guinea;Dorobisoro;518;DOO;
1897;Dolpa;Nepal;Dolpa;2503;DOP;VNDP
1898;Dori;Burkina_Faso;Dori;280;DOR;DFEE
1899;Dios;Papua_New_Guinea;Dios;;DOS;
1900;Dourados;Brazil;Dourados;458;DOU;SBDO
1901;Dover_AFB;United_States;Dover-Cheswold;9;DOV;KDOV
1902;Dongara;Australia;Dongara;;DOX;YDRA
1903;Dongying;China;Dongying;;DOY;ZSDY
1904;Dupage_County;United_States;Chicago;231;DPA;KDPA
1905;Dieppe;France;Dieppe;105;DPE;LFAB
1906;Michael_AAF;United_States;Dugway;1326;DPG;KDPG
1907;Deer_Park;United_States;Deer_Park;;DPK;KDPA
1908;Dipolog;Philippines;Dipolog;4;DPL;RPMG
1909;Devonport;Australia;Devonport;10;DPO;YDPO
1910;Ngurah_Rai_International;Indonesia;Denpasar_Bali;4;DPS;WADD
1911;Dumpu;Papua_New_Guinea;Dumpu;;DPU;
1912;Desert_Rock;United_States;Mercury;1010;DRA;KDRA
1913;Derby;Australia;Derby;7;DRB;YDBY
1914;Dirico;Angola;Dirico;;DRC;
1915;Dorunda_Station;Australia;Dorunda_Station;27;DRD;YDOR
1916;Drummond_Island;United_States;Drummond_Island;204;DRE;KDRM
1917;Drift_River;United_States;Drift_River;9;DRF;EGNX
1918;Deering;United_States;Deering;9;DRG;PADE
1919;Dabra;Indonesia;Dabra;;DRH;
1920;Beauregard_Parish;Netherlands;De_Ridder;62;DRI;KDRI
1921;Drietabbetje;Suriname;Drietabbetje;72;DRJ;SMDA
1922;Drama;Greece;Drama;;DRM;KDRM
1923;Dirranbandi;Australia;Dirranbandi;173;DRN;YDBI
1924;La_Plata;United_States;Durango;2039;DRO;KDRO
1925;Durrie;Australia;Durrie;58;DRR;YDRI
1926;Dresden_Arpt;Germany;Dresden;230;DRS;EDDC
1927;International;United_States;Del_Rio;305;DRT;KDRT
1928;Drummond;United_States;Drummond;1294;DRU;
1929;Darwin;Australia;Darwin;31;DRW;YPDN
1930;Drysdale_River;Australia;Drysdale_River;;DRY;
1931;Robin_Hood;United_Kingdom;Doncaster_Sheffield;17;DSA;EGCN
1932;Dschang;Cameroon;Dschang;1400;DSC;FKKS
1933;La_Desirade;Guadeloupe;La_Desirade;3;DSD;TFFA
1934;Combolcha;Ethiopia;Dessie;1864;DSE;HADC
1935;Dilasag;Philippines;Dilasag;;DSG;
1936;Destin-Fort_Walton_Beach_Airport;United_States;Destin;7;DSI;KDTS
1937;Dera_Ismail_Khan;Pakistan;Dera_Ismail_Khan;181;DSK;OPDI
1938;Daru;Sierra_Leone;Daru;213;DSL;
1939;Des_Moines_International;United_States;Des_Moines_IA;292;DSM;KDSM
1940;Dongsheng;China;Dongsheng;;DSN;ZBDS
1941;Dansville;United_States;Dansville;202;DSV;KDSV
1942;Delta;United_States;Delta;1451;DTA;KDTA
1943;Datadawai;Indonesia;Datadawai;153;DTD;WALJ
1944;Camarines_Norte;Philippines;Daet;3;DTE;RPUD
1945;Death_Valley;United_States;Death_Valley;-64;DTH;DTTA
1946;Municipal;United_States;Detroit_Lakes;425;DTL;KDTL
1947;Dortmund;Germany;Dortmund;130;DTM;EDLW
1948;Shreveport_Downtown;United_States;Shreveport_LA;55;DTN;KDTN
1949;Decatur_Island;United_States;Decatur_Island;;DTR;SSWD
1950;Detroit_Metropolitan_Wayne_County;United_States;Detroit_MI;197;DTW;KDTW
1951;Eaker;United_States;Durant;213;DUA;KDUA
1952;Dublin;Ireland;Dublin;74;DUB;EIDW
1953;Halliburton_Field;United_States;Duncan;340;DUC;KDUC
1954;Dunedin_International;New_Zealand;Dunedin;1;DUD;NZDN
1955;Dundo;Angola;Dundo;747;DUE;FNDU
1956;Pine_Island_Airport;United_States;Corolla_NC;5;DUF;KDUF
1957;Bisbee-Douglas_Intl;United_States;Douglas;1265;DUG;KDUG
1958;Du_Bois-Jefferson_County;United_States;Du_Bois;554;DUJ;KDUJ
1959;Dukuduk;South_Africa;Dukuduk;64;DUK;FADK
1960;Pinang_Kampai;Indonesia;Dumai;17;DUM;WIBD
1961;Dundas;Greenland;Dundas;;DUN;BGDU
1962;Duncan/Quam;Canada;Duncan/Quam;94;DUQ;
1963;Durban_International;South_Africa;Durban;93;DUR;FALE
1964;Düsseldorf_International_Airport_(rhein-ruhr);Germany;Dusseldorf;45;DUS;EDDL
1965;Emergency_Field;United_States;Dutch_Harbor;7;DUT;PADU
1966;Deva;Romania;Deva;184;DVA;LRDV
1967;Diavik;Canada;Diavik;312;DVK;KDVK
1968;Devils_Lake;United_States;Devils_Lake;448;DVL;KDVL
1969;Davenport;United_States;Davenport;229;DVN;KDVN
1970;Francisco_Bangoy_International;Philippines;Davao;29;DVO;RPMD
1971;Davenport_Downs;Australia;Davenport_Downs;94;DVP;YDPD
1972;Daly_River;Australia;Daly_River;15;DVR;YDMN
1973;Phoenix_Deer_Valley_Airport;United_States;Phoenix;450;DVT;KDVT
1974;Dwangwa;Malawi;Dwangwa;489;DWA;FWDW
1975;Soalala;Madagascar;Soalala;43;DWB;FMNO
1976;Dawadmi;Saudi_Arabia;Dawadmi;1045;DWD;OEDW
1977;Wright_AFB;Canada;Dayton;;DWF;OMDB
1978;David_Wayne_Hooks;United_States;Houston;46;DWH;KDWH
1979;Downtown_Airpark;United_States;Oklahoma_City;360;DWN;KDWN
1980;Walt_Disney_World;United_States;Orlando;;DWS;
1981;Deux_Alpes;France;Deux_Alpes;;DXA;
1982;Dubai;United_Arab_Emirates;Dubai;19;DXB;OMDB
1983;Dixie;Australia;Dixie;198;DXD;YDIX
1984;Danbury_Municipal_Airport;United_States;Danbury_CT;139;DXR;KDXR
1985;Dysart;Australia;Dysart;204;DYA;YDYS
1986;Dayong;China;Dayong;211;DYG;ZGDY
1987;Doylestown;United_States;Doylestown;120;DYL;KDYL
1988;Diamantina_Lakes;Australia;Diamantina_Lakes;122;DYM;
1989;Ugolniy;Russian_Federation;Anadyr;59;DYR;UHMA
1990;Dyess_AFB;United_States;Abilene;546;DYS;KDYS
1991;Dushanbe;Tajikistan;Dushanbe;785;DYU;UTDD
1992;Daly_Waters;Australia;Daly_Waters;212;DYW;YDLW
1993;Dzaoudzi;Comoros;Dzaoudzi;7;DZA;FMCZ
1994;Codazzi;Colombia;Codazzi;134;DZI;
1995;Zhezhazgan;Kazakhstan;Zhezkazgan;381;DZN;UAKD
1996;Santa_Bernardina;Uruguay;Durazno;93;DZO;SUDU
1997;Dazu;China;Dazu;;DZU;ZUDZ
1998;Eagle;United_States;Eagle;276;EAA;PAEG
1999;Abbse;Yemen;Abbse;198;EAB;OYAB
2000;Emae;Vanuatu;Emae;2;EAE;NVSE
2001;Elenak;Marshall_Islands;Kwajalein_Atoll;;EAL;SKBO
2002;Nejran;Saudi_Arabia;Nejran;1214;EAM;OENG
2003;Phifer_Field;United_States;Wheatland;1456;EAN;KEAN
2004;Kearney;United_States;Kearney;650;EAR;KEAR
2005;Donostia_-_San_Sebastian;Spain;San_Sebastian;5;EAS;LESO
2006;Pangborn_Field;United_States;Wenatchee;381;EAT;KEAT
2007;Chippewa_Valley_Regional_Airport;United_States;Eau_Claire_WI;278;EAU;KEAU
2008;Marina_Di_Campo;Italy;Elba_Island;9;EBA;LIRJ
2009;Entebbe;Uganda;Entebbe;1153;EBB;HUEN
2010;El_Obeid;Sudan;El_Obeid;587;EBD;HSOB
2011;El_Bagre;Colombia;El_Bagre;55;EBG;SKEB
2012;Esbjerg;Denmark;Esbjerg;30;EBJ;EKEB
2013;El_Borma;Tunisia;El_Borma;258;EBM;DTTR
2014;Ebadon;Marshall_Islands;Ebadon;;EBN;
2015;Ebon_Airport;Marshall_Islands;Ebon;;EBO;
2016;Downtown;Central_African_Republic;Baton_Rouge;;EBR;AYTK
2017;Municipal;United_States;Webster_City;342;EBS;KEBS
2018;Boutheon;France;St_Etienne;404;EBU;LFMH
2019;Ebolowa;Cameroon;Ebolowa;602;EBW;FKKW
2020;Emmet_County_Airport;United_States;East_Tawas;184;ECA;KECA
2021;Elizabeth_City;United_States;Elizabeth_City_NC;4;ECG;KECG
2022;Echuca;Australia;Echuca;98;ECH;YECH
2023;Ercan;Cyprus;Lefkosa;123;ECN;LCEN
2024;El_Encanto;Colombia;El_Encanto;;ECO;
2025;El_Charco;Colombia;El_Charco;8;ECR;SKEH
2026;Mondell;United_States;Newcastle;1272;ECS;KECS
2027;Edna_Bay;United_States;Edna_Bay;0;EDA;KEDA
2028;Eldebba;Sudan;Eldebba;257;EDB;HSDB
2029;Erldunda;Australia;Erldunda;37;EDD;YERL
2030;Municipal;United_States;Edenton;5;EDE;KEDE
2031;Elmendorf_Afb;United_States;Anchorage;65;EDF;PAED
2032;Weide_AAF;United_States;Edgewood;6;EDG;KEDG
2033;Turnhouse;United_Kingdom;Edinburgh;41;EDI;EGPH
2034;El_Dorado;United_States;El_Dorado;420;EDK;KEQA
2035;Eldoret;Kenya;Eldoret;2116;EDL;HKEL
2036;Les_Ajoncs;France;La_Roche;91;EDM;LFRI
2037;Edremit/korfez;Turkey;Edremit/korfez;15;EDO;LTFD
2038;Erandique;Honduras;Erandique;1280;EDQ;
2039;Edward_River;Australia;Edward_River;3;EDR;YPMP
2040;Edwards_AFB;United_States;Edwards_AFB;704;EDW;KEDW
2041;Needles;United_States;Needles;300;EED;KEED
2042;Eek;United_States;Eek;8;EEK;PAEE
2043;Dillant-Hopkins;United_States;Keene;149;EEN;KEEN
2044;Eight_Fathom_Bight;United_States;Eight_Fathom_Bight;;EFB;SNHN
2045;Ellington_Field;United_States;Houston;10;EFD;KEFD
2046;Efogi;Papua_New_Guinea;Efogi;1158;EFG;AYEF
2047;Newport;United_States;Newport;283;EFK;KEFK
2048;Kefalonia_Istland_International_Airport;Greece;Kefalonia;18;EFL;LGKF
2049;East_Fork;United_States;East_Fork;;EFO;KEFO
2050;Municipal;United_States;Jefferson;318;EFW;KEFW
2051;Engati;Papua_New_Guinea;Engati;1006;EGA;
2052;Roumanieres;France;Bergerac;52;EGC;LFBE
2053;Eagle_County;United_States;Vail/Eagle;1996;EGE;KEGE
2054;Duke_Field;United_States;Valparaiso;58;EGI;KEGI
2055;Neghelli;Ethiopia;Neghelli;1585;EGL;HANG
2056;Sege;Solomon_Islands;Sege;2;EGM;AGGS
2057;Geneina;Sudan;Geneina;808;EGN;HSGN
2058;Belgorod;Russian_Federation;Belgorod;224;EGO;UUOB
2059;Maverick_Co;United_States;Eagle_Pass;270;EGP;KEGP
2060;Egilsstadir;Iceland;Egilsstadir;23;EGS;BIEG
2061;Eagle_River;United_States;Eagle_River;500;EGV;KEGV
2062;Egegik;United_States;Egegik;28;EGX;PAII
2063;El_Bolson;Argentina;El_Bolson;345;EHL;SAVB
2064;Cape_Newenham;United_States;Cape_Newenham;162;EHM;PAEH
2065;Rentschler;United_States;East_Hartford;15;EHT;FLEH
2066;Popondetta;Papua_New_Guinea;Eia;;EIA;
2067;Eisenach;Germany;Eisenach;;EIB;KGRK
2068;Eniseysk;Russian_Federation;Eniseysk;77;EIE;UNII
2069;Einasleigh;Australia;Einasleigh;453;EIH;YEIN
2070;Eielson_AFB;United_States;Fairbanks;167;EIL;PAEI
2071;Eindhoven;Netherlands;Eindhoven;23;EIN;EHEH
2072;Beef_Island;British_Virgin_Islands;Beef_Island;5;EIS;TUPJ
2073;Ein_Yahav;Israel;Ein_Yahav;-50;EIY;LLEY
2074;Variguies;Colombia;Barrancabermeja;126;EJA;SKEJ
2075;Wedjh;Saudi_Arabia;Wedjh;20;EJH;OEWJ
2076;Enijet;Marshall_Islands;Mili_Atoll;;EJT;LIRZ
2077;Murray_Field;United_States;Eureka_CA;2;EKA;KEKA
2078;Ekibastuz;Kazakhstan;Ekibastuz;236;EKB;UASB
2079;Elkedra;Australia;Elkedra;39;EKD;YELK
2080;Ekereku;Guyana;Ekereku;305;EKE;SYEK
2081;Municipal;United_States;Elkhart;237;EKI;KEKM
2082;Elkins;United_States;Elkins;606;EKN;KEKN
2083;Elko_Regional;United_States;Elko_NV;1567;EKO;KEKO
2084;Eskilstuna;Sweden;Eskilstuna;42;EKT;ESSU
2085;Elizabethtown;United_States;Elizabethtown;236;EKX;KEKX
2086;Eagle_Lake;United_States;Eagle_Lake;56;ELA;KELA
2087;San_Bernado;Colombia;El_Banco;34;ELB;SKBC
2088;Elcho_Island;Australia;Elcho_Island;31;ELC;YELD
2089;Goodwin_Field;United_States;El_Dorado;84;ELD;KELD
2090;El_Real;Panama;El_Real;23;ELE;
2091;El_Fasher;Sudan;El_Fasher;729;ELF;HSFS
2092;Djamet;Algeria;El_Golea;398;ELG;DAUE
2093;International;Bahamas;North_Eleuthera;5;ELH;MYEH
2094;Elim;United_States;Elim;49;ELI;PFEL
2095;El_Recreo;Colombia;El_Recreo;274;ELJ;
2096;Municipal;United_States;Elk_City;614;ELK;KELK
2097;Ellisras;South_Africa;Ellisras;851;ELL;FAER
2098;Elmira_Corning_Regional;United_States;Corning_NY;291;ELM;KELM
2099;Bowers_Field;United_States;Ellensburg;538;ELN;KELN
2100;Eldorado;Argentina;Eldorado;209;ELO;SATD
2101;El_Paso_International_Airport;United_States;El_Paso;1207;ELP;KELP
2102;Gassim_Regional_Airport;Saudi_Arabia;Buraidah;648;ELQ;OEGS
2103;Elelim;United_States;Elelim;;ELR;
2104;East_London;South_Africa;East_London;133;ELS;FAEL
2105;Tour_Sinai_City;Egypt;Tour_Sinai_City;35;ELT;HETR
2106;Guemar;Algeria;El_Oued;62;ELU;DAUO
2107;Elfin_Cove_SPB;United_States;Elfin_Cove;0;ELV;PAEL
2108;Ellamar;United_States;Ellamar;0;ELW;KELW
2109;El_Tigre;Venezuela;El_Tigre;;ELX;KELK
2110;Yelland;United_States;Ely;1908;ELY;KELY
2111;Municipal;United_States;Wellsville;647;ELZ;KELZ
2112;East_Midlands;United_Kingdom;Derby;93;EMA;EGNX
2113;Embarkadero;Argentina;San_Francisco;;EMB;KEMB
2114;Emerald;Australia;Emerald;190;EMD;YEML
2115;Emden;Germany;Emden;1;EME;EDWE
2116;Empangeni;South_Africa;Empangeni;91;EMG;FAEM
2117;Emirau;Papua_New_Guinea;Emirau;30;EMI;
2118;Emmonak;United_States;Emmonak;4;EMK;PAEM
2119;Emmen;Switzerland;Luzern;427;EML;LIDE
2120;Kemerer;United_States;Kemerer;2220;EMM;KEMM
2121;Nema;Mauritania;Nema;231;EMN;GQNI
2122;Emo;Papua_New_Guinea;Emo;610;EMO;
2123;Emporia;United_States;Emporia;368;EMP;KEMP
2124;Embessa;Papua_New_Guinea;Embessa;76;EMS;
2125;El_Monte;United_States;El_Monte;90;EMT;KEMT
2126;El_Maiten;Argentina;El_Maiten;719;EMX;SAVD
2127;El_Minya;Egypt;El_Minya;39;EMY;HEMN
2128;Kenai;United_States;Kenai;30;ENA;PAEN
2129;Eneabba_West;Australia;Eneabba_West;;ENB;YEEB
2130;Essey;France;Nancy;229;ENC;LFSN
2131;Vance_Afb;United_States;Enid;398;END;KEND
2132;Ende;Indonesia;Ende;15;ENE;WATE
2133;Enontekio;Finland;Enontekio;306;ENF;EFET
2134;Enshi;China;Enshi;;ENH;ZHES
2135;El_Nido;Philippines;El_Nido;4;ENI;
2136;El_Naranjo;Guatemala;El_Naranjo;41;ENJ;
2137;Enniskillen_St._Angelo;United_Kingdom;Enniskillen;47;ENK;EGAB
2138;Municipal;United_States;Centralia;163;ENL;KENL
2139;Municipal;United_States;Nenana;110;ENN;PANN
2140;Teniente_Prim_Alarcon;Paraguay;Encarnacion;85;ENO;SGEN
2141;Coronel_E_Soto_Cano_AB;Honduras;Coronel_E_Soto_Cano_AB;628;ENQ;
2142;Twente;Netherlands;Enschede;35;ENS;EHTW
2143;Enewetak_Island;Federated_States_of_Micronesia;Enewetak_Island;4;ENT;PKMA
2144;Enugu;Nigeria;Enugu;142;ENU;DNEN
2145;Wendover;United_States;Wendover;1291;ENV;KENV
2146;Kenosha_Regional_Airport;United_States;Kenosha;226;ENW;KENW
2147;Enrique_Olaya_Herrera_International_Airport;Colombia;Medellín;1506;EOH;SKMD
2148;Eday;United_Kingdom;Eday;6;EOI;EGED
2149;Keokuk;United_States;Keokuk;205;EOK;KEOK
2150;El_Dorado;Venezuela;El_Dorado;97;EOR;SVED
2151;Neosho;United_States;Neosho;383;EOS;KEOS
2152;Elorza;Venezuela;Elorza;90;EOZ;SVEZ
2153;El_Palomar;Argentina;El_Palomar;;EPA;NVSM
2154;Browns;United_States;Weeping_Water;361;EPG;KEPG
2155;Ephrata;United_States;Ephrata;389;EPH;KEPH
2156;Epi;Vanuatu;Epi;;EPI;
2157;Episkopi;Cyprus;Episkopi;;EPK;LCRO
2158;Mirecourt;France;Epinal;330;EPL;LFSG
2159;Epena;Congo;Epena;350;EPN;
2160;Esperance;Australia;Esperance;143;EPR;YESP
2161;Arroyo_Barril_International;Dominican_Republic;Samana;17;EPS;MDAB
2162;Eliptamin;Papua_New_Guinea;Eliptamin;1524;EPT;
2163;Parnu;Estonia;Parnu;14;EPU;EEPU
2164;Esquel;Argentina;Esquel;799;EQS;SAVE
2165;Erigavo;Ethiopia;Erigavo;1743;ERA;HCMU
2166;Ernabella;Australia;Ernabella;707;ERB;YERN
2167;Erzincan;Turkey;Erzincan;1153;ERC;LTCD
2168;Berdyansk;Ukraine;Berdyansk;52;ERD;UKDB
2169;Erave;Papua_New_Guinea;Erave;1036;ERE;
2170;Erfurt;Germany;Erfurt;316;ERF;EDDE
2171;Moulay_Ali_Cherif;Morocco;Er-Rachidia;1045;ERH;GMFK
2172;International;United_States;Erie;223;ERI;KERI
2173;Comandante_Kraemer;Brazil;Erechim;761;ERM;SSER
2174;Eirunepe;Brazil;Eirunepe;126;ERN;SWEI
2175;Coast_Guard;Norway;Eldred_Rock;10;ERO;
2176;Errol;United_States;Errol;379;ERR;KERR
2177;Eros;Namibia;Windhoek;1699;ERS;FYWE
2178;Erdenet;Mongolia;Erdenet;;ERT;ZMED
2179;Erume;Papua_New_Guinea;Erume;1951;ERU;
2180;Kerrville;United_States;Kerrville;493;ERV;KERV
2181;Budrum;Turkey;Erzurum;1757;ERZ;LTCE
2182;Esenboga;Turkey;Ankara;953;ESB;LTAC
2183;Delta_County_Arpt;United_States;Escanaba;186;ESC;KESC
2184;Orcas_Island;United_States;Eastsound;10;ESD;KORS
2185;Ensenada;Mexico;Ensenada;20;ESE;MMES
2186;Esler_Field;United_States;Alexandria;34;ESF;KESF
2187;Mariscal_Estigarribia;Paraguay;Mariscal_Estigarribia;169;ESG;SGME
2188;Shoreham;United_Kingdom;Shoreham_By_Sea;2;ESH;EGKA
2189;Espinosa;Brazil;Espinosa;565;ESI;
2190;Eskisehir;Turkey;Eskisehir;787;ESK;LTBI
2191;Elista;Russian_Federation;Elista;153;ESL;URWI
2192;Esmeraldas;Ecuador;Esmeraldas;10;ESM;SETN
2193;Easton;United_States;Easton;22;ESN;KESN
2194;Espanola;United_States;Espanola;1765;ESO;
2195;Birchwood-Pocono;United_States;East_Stroudsburg;146;ESP;KESP
2196;El_Salvador;Chile;El_Salvador;1597;ESR;SCES
2197;Essen;Germany;Essen;129;ESS;EDLE
2198;Municipal;United_States;Estherville;402;EST;KEST
2199;Essaouira;Morocco;Essaouira;117;ESU;GMMI
2200;State;United_States;Easton;678;ESW;KESW
2201;West_Bend;United_States;West_Bend;270;ETB;KETB
2202;Etadunna;Australia;Etadunna;21;ETD;YEDA
2203;Genda_Wuha;Ethiopia;Genda_Wuha;808;ETE;HAMM
2204;Eilat;Israel;Eilat;13;ETH;LLET
2205;Municipal;United_States;Eastland;447;ETN;KETN
2206;Municipal;United_States;Enterprise;110;ETS;KEDN
2207;Metz-nancy-lorraine;France;Metz/nancy;265;ETZ;LFJL
2208;Kaufana;Tonga;Eua;99;EUA;NFTE
2209;Eucla;Australia;Eucla;98;EUC;YECL
2210;Eureka;United_States;Eureka;1815;EUE;KEUE
2211;Weedon_Field;United_States;Eufaula;87;EUF;KEUF
2212;Eugene;United_States;Eugene;114;EUG;KEUG
2213;Neumuenster;Germany;Neumuenster;22;EUM;EDHN
2214;Hassan_I;Western_Sahara;Laayoune;63;EUN;GMML
2215;Paratebueno;Colombia;Paratebueno;;EUO;
2216;Evelio_Javier;Philippines;Antique;7;EUQ;RPVS
2217;F_D_Roosevelt;Netherlands;St_Eustatius;39;EUX;TNCE
2218;Landing_Strip;United_States;Evadale;13;EVA;KEVA
2219;Eva_Downs;Australia;Eva_Downs;213;EVD;YEVA
2220;Evenes;Norway;Harstad-narvik;26;EVE;ENEV
2221;Sveg;Sweden;Sveg;359;EVG;ESND
2222;Evans_Head;Australia;Evans_Head;6;EVH;YEVD
2223;Eveleth;United_States;Eveleth;420;EVM;KEVM
2224;Zvartnots;Armenia;Yerevan;865;EVN;UDYZ
2225;Evansville_Regional_Airport;United_States;Evansville_IN;127;EVV;KEVV
2226;Evanston;United_States;Evanston;2177;EVW;KEVW
2227;Evreux;France;Evreux;141;EVX;LFOE
2228;New_Bedford;United_States;New_Bedford;24;EWB;KEWB
2229;Wildman_Lake;Australia;Wildman_Lake;;EWD;TVSV
2230;Ewer;Indonesia;Ewer;3;EWE;
2231;Enarotali;Indonesia;Enarotali;1866;EWI;WABT
2232;City-County;United_States;Newton;467;EWK;KEWK
2233;Simmons_Nott;United_States;New_Bern;5;EWN;KEWN
2234;Ewo;Congo;Ewo;458;EWO;FCOE
2235;Newark_Liberty_International;United_States;Newark;5;EWR;KEWR
2236;Greenham_RAF;United_Kingdom;Newbury;;EWY;
2237;SPB;United_States;Excursion_Inlet;0;EXI;KEXI
2238;Exmouth_Gulf;Australia;Exmouth_Gulf;3;EXM;YEXM
2239;Exeter;United_Kingdom;Exeter;31;EXT;EGTE
2240;Yelimane;Mali;Yelimane;99;EYL;GAYE
2241;El_Yopal;Colombia;El_Yopal;313;EYP;SKYP
2242;Yerington;United_States;Yerington;1334;EYR;PASY
2243;Eliye_Springs;Kenya;Eliye_Springs;425;EYS;HKES
2244;International;United_States;Key_West;1;EYW;KEYW
2245;Ezeiza_Ministro_Pistarini;Argentina;Buenos_Aires;20;EZE;SAEZ
2246;Elazig;Turkey;Elazig;892;EZS;LTCA
2247;Faranah;Guinea;Faranah;450;FAA;GUFH
2248;Farnborough;United_Kingdom;Farnborough;73;FAB;EGLF
2249;Faaite;French_Polynesia;Faaite;2;FAC;NTKF
2250;Vagar;Faroe_Islands;Sorvag;85;FAE;EKVG
2251;Felker_AAF;Haiti;Fort_Eustis;4;FAF;KFAF
2252;Fagurholsmyri;Iceland;Fagurholsmyri;17;FAG;BIFM
2253;Farah;Afghanistan;Farah;732;FAH;OAFR
2254;Fairbanks_International_Airport;United_States;Fairbanks;134;FAI;PAFA
2255;Diego_Jimenez_Torres;Puerto_Rico;Fajardo;20;FAJ;TJFA
2256;False_Island;United_States;False_Island;0;FAK;KFAK
2257;Falcon_State;United_States;Roma;106;FAL;LPHR
2258;Regional;United_States;Farmington;288;FAM;KFAM
2259;Lista;Norway;Farsund;9;FAN;ENLI
2260;Faro;Portugal;Faro;7;FAO;LPFR
2261;Freida_River;Papua_New_Guinea;Freida_River;34;FAQ;NSFQ
2262;Hector_Field;United_States;Fargo;275;FAR;KFAR
2263;Faskrudsfjordur;Iceland;Faskrudsfjordur;5;FAS;BIFF
2264;Fresno_Air_Terminal_Airport;United_States;Fresno;102;FAT;KFAT
2265;Fakarava;French_Polynesia;Fakarava;4;FAV;NTGF
2266;Municipal;United_States;Fayetteville;58;FAY;KFAY
2267;Fasa;Iran;Fasa;1299;FAZ;OISF
2268;Faizabad;Afghanistan;Faizabad;1119;FBD;OAFZ
2269;Francisco_Beltrao;Brazil;Francisco_Beltrao;640;FBE;SSFB
2270;Simmons_AAF;United_States;Fort_Bragg;74;FBG;KFBG
2271;Ft_Wainwright;United_States;Fairbanks;140;FBK;PAFB
2272;Municipal;United_States;Faribault;323;FBL;KFBL
2273;Luano;Democratic_Republic_Of_Congo;Lubumbashi;1309;FBM;FZQA
2274;Fort_Bridger;United_States;Fort_Bridger;2144;FBR;KFBR
2275;Friday_Harbor_SPB;France;Friday_Harbor_SPB;;FBS;
2276;Municipal;United_States;Fairbury;451;FBY;KFBY
2277;Glacier_Park_International;United_States;Kalispell_MT;907;FCA;KGPI
2278;Ficksburg_Sentra_Oes;South_Africa;Ficksburg;1620;FCB;FAFB
2279;Fresno-Chandler;United_States;Fresno;85;FCH;KFCH
2280;Flying_Cloud;United_States;Minneapolis;276;FCM;KFCM
2281;Cuxhaven/Nordholz;Germany;Cuxhaven;;FCN;FMNN
2282;Leonardo_da_Vinci_International_(Fiumicino);Italy;Rome;5;FCO;LIRF
2283;Butts_AAF;United_States;Colorado_Springs;1790;FCS;KFCS
2284;Firing_Center_AAF;United_States;Yakima;418;FCT;KFCT
2285;Municipal;United_States;Forrest_City;76;FCY;KFCY
2286;Bringeland;Norway;Forde;319;FDE;ENBL
2287;Lamentin;Martinique;Fort_De_France;5;FDF;TFFF
2288;Friedrichshafen;Germany;Friedrichshafen;417;FDH;EDNY
2289;Frederick_Municipal;United_States;Frederick;92;FDK;KFDK
2290;Municipal;United_States;Frederick;383;FDR;KFDR
2291;Bandundu;Zaire;Bandundu;321;FDU;FZBO
2292;Findlay;United_States;Findlay;248;FDY;KFDY
2293;Fetlar;United_Kingdom;Fetlar;82;FEA;
2294;Sanfebagar;Nepal;Sanfebagar;695;FEB;VNSR
2295;Feira_De_Santana;Brazil;Feira_De_Santana;;FEC;GMFF
2296;Fergana;Uzbekistan;Fergana;604;FEG;UTKF
2297;Feijo;Brazil;Feijo;;FEJ;SWFJ
2298;Ferkessedougou;"Cote_D&#039;Ivoire";Ferkessedougou;336;FEK;DIFK
2299;Fuerstenfeldbruck;Germany;Fuerstenfeldbruck;519;FEL;ETSF
2300;Fernando_De_Noronha;Brazil;Fernando_De_Noronha;59;FEN;SBFN
2301;Albertus;United_States;Freeport;262;FEP;KFEP
2302;Fergusons_Gulf;Canada;Fergusons_Gulf;;FER;
2303;San_Fernando;El_Salvador;San_Fernando;132;FES;KFES
2304;Municipal;United_States;Fremont;367;FET;KFET
2305;Warren_AFB;United_States;Cheyenne;1878;FEW;KFEW
2306;Sais;Morocco;Fez;579;FEZ;GMFF
2307;First_Flight;United_States;Kill_Devil_Hills;4;FFA;KFFA
2308;RAF_Station;United_Kingdom;Fairford;87;FFD;EGVA
2309;Municipal;United_States;Fairfield;244;FFL;KFFL
2310;Fergus_Falls;United_States;Fergus_Falls;361;FFM;KFFM
2311;Patterson_Afb;United_States;Dayton;251;FFO;KFFO
2312;Capital_City;United_States;Frankfort_KY;246;FFT;KFFT
2313;Futaleufu;Chile;Futaleufu;349;FFU;SCFT
2314;Fderik;Mauritania;Fderik;293;FGD;GQPF
2315;Fagali_I;Samoa;Apia;40;FGI;NSFI
2316;Fox_Glacier;New_Zealand;Fox_Glacier;119;FGL;NZFH
2317;Fuengirola;Spain;Fuengirola;;FGR;OMFJ
2318;Fangatau;French_Polynesia;Fangatau;3;FGU;NTGB
2319;Municipal;United_States;Sierra_Vista;1438;FHU;KFHU
2320;Fakahina;French_Polynesia;Fakahina;1;FHZ;NTKH
2321;Fire_Cove;United_States;Fire_Cove;;FIC;KFSD
2322;Elizabeth_Field;United_States;Fishers_Island;3;FID;KFID
2323;Fair_Isle;United_Kingdom;Fair_Isle;68;FIE;EGEF
2324;Fria;Guinea;Fria;152;FIG;GUFA
2325;Finke;Australia;Finke;278;FIK;YFNE
2326;Municipal;United_States;Fillmore;1519;FIL;KFOM
2327;Finschhafen;Papua_New_Guinea;Finschhafen;10;FIN;
2328;Five_Finger;United_States;Five_Finger_Coast_Guard_Heliport;15;FIV;
2329;Fitzroy_Crossing;Australia;Fitzroy_Crossing;112;FIZ;YFTZ
2330;Fujairah_Intl;United_Arab_Emirates;Al-fujairah;46;FJR;OMFJ
2331;Soellingen;Germany;Karlsruhe/Baden_Baden;124;FKB;EDSB
2332;Sculthorp_RAF;United_Kingdom;Fakenham;37;FKH;
2333;Kisangani;Democratic_Republic_Of_Congo;Kisangani;432;FKI;FZIC
2334;Fukui;Japan;Fukui;6;FKJ;RJNF
2335;Chess-Lambertin;United_States;Franklin;469;FKL;KFKL
2336;Municipal;United_States;Franklin;12;FKN;KFKN
2337;Fak_Fak;Indonesia;Fak_Fak;141;FKQ;WASF
2338;Fukushima_Airport;Japan;Fukushima;372;FKS;RJSF
2339;Capitolio;Colombia;Florencia;245;FLA;SKFL
2340;Cangapara;Brazil;Floriano;210;FLB;SNQG
2341;Falls_Creek;Australia;Falls_Creek;;FLC;
2342;Fond_Du_Lac;United_States;Fond_Du_Lac;246;FLD;KFLD
2343;Fort_Lee_AAF;Netherlands;Petersburg;30;FLE;KFLE
2344;Schaferhaus;Germany;Flensburg;40;FLF;EDXF
2345;Pulliam_Field;United_States;Grand_Canyon;2138;FLG;KFLG
2346;Flotta;United_Kingdom;Flotta;15;FLH;
2347;Flateyri;Iceland;Flateyri;;FLI;BIHT
2348;Falls_Bay;United_States;Falls_Bay;;FLJ;DIAP
2349;Fort_Lauderdale/Hollywood_International;United_States;Fort_Lauderdale;3;FLL;KFLL
2350;Filadelfia;Paraguay;Filadelfia;139;FLM;SGFI
2351;Hercilio_Luz;Brazil;Florianopolis;6;FLN;SBFL
2352;Florence;United_States;Florence;45;FLO;KFLO
2353;Flippin;United_States;Flippin;219;FLP;KFLP
2354;Peretola;Italy;Florence;43;FLR;LIRQ
2355;Flinders_Island;Australia;Flinders_Island;10;FLS;YFLI
2356;Flat;United_States;Flat;94;FLT;KFLT
2357;Flushing;United_States;New_York;2;FLU;KFLU
2358;Sherman_AAF;United_States;Fort_Leavenworth;235;FLV;KFLV
2359;Santa_Cruz;Portugal;Flores_Island;34;FLW;LPFL
2360;Municipal;United_States;Fallon;1208;FLX;KFLX
2361;Finley;Australia;Finley;116;FLY;YFIL
2362;El_Pucu;Argentina;Formosa;59;FMA;SARF
2363;Five_Mile;United_States;Five_Mile;155;FMC;PAFV
2364;Tipton_AAF;Haiti;Fort_Meade;46;FME;KFME
2365;Flamingo;Costa_Rica;Flamingo;;FMG;
2366;Otis_AFB;United_States;Falmouth;40;FMH;KFMH
2367;Kalemie;Democratic_Republic_Of_Congo;Kalemie;783;FMI;FZRF
2368;Municipal;United_States;Farmington;1678;FMN;KFMN
2369;Greven;Germany;Muenster/Osnabrueck;49;FMO;EDDG
2370;Municipal;United_States;Fort_Madison;221;FMS;KFSW
2371;Page_Field;United_States;Fort_Myers;5;FMY;KFMY
2372;Lungi_International;Sierra_Leone;Freetown;26;FNA;GFLL
2373;Neubrandenburg;Germany;Neubrandenburg;69;FNB;ETNU
2374;Madeira;Portugal;Funchal;59;FNC;LPMA
2375;Fane;Papua_New_Guinea;Fane;1311;FNE;
2376;Fada_Ngourma;Burkina_Faso;Fada_Ngourma;308;FNG;DFEF
2377;Fincha;Ethiopia;Fincha;2316;FNH;HAFN
2378;Garons;France;Nimes;94;FNI;LFTW
2379;Sunan_International;Korea_(North);Pyongyang;36;FNJ;ZKPY
2380;Fin_Creek;United_States;Fin_Creek;229;FNK;YFNE
2381;Municipal_Airport;United_States;Fort_Collins/Loveland;1529;FNL;KFNL
2382;SPB;United_States;Funter_Bay;0;FNR;PANR
2383;Bishop_International_Airport;United_States;Flint;238;FNT;KFNT
2384;Foula;United_Kingdom;Foula;;FOA;
2385;Fort_Bragg;United_States;Fort_Bragg;22;FOB;KFOB
2386;Fuzhou;China;Fuzhou;14;FOC;ZSFZ
2387;Fort_Dodge_Regional;United_States;Fort_Dodge_IA;352;FOD;KFOD
2388;Forbes_Field;United_States;Topeka_KS;329;FOE;KFOE
2389;Gino_Lisa;Italy;Foggia;81;FOG;LIBF
2390;Suffolk_County;United_States;Westhampton;20;FOK;KFOK
2391;Foumban;Cameroon;Foumban;1208;FOM;FKKM
2392;Fortuna;Haiti;Fortuna;115;FON;MRAN
2393;Numfoor;Indonesia;Numfoor;4;FOO;WABF
2394;Morris_AAF;United_States;Forest_Park;;FOP;KFOP
2395;Pinto_Martins;Brazil;Fortaleza;25;FOR;SBFZ
2396;Forrest;Australia;Forrest;156;FOS;YFRT
2397;Forster;Australia;Forster;4;FOT;YFST
2398;Fougamou;Gabon;Fougamou;80;FOU;FOGF
2399;Fox;United_States;Fox;;FOX;KWJF
2400;Foya;Liberia;Foya;450;FOY;
2401;St_Lucie_County;United_States;Fort_Pierce;7;FPR;KFPR
2402;Perry-Foley;United_States;Perry;13;FPY;KFPY
2403;Frankfurt_International_Airport_(rhein-main);Germany;Frankfurt;111;FRA;EDDF
2404;Forbes;Australia;Forbes;232;FRB;YFBS
2405;Franca;Brazil;Franca;1003;FRC;SIMK
2406;Friday_Harbor;United_States;Friday_Harbor;34;FRD;KFHR
2407;Fera_Island;Solomon_Islands;Fera_Island;2;FRE;AGGF
2408;Rhein-Main_AFB;Germany;Frankfurt;96;FRF;EDOL
2409;Republic_Field;United_States;Farmingdale;24;FRG;KFRG
2410;Municipal;United_States;French_Lick;241;FRH;KFRH
2411;Marshall_AAF;United_States;Fort_Riley_KS;325;FRI;KFRI
2412;Frejus;France;Frejus;2;FRJ;LFTU
2413;Fregate_Is;Seychelles;Fregate_Is;186;FRK;FSSF
2414;Luigi_Ridolfi;Italy;Forli;30;FRL;LIPK
2415;Fairmont;United_States;Fairmont;354;FRM;KFRM
2416;Bryant_AAF;Haiti;Fort_Richardson;115;FRN;PAFR
2417;Flora;Norway;Floro;11;FRO;ENFL
2418;Fresh_Water_Bay;United_States;Fresh_Water_Bay;;FRP;KFRP
2419;Feramin;Papua_New_Guinea;Feramin;1402;FRQ;
2420;Front_Royal-Warren_County;United_States;Front_Royal_(VA);216;FRR;KFRR
2421;Santa_Elena;Guatemala;Flores;130;FRS;MGTK
2422;Frutillar;Bolivia;Frutillar;;FRT;SCFI
2423;Manas;Kyrgyzstan;Bishkek;627;FRU;UCFM
2424;Francistown;Botswana;Francistown;1001;FRW;FBFT
2425;Fryeburg;United_States;Fryeburg;138;FRY;KIZG
2426;Fritzlar_Airbase;Germany;Fritzlar;173;FRZ;ETHF
2427;Sud_Corse;France;Figari;27;FSC;LFKF
2428;Joe_Foss_Field_Airport;United_States;Sioux_Falls;436;FSD;KFSD
2429;Henry_Post_AAF;United_States;Fort_Sill;362;FSI;KFSI
2430;Municipal;United_States;Fort_Scott;280;FSK;KFSK
2431;Fossil_Downs;Australia;Fossil_Downs;122;FSL;
2432;Regional;United_States;Fort_Smith;143;FSM;KFSM
2433;Haley_AAF;Haiti;Fort_Sheridan;;FSN;KFSN
2434;Saint-pierre_Pointe-blanche;St._Pierre_and_Miquelon;St_Pierre;8;FSP;LFVP
2435;Kinloss;United_Kingdom;Forres;7;FSS;EGQK
2436;Pecos_County;United_States;Fort_Stockton;918;FST;KFST
2437;Fort_Sumner;United_States;Fort_Sumner;1269;FSU;KFSU
2438;Futuna_Airport;Australia;Futuna_Island;;FTA;NVVF
2439;El_Calafate;Argentina;El_Calafate;204;FTE;SAWC
2440;Fitiuta;American_Samoa;Fitiuta;34;FTI;NSFQ
2441;Godman_AAF;United_States;Fort_Knox;230;FTK;KFTK
2442;Fortuna_Ledge;United_States;Fortuna_Ledge;;FTL;SKGB
2443;Marillac;Madagascar;Fort_Dauphin;9;FTU;FMSD
2444;Meacham_Field;United_States;Fort_Worth;216;FTW;KFTW
2445;Owando;Congo;Owando;370;FTX;FCOO
2446;Fulton_County;United_States;Atlanta;256;FTY;KFTY
2447;Fulleborn;Papua_New_Guinea;Fulleborn;5;FUB;
2448;Sui_Fen_He;China;Sui_Fen_He;;FUD;OOFD
2449;Fuerteventura;Spain;Puerto_del_Rosario;25;FUE;GCFV
2450;Fuyang;China;Fuyang;;FUG;ZSFY
2451;Fukue;Japan;Fukue;83;FUJ;RJFE
2452;Fukuoka;Japan;Fukuoka;10;FUK;RJFF
2453;Municipal;United_States;Fullerton;29;FUL;KFUL
2454;Fuma;Papua_New_Guinea;Fuma;;FUM;
2455;International;Tuvalu;Funafuti_Atol;3;FUN;NGFU
2456;Fuoshan;China;Fuoshan;;FUO;ZGFS
2457;Futuna_Island;Vanuatu;Futuna_Island;6;FUT;NLWF
2458;Flora_Valey;Australia;Flora_Valley;;FVL;LFOE
2459;Forrest_River_Airport;Australia;Forrest_River;;FVR;LIRV
2460;Municipal/Baer_Field;United_States;Fort_Wayne;248;FWA;KFWA
2461;Fort_Worth_NAS_Jrb/Carswell_Field;United_States;Fort_Worth_TX;198;FWH;KNFW
2462;Farewell;United_States;Farewell;468;FWL;PAFW
2463;Heliport;United_Kingdom;Fort_William;;FWM;
2464;Executive;United_States;Fort_Lauderdale;4;FXE;KFXE
2465;Flaxman_Island;United_States;Flaxman_Island;;FXM;ZSAM
2466;Cuamba;Mozambique;Cuamba;585;FXO;FQCB
2467;Municipal;United_States;Forest_City;375;FXY;KFXY
2468;Municipal;United_States;Fayetteville;300;FYM;KFYM
2469;Fuyun;China;Fuyun;;FYN;ZWFY
2470;Faya;Chad;Faya;235;FYT;FTTY
2471;Fort_Yukon;United_States;Fort_Yukon;132;FYU;PFYU
2472;Municipal_(Drake_Fld);United_States;Fayetteville;381;FYV;KFYV
2473;Filton;United_Kingdom;Bristol;69;FZO;EGTG
2474;Guamal;Colombia;Guamal;;GAA;SKGY
2475;Gabbs;United_States;Gabbs;1433;GAB;KGAB
2476;Gracias;Honduras;Gracias;843;GAC;
2477;Municipal;United_States;Gadsden;173;GAD;KGAD
2478;Gabes;Tunisia;Gabes;8;GAE;DTTG
2479;Gafsa;Tunisia;Gafsa;323;GAF;DTTF
2480;Gage;United_States;Gage;678;GAG;KGAG
2481;Gayndah;Australia;Gayndah;112;GAH;YGAY
2482;Montgomery_County;United_States;Gaithersburg;164;GAI;KGAI
2483;Junmachi;Japan;Yamagata;108;GAJ;RJSC
2484;Gakona;United_States;Gakona;443;GAK;KGAG
2485;Galena;United_States;Galena;47;GAL;PAGA
2486;Gambell;United_States;Gambell;8;GAM;PAGM
2487;Gan_Airport;Maldives;Gan_Island;2;GAN;VRMG
2488;Los_Canos;Cuba;Guantanamo;17;GAO;MUGT
2489;Gusap;Papua_New_Guinea;Gusap;442;GAP;
2490;Gao;Mali;Gao;265;GAQ;GAGO
2491;Garaina;Papua_New_Guinea;Garaina;732;GAR;
2492;Garissa;Kenya;Garissa;145;GAS;HKGA
2493;Tallard;France;Gap;605;GAT;LFNA
2494;Borjhar;India;Gawahati;49;GAU;VEGT
2495;Gag_Island;Indonesia;Gag_Island;8;GAV;
2496;Gangaw;Myanmar;Gangaw;61;GAW;VYGG
2497;Gamba;Gabon;Gamba;4;GAX;
2498;Gaya;India;Gaya;116;GAY;VEGY
2499;Guasopa;Papua_New_Guinea;Guasopa;3;GAZ;KGAZ
2500;Big_Bay;Vanuatu;Big_Bay;133;GBA;EGBP
2501;Gara_Djebilet;Mauritania;Gara_Djebilet;;GBB;
2502;Gasuke;Papua_New_Guinea;Gasuke;;GBC;
2503;Great_Bend;United_States;Great_Bend;575;GBD;KGBD
2504;Sir_Seretse_Khama_International;Botswana;Gaborone;1006;GBE;FBSK
2505;Negarbo;Papua_New_Guinea;Negarbo;1372;GBF;
2506;Galesburg;United_States;Galesburg;233;GBG;KGBG
2507;Galbraith_Lake;United_States;Galbraith_Lake;812;GBH;PAGB
2508;Auxiliary_Airfield;Bahamas;Grand_Bahama;2;GBI;MYGM
2509;Les_Bases;Guadeloupe;Marie_Galante;5;GBJ;TFFM
2510;Gbangbatok;Sierra_Leone;Gbangbatok;23;GBK;GFGK
2511;Goulburn_Island;Australia;Goulburn_Island;19;GBL;YGBI
2512;Garbaharey;Ethiopia;Garbaharey;230;GBM;
2513;San_Giovanni_Rotondo;Italy;San_Giovanni_Rotondo;269;GBN;KGBN
2514;Baltimore_Greenbelt_T;United_States;Baltimore;;GBO;SQGO
2515;Gamboola;Australia;Gamboola;149;GBP;YGAM
2516;Muharraq;Bahrain;Muharraq;;GBQ;
2517;Walter_J._Koladza_Airport;United_States;Great_Barrington;225;GBR;KGBR
2518;Port_Fitzroy;New_Zealand;Port_Fitzroy;;GBS;
2519;Gorgan;Iran;Gorgan;;GBT;OING
2520;Khashm_El_Girba;Sudan;Khashm_El_Girba;475;GBU;HSKG
2521;Gibb_River;Australia;Gibb_River;509;GBV;YGIB
2522;Great_Barrier_Island;New_Zealand;Great_Barrier_Island;3;GBZ;NZGB
2523;Guacamaya;Colombia;Guacamaya;457;GCA;
2524;Campbell_County;United_States;Gillette;1330;GCC;KGCC
2525;Gachsaran;Iran;Gachsaran;736;GCH;OIAH
2526;Guernsey;Guernsey;Guernsey;102;GCI;EGJB
2527;Grand_Central;South_Africa;Johannesburg;1623;GCJ;FAGC
2528;Garden_City_Municipal_Airport;United_States;Garden_City_KS;881;GCK;KGCK
2529;Owen_Roberts_International;Cayman_Islands;Georgetown;2;GCM;MWCR
2530;National_Park;United_States;Grand_Canyon;2014;GCN;KGCN
2531;Gravatai;Brazil;Gravatai;;GCV;LIPE
2532;Municipal;United_States;Greenville;490;GCY;KGCY
2533;Gounda;Central_African_Republic;Gounda;460;GDA;
2534;Donaldson_Center;United_States;Greenville;291;GDC;KGYH
2535;Gordon_Downs;Australia;Gordon_Downs;244;GDD;YGDN
2536;Gode/Iddidole;Ethiopia;Gode/Iddidole;254;GDE;HAGO
2537;Magdagachi;Russian_Federation;Magdagachi;;GDG;UHBI
2538;Golden_Horn_Lodge_SPB;United_States;Golden_Horn_Lodge_Alaska;28;GDH;KGDH
2539;Gordil;Central_African_Republic;Gordil;;GDI;FEGL
2540;Gandajika;Democratic_Republic_Of_Congo;Gandajika;798;GDJ;FZWC
2541;Miguel_Hidalgo_International_Airport;Mexico;Guadalajara;1529;GDL;MMGL
2542;Municipal;United_States;Gardner;291;GDM;KGDM
2543;Lech_Walesa;Poland;Gdansk;149;GDN;EPGD
2544;Vare_Maria;Venezuela;Guasdualito;130;GDO;SVGD
2545;Guadalupe;Brazil;Guadalupe;172;GDP;SNGD
2546;Gondar;Ethiopia;Gondar;1994;GDQ;HAGN
2547;Grand_Turk_Is;Turks_and_Caicos_Islands;Grand_Turk_Is;5;GDT;MBGT
2548;Dawson_Community;United_States;Glendive;749;GDV;KGDV
2549;Gladwin;United_States;Gladwin;237;GDW;KGDW
2550;Sokol;Russian_Federation;Magadan;175;GDX;UHMM
2551;Gelendzik;Russian_Federation;Gelendzik;30;GDZ;URKG
2552;Magenta;New_Caledonia;Noumea;3;GEA;NWWM
2553;Gebe;Indonesia;Gebe;38;GEB;WAMJ
2554;Gecitkale;Cyprus;Gecitkale;44;GEC;
2555;Sussex_County;United_States;Georgetown;16;GED;KGED
2556;George_Town;Australia;George_Town;;GEE;YGTO
2557;Geva_Airstrip;Central_African_Republic;Geva;;GEF;AGEV
2558;Spokane_International;United_States;Spokane;727;GEG;KGEG
2559;Green_Islands;Papua_New_Guinea;Green_Islands;;GEI;
2560;Ganes_Creek;United_States;Ganes_Creek;221;GEK;LIMW
2561;Sepe_Tiaraju;Brazil;Santo_Angelo;322;GEL;SBNM
2562;Oslo_-_Gardermoen_Airport;Norway;Oslo;204;GEN;KBOS
2563;Rafael_Cabrera;Cuba;Nueva_Gerona;24;GER;MUNG
2564;General_Santos_International;Philippines;General_Santos;9;GES;RPMB
2565;Geraldton;Australia;Geraldton;37;GET;YGEL
2566;Gallivare;Sweden;Gallivare;313;GEV;ESNG
2567;Gewoia;Papua_New_Guinea;Gewoia;500;GEW;
2568;Geelong;Australia;Geelong;;GEX;YGLG
2569;South_Big_Horn_County;United_States;Greybull;1201;GEY;KGEY
2570;Malmstrom_AFB;United_States;Great_Falls;1058;GFA;KGFA
2571;Togiak_Fish;United_States;Togiak_Fish;;GFB;YPGV
2572;Pope_Field;Guyana;Greenfield;273;GFD;KGFD
2573;Grenfell;Australia;Grenfell;;GFE;
2574;Griffith;Australia;Griffith;134;GFF;YGTH
2575;Grand_Forks;United_States;Grand_Forks;258;GFK;KGFK
2576;Warren_County;United_States;Glens_Falls;100;GFL;KGFL
2577;Grafton;Australia;Grafton;34;GFN;YGFN
2578;Bartica;Guyana;Bartica;46;GFO;SYBT
2579;Granville;France;Granville;14;GFR;LFRF
2580;Grootfontein;Namibia;Grootfontein;1413;GFY;FYGF
2581;Lumbala;Angola;Lumbala;1128;GGC;FNBL
2582;Gregory_Downs;Australia;Gregory_Downs;52;GGD;YGDS
2583;Georgetown;United_States;Georgetown;12;GGE;KGGE
2584;Kilgore;United_States;Kilgore;111;GGG;KGGG
2585;Gilgal;Colombia;Gilgal;;GGL;
2586;Gagnoa;"Cote_D&#039;Ivoire";Gagnoa;223;GGN;DIGA
2587;Guiglo;"Cote_D&#039;Ivoire";Guiglo;220;GGO;DIGL
2588;Garoe;Ethiopia;Garoe;534;GGR;HCMG
2589;Gobernador_Gregores;Argentina;Gobernador_Gregores;356;GGS;SAWR
2590;Exuma_International;Bahamas;George_Town;3;GGT;MYEF
2591;International;United_States;Glasgow;700;GGW;KGGW
2592;Noumerate;Algeria;Ghardaia;461;GHA;DAUG
2593;Governors_Harbour;Bahamas;Governors_Harbour;8;GHB;MYEM
2594;Great_Harbour;Bahamas;Great_Harbour;5;GHC;MYBG
2595;Ghimbi;Ethiopia;Ghimbi;;GHD;
2596;Garachine;Panama;Garachine;15;GHE;
2597;Giebelstadt;Germany;Giebelstadt;;GHF;OOGB
2598;Gush_Katif;Israel;Gush_Katif;;GHK;LLAZ
2599;Municipal;United_States;Centerville;233;GHM;KGHM
2600;Guanghan;China;Guanghan;;GHN;ZUGH
2601;Ghat;Libya;Ghat;700;GHT;HLGT
2602;Gualeguaychu;Argentina;Gualeguaychu;23;GHU;SAAG
2603;North_Front;Gibraltar;Gibraltar;5;GIB;LXGB
2604;Boigu_Island;Papua_New_Guinea;Boigu_Island;3;GIC;YBOI
2605;Gitega;Burundi;Gitega;1750;GID;HBBE
2606;Gilbert_Field;United_States;Winter_Haven;44;GIF;KGIF
2607;Galeão–antonio_Carlos_Jobim_International_Airport;Brazil;Rio_De_Janeiro;9;GIG;SBGL
2608;Siguiri;Guinea;Siguiri;395;GII;GUSI
2609;Gilgit;Pakistan;Gilgit;1462;GIL;OPGT
2610;Miele_Mimbale;Gabon;Miele_Mimbale;330;GIM;
2611;Girardot;Colombia;Girardot;274;GIR;SKGI
2612;Gisborne;New_Zealand;Gisborne;5;GIS;NZGS
2613;Geita;Tanzania;Geita;1204;GIT;
2614;Sigiriya_Slaf_Base;Sri_Lanka;Sigiriya;;GIU;VVDB
2615;Giyani;Egypt;Giyani;480;GIY;FAGI
2616;Jazan;Saudi_Arabia;Jazan;6;GIZ;OEGN
2617;Guanaja;Honduras;Guanaja;15;GJA;MHNJ
2618;Jijel;Algeria;Jijel;11;GJL;DAAV
2619;Guajara-Mirim;Brazil;Guajara-Mirim;146;GJM;SBGM
2620;Gjogur;Iceland;Gjogur;25;GJR;BIGJ
2621;Walker_Field;United_States;Grand_Junction;1481;GJT;KGJT
2622;Goroka;Papua_New_Guinea;Goroka;1610;GKA;AYGA
2623;Geilenkirchen;Germany;Geilenkirchen;90;GKE;ETNG
2624;Gorkha;Nepal;Gorkha;457;GKH;VNGK
2625;Great_Keppel_Island;Australia;Great_Keppel_Island;76;GKL;YGKL
2626;Gulkana;United_States;Gulkana;483;GKN;PAGK
2627;Kongoboumba;Gabon;Kongoboumba;190;GKO;
2628;Gatlinburg;United_States;Gatlinburg;309;GKT;KGKT
2629;Glasgow_International;United_Kingdom;Glasgow;8;GLA;EGPF
2630;Geladi;Ethiopia;Geladi;;GLC;HAGL
2631;Renner_Field;United_States;Goodland;1114;GLD;KGLD
2632;Municipal;France;Gainesville;258;GLE;KGLE
2633;Golfito;Costa_Rica;Golfito;15;GLF;MRGF
2634;Glengyle;Australia;Glengyle;91;GLG;YGLE
2635;Greenville;United_States;Greenville;40;GLH;KGLH
2636;Glen_Innes;Australia;Glen_Innes;1046;GLI;YGLI
2637;Galcaio;Ethiopia;Galcaio;297;GLK;HCMR
2638;Klanten_Arpt;Norway;Gol;830;GLL;ENUK
2639;Glenormiston;Australia;Glenormiston;158;GLM;YGLO
2640;Goulimime;Morocco;Goulimime;300;GLN;
2641;Gloucestershire;United_Kingdom;Gloucester;31;GLO;EGBJ
2642;Gulgubip;Papua_New_Guinea;Gulgubip;1417;GLP;
2643;Glennallen;United_States;Glennallen;351;GLQ;KHLX
2644;Otsego_County;United_States;Gaylord;405;GLR;KGLR
2645;Scholes_Field;United_States;Galveston;2;GLS;KGLS
2646;Gladstone;Australia;Gladstone;20;GLT;YGLA
2647;Golovin;United_States;Golovin;18;GLV;PAGL
2648;Municipal;United_States;Glasgow;218;GLW;KGLW
2649;Galela;Indonesia;Galela;55;GLX;WAMA
2650;Goldsworthy;Australia;Goldsworthy;131;GLY;
2651;Gilze-Rijen;Netherlands;Breda;15;GLZ;EHGR
2652;Gemena;Democratic_Republic_Of_Congo;Gemena;420;GMA;FZFK
2653;Gambela;Ethiopia;Gambela;540;GMB;HAGM
2654;Guerima;Colombia;Guerima;;GMC;
2655;Gomel;Belarus;Gomel;144;GME;UMGG
2656;Gasmata_Island;Papua_New_Guinea;Gasmata_Island;3;GMI;
2657;Gamboma;Congo;Gamboma;460;GMM;FCOG
2658;Greymouth;New_Zealand;Greymouth;4;GMN;NZGM
2659;Gambier_Is;French_Polynesia;Gambier_Is;2;GMR;NTGJ
2660;Guimaraes;Brazil;Guimaraes;3;GMS;SNGM
2661;Granite_Mountain;United_States;Granite_Mountain;400;GMT;PAGZ
2662;Greenville_Downtown;United_States;Greenville;319;GMU;KGMU
2663;Monument_Valley;Papua_New_Guinea;Monument_Valley_Gldngs;1583;GMV;
2664;Rheindahlen;Germany;Rheindahlen;;GMY;
2665;La_Gomera;Spain;San_Sebas_De_La_Gomera;219;GMZ;GCGM
2666;Grodna;Belarus;Grodna;135;GNA;UMMG
2667;Grenoble-isere_Airport_(St_Geoirs);France;Grenoble;397;GNB;LFLS
2668;Point_Salines_International;Grenada;St._Georges;12;GND;TGPY
2669;Ghent;Belgium;Ghent;10;GNE;
2670;Gooding;United_States;Gooding;1138;GNG;KGNG
2671;Green_Island;Taiwan;Green_Island;9;GNI;RCGI
2672;Guanambi;Brazil;Guanambi;553;GNM;SNGI
2673;Ghinnir;Ethiopia;Ghinnir;1981;GNN;HAGH
2674;General_Roca;Argentina;General_Roca;260;GNR;SAHR
2675;Binaka;Indonesia;Gunungsitoli;6;GNS;WIMB
2676;Milan;United_States;Grants;1992;GNT;KGNT
2677;Goodnews_Bay;United_States;Goodnews_Bay;5;GNU;KGNU
2678;Gainesville_Regional;United_States;Gainesville;46;GNV;KGNV
2679;Ghanzi;Botswana;Ghanzi;1137;GNZ;FBGZ
2680;Cristoforo_Colombo;Italy;Genova;4;GOA;LIMJ
2681;Goba;Ethiopia;Goba;2405;GOB;HAGB
2682;Gora;Papua_New_Guinea;Gora;701;GOC;
2683;Gonalia;Papua_New_Guinea;Gonalia;3;GOE;
2684;Goodfellow_AFB;Italy;San_Angelo;;GOF;KGOF
2685;Gobabis;Namibia;Gobabis;1441;GOG;FYGB
2686;Nuuk;Greenland;Nuuk;86;GOH;BGGH
2687;Dabolim;India;Goa;56;GOI;VAGO
2688;Strigino;Russian_Federation;Nizhniy_Novgorod;78;GOJ;UWGG
2689;Guthrie;United_States;Guthrie;326;GOK;KGOK
2690;State;United_States;Gold_Beach;6;GOL;KGOL
2691;Goma;Democratic_Republic_Of_Congo;Goma;1551;GOM;FZNA
2692;New_London;United_States;New_London;3;GON;KGON
2693;Goondiwindi;Australia;Goondiwindi;218;GOO;YGDI
2694;Gorakhpur;India;Gorakhpur;79;GOP;VEGK
2695;Golmud;China;Golmud;;GOQ;ZLGM
2696;Gore;Ethiopia;Gore;2006;GOR;HAGR
2697;Gosford;Australia;Gosford;;GOS;
2698;Landvetter;Sweden;Gothenburg;154;GOT;ESGG
2699;Garoua;Cameroon;Garoua;242;GOU;FKKR
2700;Nhulunbuy;Australia;Gove;62;GOV;YPGV
2701;Amparai;Sri_Lanka;Gal_Oya;46;GOY;VCCG
2702;Gorna_Oriahovitsa;Bulgaria;Gorna_Oriahovitsa;87;GOZ;LBGO
2703;Araxos_Airport;Greece;Patras;14;GPA;LGRX
2704;Tancredo_Thomaz_Faria;Brazil;Guarapuava;1065;GPB;SBGU
2705;Guapi;Colombia;Guapi;50;GPI;SKGP
2706;Guapiles;Costa_Rica;Guapiles;269;GPL;MRGP
2707;Garden_Point;Australia;Garden_Point;27;GPN;YGPT
2708;General_Pico;Argentina;General_Pico;140;GPO;SAZG
2709;Baltra;Ecuador;Galapagos_Is;63;GPS;SEGS
2710;Gulfport-Biloxi_International;United_States;Gulfport;9;GPT;KGPT
2711;Grand_Rapids;United_States;Grand_Rapids;413;GPZ;KGPZ
2712;RAF_Station;United_Kingdom;Machrihanish;;GQJ;
2713;Galion;United_States;Galion;373;GQQ;KGQQ
2714;Gamarra;Colombia;Gamarra;213;GRA;
2715;Austin-straubel_Field;United_States;Green_Bay;212;GRB;KGRB
2716;Grand_Cess;Liberia;Grand_Cess;8;GRC;
2717;Greenwood;United_States;Greenwood;192;GRD;KGRD
2718;Municipal;United_States;Greenville;165;GRE;KGRE
2719;Gray_Aaf;United_States;Tacoma;91;GRF;KGRF
2720;Gardez;Afghanistan;Gardez;2374;GRG;OAGZ
2721;Garuahi;Papua_New_Guinea;Garuahi;15;GRH;
2722;Grand_Island;United_States;Grand_Island_NE;563;GRI;KGRI
2723;George;South_Africa;George;198;GRJ;FAGG
2724;Gray_Aaf;United_States;Fort_Hood_TX;309;GRK;KGRK
2725;Garasa;Papua_New_Guinea;Garasa;2414;GRL;
2726;Devils_Track;United_States;Grand_Marais;548;GRM;KCKC
2727;Gordon;United_States;Gordon;1086;GRN;KGRN
2728;Girona-Costa_Brava;Spain;Gerona;143;GRO;LEGE
2729;Gurupi;Brazil;Gurupi;347;GRP;SWGI
2730;Eelde;Netherlands;Groningen;5;GRQ;EHGG
2731;Kent_County_Intl;United_States;Grand_Rapids;242;GRR;KGRR
2732;Baccarini;Italy;Grosseto;5;GRS;LIRS
2733;Gujrat;Pakistan;Gujrat;;GRT;
2734;Guarulhos_Intl;Brazil;Sao_Paulo;750;GRU;SBGR
2735;Groznyj;Russian_Federation;Groznyj;167;GRV;URMG
2736;Graciosa_Island;Portugal;Graciosa_Island;26;GRW;LPGR
2737;Granada;Spain;Granada;567;GRX;LEGR
2738;Grimsey;Iceland;Grimsey;20;GRY;BIGR
2739;Thalerhof;Austria;Graz;340;GRZ;LOWG
2740;Long_Pasia;Malaysia;Long_Pasia;968;GSA;WBKN
2741;Seymour_Johnson_AFB;United_States;Goldsboro;33;GSB;KGSB
2742;Gascoyne_Junction;Australia;Gascoyne_Junction;152;GSC;YGSC
2743;Gothenburg_City_Airport;Sweden;Gothenburg;18;GSE;ESGP
2744;Goshen;United_States;Goshen;252;GSH;KGSH
2745;Guadalcanal;Solomon_Islands;Guadalcanal;2;GSI;
2746;Taltheilei_Narrows;Canada;Taltheilei_Narrows;;GSL;SAZV
2747;Gheshm;Iran;Gheshm;14;GSM;OIKQ
2748;Mount_Gunson;Australia;Mount_Gunson;87;GSN;YMGN
2749;Piedmont_Triad_Intl;United_States;High_Point;282;GSO;KGSO
2750;"Greenville_Spartanbur_Int&#039;l_Airport";United_States;Greenville;294;GSP;KGSP
2751;Shark_Elowainat;Egypt;Shark_Elowainat;262;GSQ;HEOW
2752;Gardo;Ethiopia;Gardo;802;GSR;HCMG
2753;Sabi_Sabi;South_Africa;Sabi_Sabi;975;GSS;
2754;Gustavus_Arpt;United_States;Gustavus;11;GST;PAGS
2755;Gedaref;Sudan;Gedaref;500;GSU;HSGF
2756;Binbrook;United_Kingdom;Grimsby;114;GSY;EGXB
2757;Gatokae_Aerodrom;Solomon_Islands;Gatokae;;GTA;
2758;Genting;Malaysia;Genting;;GTB;
2759;Green_Turtle;Bahamas;Green_Turtle;;GTC;
2760;Alyangula;Australia;Groote_Eylandt;16;GTE;YGTE
2761;International;United_States;Great_Falls;1122;GTF;KGTF
2762;Municipal;United_States;Grantsburg;283;GTG;KGTG
2763;Guettin;Germany;Guettin;21;GTI;EDCG
2764;Sungei_Tekai;Malaysia;Sungei_Tekai;;GTK;
2765;Glentanner;New_Zealand;Mount_Cook;555;GTN;NZGT
2766;Tolotio;Indonesia;Gorontalo;32;GTO;WAMG
2767;Golden_Triangle_Reg.;United_States;Columbus;80;GTR;KGTR
2768;Granites;Australia;Granites;338;GTS;YGDW
2769;Georgetown;Australia;Georgetown;303;GTT;YGTN
2770;Holesov;Czech_Republic;Zlin;231;GTW;LKHO
2771;Gettysburg;United_States;Gettysburg;180;GTY;KGTY
2772;La_Aurora;Guatemala;Guatemala_City;1509;GUA;MGGT
2773;Guerrero_Negro;Mexico;Guerrero_Negro;18;GUB;MMGR
2774;Gunnison;United_States;Gunnison;2341;GUC;KGUC
2775;Goundam;Mali;Goundam;264;GUD;GAGM
2776;Guriaso;Papua_New_Guinea;Guriaso;122;GUE;
2777;Edwards;United_States;Gulf_Shores;5;GUF;KJKA
2778;Guari;Papua_New_Guinea;Guari;1890;GUG;
2779;Gunnedah;Australia;Gunnedah;263;GUH;YGDH
2780;Guiria;Venezuela;Guiria;13;GUI;SVGI
2781;Guaratingueta;Brazil;Guaratingueta;537;GUJ;SBGW
2782;Goulburn;Australia;Goulburn;653;GUL;YGLB
2783;Gunter_AFB;United_Kingdom;Montgomery;;GUN;KGUN
2784;Gualaco;Honduras;Gualaco;680;GUO;
2785;Senator_Clark;United_States;Gallup;1973;GUP;KGUP
2786;Guanare;Venezuela;Guanare;185;GUQ;SVGU
2787;Gurney;Papua_New_Guinea;Alotau;27;GUR;AYGN
2788;Grissom_Afb;United_States;Peru_Indiana;247;GUS;KGUS
2789;Guetersloh;Germany;Guetersloh;72;GUT;ETUO
2790;Grundarfjordur;Iceland;Grundarfjordur;5;GUU;BIGF
2791;Mougulu;Papua_New_Guinea;Mougulu;213;GUV;
2792;Atyrau_International;Kazakhstan;Atyrau;7;GUW;UATG
2793;Guna;India;Guna;488;GUX;VAGN
2794;Guymon;United_States;Guymon;952;GUY;KGUY
2795;Guarapari;Brazil;Guarapari;;GUZ;LLAZ
2796;Geneve-cointrin;Switzerland;Geneva;430;GVA;LSGG
2797;Municipal;United_States;Gordonsville;138;GVE;KGVE
2798;Green_River;Papua_New_Guinea;Green_River;85;GVI;
2799;Lee_Gilmer_Memorial;United_States;Gainesville;389;GVL;KGVL
2800;Greenvale;Australia;Greenvale;;GVP;YGNV
2801;Governador_Valadares;Brazil;Governador_Valadares;171;GVR;SBGV
2802;Majors_Field;United_States;Greenville;163;GVT;KGVT
2803;Richards-Gebaur;United_States;Grandview;;GVW;YPGV
2804;Sandviken;Sweden;Gavle;68;GVX;ESSK
2805;Gwa;Myanmar;Gwa;3;GWA;VYGW
2806;Gwadar;Pakistan;Gwadar;11;GWD;OPGD
2807;Gweru;Zimbabwe;Gweru;1426;GWE;FVTL
2808;Gwalior;India;Gwalior;188;GWL;VIGR
2809;Gnarowein;Papua_New_Guinea;Gnarowein;;GWN;
2810;Leflore;United_States;Greenwood;49;GWO;KGWO
2811;Glenwood_Springs;United_States;Glenwood_Springs;1803;GWS;KGWS
2812;Westerland_-_Sylt;Germany;Westerland;16;GWT;EDXW
2813;Glendale;Zimbabwe;Glendale;198;GWV;KGWV
2814;Raf_Gatow;Germany;Berlin;166;GWW;
2815;Carnmore;Ireland;Galway;25;GWY;EICM
2816;Seiyun;Yemen;Seiyun;639;GXF;OYSY
2817;Negage;Angola;Negage;1251;GXG;FNNG
2818;NAF;United_Kingdom;Mildenhall;;GXH;EGUN
2819;Ten._Vidal;Chile;Coyhaique;311;GXQ;SCCY
2820;Yagoua;Cameroon;Yagoua;326;GXX;FKKJ
2821;Weld_County;United_States;Greeley;1432;GXY;KGXY
2822;Guayaramerin;Brazil;Guayaramerin;170;GYA;SLGY
2823;Heydar_Aliyev;Azerbaijan;Baku;3;GYD;UBBB
2824;Simon_Bolivar;Ecuador;Guayaquil;6;GYE;SEGY
2825;Gisenyi;Rwanda;Gisenyi;1549;GYI;HRYG
2826;Argyle;Australia;Argyle;159;GYL;YARG
2827;Gen_Jose_M_Yanez;Mexico;Guaymas;18;GYM;MMGM
2828;Santa_Genoveva;Brazil;Goiania;747;GYN;SBGO
2829;Gympie;Australia;Gympie;79;GYP;YGYM
2830;Litchfield;United_States;Goodyear;295;GYR;KGYR
2831;Guang_Yuan;China;Guang_Yuan;;GYS;ZUGU
2832;Gary/Chicago_International;United_States;Gary_(IN);180;GYY;KGYY
2833;Ghazni;Afghanistan;Ghazni;2210;GZI;OAGN
2834;Gozo_Heliport;Malta;Gozo;101;GZM;LMMG
2835;Gizo;Solomon_Islands;Gizo;4;GZO;AGGN
2836;Gaziantep;Turkey;Gaziantep;706;GZT;LTAJ
2837;Ghazvin;Iran;Ghazvin;1275;GZW;OIIK
2838;Hasvik;Norway;Hasvik;6;HAA;ENHK
2839;Marion_County;United_States;Hamilton;133;HAB;KHAB
2840;Hachijo_Jima;Japan;Hachijo_Jima;92;HAC;RJTH
2841;Halmstad;Sweden;Halmstad;31;HAD;ESMT
2842;Havasupai;United_States;Havasupai;524;HAE;KHAE
2843;Half_Moon;United_States;Half_Moon;20;HAF;KHAF
2844;Prince_Said_Ibrahim_In;Comoros;Moroni;28;HAH;FMCH
2845;Dr_Haines;Liberia;Three_Rivers;251;HAI;KHAI
2846;Hanover_Arpt;Germany;Hanover;56;HAJ;EDDV
2847;Haikou;China;Haikou;23;HAK;ZJHK
2848;Halali;Namibia;Halali;1105;HAL;FYHI
2849;Hamburg_Airport;Germany;Hamburg;16;HAM;EDDH
2850;Noibai_International;Vietnam;Hanoi;12;HAN;VVNB
2851;Hamilton;United_States;Hamilton;193;HAO;KHAO
2852;Long_Island;Papua_New_Guinea;Long_Island;;HAP;
2853;Hanimaadhoo;Maldives;Hanimaadhoo;1;HAQ;VRMH
2854;Capital_City;United_States;Harrisburg;106;HAR;KCXY
2855;Hail;Saudi_Arabia;Hail;1015;HAS;OEHL
2856;Heathlands;Australia;Heathlands;110;HAT;YHTL
2857;Haugesund;Norway;Haugesund;26;HAU;ENHD
2858;Jose_Marti_Intl;Cuba;Havana;64;HAV;MUHA
2859;Haverfordwest;United_Kingdom;Haverfordwest;48;HAW;EGFE
2860;Hatbox_Field;United_States;Muskogee;191;HAX;KHAX
2861;Haycock;United_States;Haycock;53;HAY;KHAY
2862;Hatzfeldthaven;Papua_New_Guinea;Hatzfeldthaven;4;HAZ;
2863;Hobart;Australia;Hobart;4;HBA;YMHB
2864;Industrial_Airpark;Australia;Hobbs;1130;HBB;KHBB
2865;Hanus_Bay;United_States;Hanus_Bay;;HBC;KHII
2866;Habi;Saudi_Arabia;Habi;;HBD;DIAP
2867;Borg_El_Arab;Egypt;Alexandria;54;HBE;HEBA
2868;The_Hattiesburg-Bobby_L._Chain_Mun.;United_States;Hattiesburg;46;HBG;KHBG
2869;Hobart_Bay;United_States;Hobart_Bay;0;HBH;KHBH
2870;Harbour_Island;Bahamas;Harbour_Island;205;HBI;KHBI
2871;Babelegi_Heliport;South_Africa;Babelegi;;HBL;
2872;Flamingo;Cambodia;Phu-bon;;HBN;
2873;Municipal;United_States;Humboldt;302;HBO;KHOU
2874;Hobart;United_States;Hobart_OK;476;HBR;KHBR
2875;Hafr_Albatin;Saudi_Arabia;Hafr_Albatin;358;HBT;
2876;Hubli;India;Hubli;662;HBX;VAHB
2877;Howard_County;United_States;Big_Spring;784;HCA;KHCA
2878;Shoal_Cove;United_States;Shoal_Cove;;HCB;KHCB
2879;Columbia_County;Kyrgyzstan;Hudson;60;HCC;
2880;Eil;Somalia;Eil;247;HCM;HCME
2881;Hengchun;China;Hengchun;14;HCN;RCKW
2882;Halls_Creek;Australia;Halls_Creek;410;HCQ;YHLC
2883;Holy_Cross;United_States;Holy_Cross;21;HCR;PAHC
2884;Randburg_Heliport;Namibia;Johannesburg;;HCS;
2885;Cheraw;United_States;Cheraw;73;HCW;KCQW
2886;Hidden_Falls;United_States;Hidden_Falls;;HDA;SPOV
2887;Heidelberg;Germany;Heidelberg;;HDB;EDIU
2888;Hyderabad;Pakistan;Hyderabad;40;HDD;OPKD
2889;Brewster_Field;United_States;Holdrege;705;HDE;KHDE
2890;Heringsdorf;Germany;Heringsdorf;28;HDF;EDAH
2891;Dillingham_Airfield;United_States;Oahu;4;HDH;PHDH
2892;Hamadan;Iran;Hamadan;1754;HDM;OIHH
2893;Yampa_Valley;United_States;Hayden;2014;HDN;KHDN
2894;Havadarya;Romania;Havadarya;6;HDR;OIKP
2895;Hoedspruit_Airport;South_Africa;Hoedspruit;531;HDS;FAHS
2896;Hat_Yai;Thailand;Hat_Yai;27;HDY;VTSS
2897;Herat;Afghanistan;Herat;977;HEA;OAHR
2898;Henzada;Myanmar;Henzada;8;HEB;VBHD
2899;Herendeen;United_States;Herendeen;6;HED;KHED
2900;Thompson-Robbins;United_States;Helena;74;HEE;KHEE
2901;Heho;Myanmar;Heho;1176;HEH;VYHH
2902;Heide-Buesum;Germany;Heide-Buesum;2;HEI;EDXB
2903;Heihe;China;Heihe;;HEK;ZYHE
2904;Helsinki-Vantaa;Finland;Vantaa;55;HEL;EFHK
2905;Helsinki-malmi;Finland;Helsinki;17;HEM;EFHF
2906;Hendon;United_Kingdom;Hendon;;HEN;
2907;Haelogo;Papua_New_Guinea;Haelogo;;HEO;
2908;Nikos_Kazantzakis_Airport;Greece;Heraklion;35;HER;LGIR
2909;State;United_States;Hermiston;196;HES;KHRI
2910;Hohhot;China;Hohhot;1084;HET;ZBHH
2911;Huelva;Spain;Huelva;;HEV;ZSOF
2912;Hellinikon_(Closed);Greece;Athens;2;HEW;
2913;Santo_Domingo_Herrera;Dominican_Republic;Santo_Domingo;;HEX;MDHE
2914;Hanchey_Army_Heliport;Poland;Ozark;97;HEY;KHEY
2915;Hardy-Anders;United_States;Natchez;83;HEZ;KHEZ
2916;Haifa;Israel;Haifa;9;HFA;LLHA
2917;Brainard;United_States;Hartford;5;HFD;KHFD
2918;Shanghai;China;Hefei;33;HFE;ZSOF
2919;Mackall_AAF;United_States;Hoffman;115;HFF;KHFF
2920;Hornafjordur;Iceland;Hornafjordur;7;HFN;BIHN
2921;Hagfors;Sweden;Hagfors;144;HFS;ESOH
2922;Hammerfest;Norway;Hammerfest;244;HFT;ENHF
2923;Hargeisa;Somalia;Hargeisa;1348;HGA;HCMH
2924;Hughenden;Australia;Hughenden;318;HGD;YHUG
2925;Hangzhou;China;Hangzhou;7;HGH;ZSHC
2926;Higlieg;Sudan;Higlieg;;HGI;MDPC
2927;Helgoland;Germany;Helgoland;2;HGL;EDXH
2928;Mae_Hong_Son;Thailand;Mae_Hong_Son;283;HGN;VTCH
2929;Korhogo;"Cote_D&#039;Ivoire";Korhogo;370;HGO;DIKO
2930;Wash._County_Regional;United_States;Hagerstown;214;HGR;KHGR
2931;Hastings;Sierra_Leone;Freetown;18;HGS;GFHA
2932;Hunter_AAF;United_States;Jolon;310;HGT;KHGT
2933;Kagamuga;Papua_New_Guinea;Mount_Hagen;1642;HGU;AYMH
2934;Hogatza;United_States;Hogatza;163;HGZ;KHGZ
2935;Huanghua_International;China;Changsha;66;HHA;ZGHA
2936;Hachinohe;Japan;Hachinohe;46;HHE;RJSH
2937;Hilton_Head;United_States;Hilton_Head;6;HHH;KHXD
2938;Wheeler_AFB;Mali;Wahiawa;257;HHI;PHHI
2939;Frankfurt-Hahn;Germany;Hahn;503;HHN;EDFH
2940;H_K_Heliport;Hong_Kong;Hong_Kong;;HHP;
2941;Hua_Hin_Airport;Thailand;Hua_Hin;19;HHQ;VTPH
2942;Hawthorne;United_States;Hawthorne;20;HHR;KHHR
2943;Hikueru;French_Polynesia;Hikueru;2;HHZ;NTGH
2944;Chisholm;United_States;Chisholm;413;HIB;KHIB
2945;Iscor_Heliport;Ecuador;Pretoria;;HIC;
2946;Horn_Island;Australia;Horn_Island;13;HID;YHID
2947;Regional;United_States;Whitefield;327;HIE;KHIE
2948;Hill_Afb;United_States;Ogden;1460;HIF;KHIF
2949;Highbury;Australia;Highbury;152;HIG;YHHY
2950;Hook_Island;Australia;Hook_Island;;HIH;
2951;Municipal;United_States;Lake_Havasu_City;239;HII;KHII
2952;International;Japan;Hiroshima;332;HIJ;RJOA
2953;Hickam_AFB;United_States;Honolulu;4;HIK;PHIK
2954;Shillavo;Ethiopia;Shillavo;;HIL;HASL
2955;Hingurakgoda;Sri_Lanka;Hingurakgoda;;HIM;VTPH
2956;Sacheon;Korea_(South);Jinju;8;HIN;RKPS
2957;Portland;United_States;Hillsboro;63;HIO;KHIO
2958;Headingly;Australia;Headingly;185;HIP;YHDY
2959;Henderson_Intl;Solomon_Islands;Honiara;9;HIR;AGGH
2960;Hayman_Island;Australia;Hayman_Island;;HIS;
2961;Hivaro;Uzbekistan;Hivaro;;HIT;
2962;Hiroshima_West;Japan;Hiroshima;5;HIW;RJBH
2963;Hiva_Oa;French_Polynesia;Hiva_Oa;451;HIX;NTMN
2964;Zhi_Jiang;China;Zhi_Jiang;;HJJ;
2965;Khajuraho;India;Khajuraho;222;HJR;VAKJ
2966;Khujirt;Mongolia;Khujirt;;HJT;ZMHU
2967;Municipal;United_States;Blytheville;78;HKA;KHKA
2968;Healy_Lake;United_States;Healy_Lake;385;HKB;PAHV
2969;Hakodate;Japan;Hakodate;46;HKD;RJCH
2970;Hong_Kong_International;Hong_Kong;Hong_Kong;9;HKG;VHHH
2971;Hokitika_Arpt;New_Zealand;Hokitika;45;HKK;NZHK
2972;Hoskins;Papua_New_Guinea;Hoskins;20;HKN;AYHK
2973;Hawkins_Field;United_States;Jackson;104;HKS;KHKS
2974;Phuket_International;Thailand;Phuket;25;HKT;VTSP
2975;Haskovo;Bulgaria;Haskovo;183;HKV;
2976;Hickory;United_States;Hickory;363;HKY;KHKY
2977;Lanseria;South_Africa;Lanseria;1377;HLA;FALA
2978;Hillenbrand;United_States;Batesville;297;HLB;KHLB
2979;Hill_City;United_States;Hill_City;682;HLC;KHLC
2980;Hailar;China;Hailar;661;HLD;ZBLA
2981;Hultsfred_-_Vimmerby;Sweden;Hultsfred;112;HLF;ESSF
2982;Ohio_County;United_States;Wheeling;364;HLG;KHLG
2983;Ulanhot;China;Ulanhot;;HLH;ZBUL
2984;Hollister;United_States;Hollister;70;HLI;KCVH
2985;Hillside;Australia;Hillside;285;HLL;YHIL
2986;Park_Township;United_States;Holland;184;HLM;KHLM
2987;Helena;United_States;Helena;1182;HLN;KHLN
2988;Halim_Perdana_Kusuma;Indonesia;Jakarta;26;HLP;WIHH
2989;Fort_Hood_AAF;United_States;Killeen;282;HLR;KHLR
2990;St_Helens;Australia;St_Helens;36;HLS;YSTH
2991;Hamilton;Australia;Hamilton;245;HLT;YHML
2992;Houailou;New_Caledonia;Houailou;3;HLU;NWWH
2993;Helenvale;Australia;Helenvale;;HLV;
2994;Hluhluwe;South_Africa;Hluhluwe;75;HLW;FAHL
2995;Anglesey_Airport;United_Kingdom;Holyhead;11;HLY;EGOV
2996;Hamilton;New_Zealand;Hamilton;52;HLZ;NZHN
2997;Khanty-Mansiysk;Russian_Federation;Khanty-mansiysk;;HMA;HKHB
2998;Oued_Irara_Apt;Algeria;Hassi_Messaoud;140;HME;DAUH
2999;Hermannsburg;Australia;Hermannsburg;594;HMG;YHMB
3000;Hami;China;Hami;;HMI;ZWHM
3001;Khmelnitskiy;Ukraine;Khmelnitskiy;351;HMJ;UKLH
3002;Holloman_AFB;United_States;Alamogordo;1247;HMN;KHMN
3003;Gen_Pesqueira_Garcia;Mexico;Hermosillo;191;HMO;MMHO
3004;Hamar_Arpt;Norway;Hamar;223;HMR;ENHA
3005;Homeshore;United_States;Homeshore_AK;;HMS;KHMS
3006;Ryan_Field;United_States;Hemet;461;HMT;KHMT
3007;Hemavan;Sweden;Hemavan;458;HMV;ESUT
3008;Hanamaki;Japan;Hanamaki;91;HNA;RJSI
3009;Municipal;United_States;Huntingburg;161;HNB;KHNB
3010;Hatteras;United_States;Hatteras;5;HNC;KHSE
3011;Haneda;Japan;Tokyo;11;HND;RJTT
3012;Tahneta_Pass;Iran;Tahneta_Pass_Lodge;902;HNE;PAHE
3013;Hienghene;New_Caledonia;Hienghene;2;HNG;
3014;Hoonah;United_States;Hoonah;6;HNH;PAOH
3015;Heiweni;Papua_New_Guinea;Heiweni;975;HNI;
3016;Hinchinbrook_Island;Australia;Hinchinbrook_Island;;HNK;
3017;Honolulu_International;United_States;Honolulu;4;HNL;PHNL
3018;Hana;United_States;Hana;24;HNM;PHHN
3019;Honinabi;Papua_New_Guinea;Honinabi;128;HNN;
3020;Hercegnovi;Montenegro;Hercegnovi;;HNO;
3021;Municipal;United_States;Haines;5;HNS;PAHN
3022;Hanna;Canada;Hanna;835;HNX;VHHH
3023;Hengyang;China;Hengyang;;HNY;ZGHY
3024;Hola;Kenya;Hola;59;HOA;HKHO
3025;Lea_County;United_States;Hobbs;1116;HOB;KHOB
3026;Komako;Papua_New_Guinea;Komako;;HOC;
3027;Hodeidah_Arpt;Yemen;Hodeidah;12;HOD;OYHD
3028;Houeisay;Laos;Houeisay;;HOE;VLHS
3029;Alahsa;Saudi_Arabia;Alahsa;179;HOF;OEAH
3030;Frank_Pais;Cuba;Holguin;110;HOG;MUHG
3031;Hohenems;Austria;Hohenems;412;HOH;LOIH
3032;Hao_Island;French_Polynesia;Hao_Island;3;HOI;NTTO
3033;Hooker_Creek;Australia;Hooker_Creek;320;HOK;YHOO
3034;Holikachu;United_States;Holikachu;23;HOL;KJAC
3035;Homer;United_States;Homer;26;HOM;PAHO
3036;Howes;United_States;Huron;393;HON;KHON
3037;Nhon_Co;Vietnam;Quanduc;680;HOO;
3038;Campbell_AAF;United_States;Hopkinsville;175;HOP;KHOP
3039;Hof;Germany;Hof;597;HOQ;EDQM
3040;Horta;Portugal;Horta;36;HOR;LPHR
3041;Oscar_Reguera;Afghanistan;Chos_Malal;850;HOS;SAHC
3042;Memorial_Field;United_States;Hot_Springs;165;HOT;KHOT
3043;William_P_Hobby;United_States;Houston_TX;14;HOU;KHOU
3044;Hovden;Norway;Orsta-Volda;74;HOV;ENOV
3045;Howard_Afb;Panama;Fort_Kobbe;;HOW;
3046;Homalin;Myanmar;Homalin;163;HOX;VYHL
3047;Hoy_Island;United_Kingdom;Hoy_Island;15;HOY;
3048;Hooper_Bay;United_States;Hooper_Bay;4;HPB;PAHP
3049;Hope_Vale;Australia;Hope_Vale;;HPE;
3050;Catbi;Vietnam;Haiphong;2;HPH;VVCI
3051;Westchester_County_Apt;United_States;White_Plains;134;HPN;KHPN
3052;Poipet;Cambodia;Poipet;;HPP;VYPA
3053;Central_Hpr;Ecuador;Pretoria;;HPR;
3054;Municipal;United_States;Hampton;358;HPT;KHPT
3055;Princeville;United_States;Kauai_Island;105;HPV;
3056;Baytown;United_States;Baytown;10;HPY;KHPY
3057;Bowerman;United_States;Hoquiam;5;HQM;KHQM
3058;Mansehra;Pakistan;Mansehra;;HRA;
3059;Harbin;China;Harbin;139;HRB;ZYHB
3060;Zhairem;Kazakhstan;Zhairem;;HRC;DAOV
3061;Harare;Zimbabwe;Harare;1490;HRE;FVHA
3062;Hurghada;Egypt;Hurghada;16;HRG;HEGN
3063;Chaurjhari;Nepal;Chaurjhari;741;HRJ;VNCJ
3064;Kharkov;Ukraine;Kharkov;155;HRK;UKHH
3065;Valley_International;United_States;Harlingen;11;HRL;KHRL
3066;Heliport;Australia;Heron_Island;;HRN;
3067;Boone_County;United_States;Harrison;416;HRO;KHRO
3068;Herrera;Colombia;Herrera;1750;HRR;
3069;Harrismith_Airport;South_Africa;Harrismith;1702;HRS;FAHR
3070;Linton-On-Ouse;United_Kingdom;Harrogate;16;HRT;EGXU
3071;Henbury;Australia;Henbury;317;HRY;YHBY
3072;Horizontina;Brazil;Horizontina;;HRZ;DAOV
3073;Raleigh;United_States;Harrisburg;121;HSB;KHSB
3074;Shaoguan;China;Shaoguan;;HSC;
3075;Saga;Japan;Saga;2;HSG;RJFS
3076;Henderson_Sky_Harbor;United_States;Las_Vegas;760;HSH;KHND
3077;Hastings;United_States;Hastings;598;HSI;KHSI
3078;Huesca;Spain;Huesca;539;HSK;LEHC
3079;Huslia;United_States;Huslia;67;HSL;PAHL
3080;Horsham;Australia;Horsham;136;HSM;YHSM
3081;Zhoushan;China;Zhoushan;;HSN;ZSZS
3082;Ingalls_Field;United_States;Hot_Springs;1156;HSP;KHSP
3083;Hissar;India;Hissar;213;HSS;VIHR
3084;AFB;United_States;Homestead;2;HST;KHST
3085;Huntsville_International_-_Carl_T._Jones_Field_Airport;United_States;Huntsville;192;HSV;KHSV
3086;Hsinchu;Taiwan;Hsinchu;;HSZ;FYWH
3087;Chita;Russian_Federation;Chita;693;HTA;UIAA
3088;Terre-de-Bas;Guadeloupe;Terre-de-Bas;;HTB;
3089;Hatfield;United_Kingdom;Hatfield;77;HTF;
3090;Hatanga;Russian_Federation;Hatanga;;HTG;UOHH
3091;Hawthorne;United_States;Hawthorne;1285;HTH;KHTH
3092;Hamilton_Island;Australia;Hamilton_Island;5;HTI;YBHM
3093;Roscommon_County;United_Kingdom;Houghton;351;HTL;KHTL
3094;Khatgal;Mongolia;Khatgal;;HTM;KCMX
3095;Hotan;China;Hotan;1424;HTN;ZWTN
3096;East_Hampton;United_States;East_Hampton;16;HTO;KJPX
3097;Hateruma;Japan;Hateruma;13;HTR;RORH
3098;Tri-State/Milton;United_States;Huntington;252;HTS;KHTS
3099;Hopetoun;Australia;Hopetoun;78;HTU;YHPN
3100;Lawrence_County_Airpark;Canada;Chesapeake/Huntington_Wv;173;HTW;KHTW
3101;Hato_Corozal;Colombia;Hato_Corozal;250;HTZ;SKHC
3102;Redstone_AAF;United_States;Huntsville;208;HUA;KHUA
3103;Humbert_River;Australia;Humbert_River;122;HUB;YHBR
3104;Humacao_Arpt;Puerto_Rico;Humacao;10;HUC;
3105;Humboldt;United_States;Humboldt;333;HUD;
3106;Humera;Ethiopia;Humera;588;HUE;HAHU
3107;Hulman_Field;United_States;Terre_Haute;180;HUF;KHUF
3108;Huehuetenango;Guatemala;Huehuetenango;1870;HUG;MGHT
3109;Huahine;French_Polynesia;Huahine;2;HUH;NTTH
3110;Phu_Bai;Vietnam;Hue;15;HUI;VVPB
3111;Hugo;United_States;Hugo;174;HUJ;KHHW
3112;Hukuntsi;Botswana;Hukuntsi;1097;HUK;KHUK
3113;International;United_States;Houlton;149;HUL;KHUL
3114;Terrebonne;United_States;Houma;3;HUM;KHUM
3115;Hualien;Taiwan;Hualien;16;HUN;RCYU
3116;Houn;Libya;Houn;280;HUQ;HLON
3117;Municipal;United_States;Hughes;91;HUS;PAHU
3118;Hutchinson;United_States;Hutchinson;470;HUT;KHUT
3119;Huanuco;Peru;Huanuco;1850;HUU;SPNC
3120;Hudiksvall;Sweden;Hudiksvall;29;HUV;ESNH
3121;Huatulco;Mexico;Huatulco;141;HUX;MMBT
3122;Humberside_International;United_Kingdom;Humberside;37;HUY;EGNJ
3123;Huizhou;China;Huizhou;;HUZ;ZGHZ
3124;Analalava;Madagascar;Analalava;105;HVA;FMNL
3125;Hervey_Bay;Australia;Hervey_Bay;18;HVB;YHBA
3126;Khovd;Mongolia;Khovd;1493;HVD;ZMKD
3127;Intermediate;United_States;Hanksville;1355;HVE;KHVE
3128;Valan;Norway;Honningsvag;13;HVG;ENHV
3129;Holmavik;Iceland;Holmavik;12;HVK;BIHK
3130;Hvammstangi;Iceland;Hvammstangi;50;HVM;BIHV
3131;New_Haven;United_States;New_Haven;4;HVN;KHVN
3132;City_County;United_States;Havre;790;HVR;KHVR
3133;Municipal;United_States;Hartsville;111;HVS;KHVS
3134;Hawabango;Papua_New_Guinea;Hawabango;;HWA;
3135;Air_Terminal;United_States;Hayward;16;HWD;KHWD
3136;SPB;United_States;Hawk_Inlet;0;HWI;KHWI
3137;Wilpena_Pound;Australia;Hawker;;HWK;YHAW
3138;Hwange_Nat_Park;Zimbabwe;Hwange_Nat_Park;1080;HWN;FVWN
3139;North_Perry;United_States;Hollywood;2;HWO;KHWO
3140;Hay;Australia;Hay;93;HXX;YHAY
3141;Barnstable;United_States;Hyannis;16;HYA;KHYA
3142;High_Wycombe;United_Kingdom;High_Wycombe;75;HYC;EGUH
3143;Rajiv_Gandhi_Airport;India;Hyderabad;531;HYD;VOHS
3144;Hayfields;Papua_New_Guinea;Hayfields;122;HYF;
3145;SPB;United_States;Hydaburg;0;HYG;PAHY
3146;SPB;United_States;Hollis;0;HYL;KHYL
3147;Huangyan;China;Huangyan;;HYN;ZSLQ
3148;Municipal;United_States;Hayward;371;HYR;KHYR
3149;Municipal;United_States;Hays;609;HYS;KHYS
3150;Hyvinkaa;Finland;Hyvinkaa;131;HYV;EFHV
3151;Merville/Calonne;France;Hazebrouck;19;HZB;LFQT
3152;Hanzhong;China;Hanzhong;;HZG;ZLHZ
3153;Liping;China;Liping_City;;HZH;ZUNP
3154;Husavik;Iceland;Husavik;15;HZK;BIHU
3155;Hazleton;United_States;Hazleton;489;HZL;KHZL
3156;Hazyview;South_Africa;Hazyview;;HZV;FAHW
3157;Igarka;Russian_Federation;Igarka;25;IAA;UOII
3158;Mcconnell_AFB;United_States;Wichita;418;IAB;KIAB
3159;Washington_Dulles_International;United_States;Washington_DC;95;IAD;KIAD
3160;International;United_States;Niagara_Falls;180;IAG;KIAG
3161;George_Bush_Intercontinental;United_States;Houston;30;IAH;KIAH
3162;In_Amenas;Algeria;In_Amenas;563;IAM;DAUZ
3163;Bob_Barker_Memorial;United_States;Kiana;51;IAN;PAIK
3164;Bahregan;Iran;Bahregan;6;IAQ;OIBH
3165;Tunoshna;Russian_Federation;Yaroslavl;93;IAR;UUDL
3166;Iasi;Romania;Iasi;121;IAS;LRIA
3167;Iaura;Papua_New_Guinea;Iaura;305;IAU;
3168;Ibadan;Nigeria;Ibadan;221;IBA;DNIB
3169;Ibague;Colombia;Ibague;914;IBE;SKIB
3170;Iboki;Papua_New_Guinea;Iboki;;IBI;
3171;Indigo_Bay_Lodge;Uganda;Indigo_Bay_Lodge;;IBL;
3172;Ibo;Mozambique;Ibo;5;IBO;
3173;Iberia;Peru;Iberia;229;IBP;SPBR
3174;Ibiza;Spain;Ibiza;6;IBZ;LEIB
3175;Icabaru;Venezuela;Icabaru;480;ICA;SVIC
3176;Cicia;Fiji;Cicia;4;ICI;NFCI
3177;Nieuw_Nickerie;Suriname;Nieuw_Nickerie;3;ICK;SMNI
3178;Municipal;United_States;Clarinda;303;ICL;KICL
3179;Incheon_International;Korea_(South);Seoul;7;ICN;RKSI
3180;Sicogon_Island;Philippines;Sicogon_Island;2;ICO;
3181;Nicaro;Cuba;Nicaro;8;ICR;MUNC
3182;Mid-Continent;United_States;Wichita;406;ICT;KICT
3183;Icy_Bay;United_States;Icy_Bay;15;ICY;KICY
3184;Fanning_Field;United_States;Idaho_Falls;1446;IDA;KIDA
3185;Idre;Sweden;Idre;451;IDB;ESUE
3186;Ila_Da_Chilonzuene;Spain;Ila_Da_Chilonzuene;;IDC;MMCT
3187;Idiofa;Democratic_Republic_Of_Congo;Idiofa;701;IDF;FZCB
3188;Municipal;United_States;Ida_Grove;379;IDG;KIDG
3189;ndiana_County_Airport_(Jimmy_Stewart_Field);United_States;Indiana_PA;428;IDI;KIDI
3190;Indulkana;Australia;Indulkana;402;IDK;YIDK
3191;Indagen;Papua_New_Guinea;Indagen;1783;IDN;
3192;Rio;Brazil;Santa_Isabel_do_Morro;197;IDO;SWIY
3193;Independence;United_States;Independence;251;IDP;KIDP
3194;Devi_Ahilyabai_Holkar;India;Indore;564;IDR;VAID
3195;Babimost;Poland;Zielona_Gora;59;IEG;EPZG
3196;Iejima;Japan;Iejima;75;IEJ;RORE
3197;Riesa;Germany;Riesa;;IES;HTDA
3198;Zhulhany;Ukraine;Kiev;179;IEV;UKKK
3199;Iowa_Falls;United_States;Iowa_Falls;347;IFA;KIFA
3200;Iffley;Australia;Iffley;43;IFF;YIFY
3201;Hesa;Iran;Hesa;1602;IFH;OIFE
3202;Isafjordur;Iceland;Isafjordur;2;IFJ;BIIS
3203;Innisfail;Australia;Innisfail;14;IFL;YIFL
3204;Shahid_Beheshti;Iran;Isfahan;1542;IFN;OIFM
3205;Ivano-Frankovsk;Ukraine;Ivano-Frankovsk;280;IFO;UKLI
3206;Laughlin_Bullhead_Intl;United_States;Bullhead_City;214;IFP;KIFP
3207;Inagua;Turks_and_Caicos_Islands;Inagua;2;IGA;MYIG
3208;Ingeniero_Jacobacci;Argentina;Ingeniero_Jacobacci;892;IGB;SAVJ
3209;Iguela;Gabon;Iguela;10;IGE;FOOI
3210;Igiugig;United_States;Igiugig;27;IGG;PAIG
3211;Ingham;Australia;Ingham;15;IGH;YIGM
3212;Cigli_Military_Arpt;Turkey;Izmir;5;IGL;LTBL
3213;Kingman;United_States;Kingman;1051;IGM;KIGM
3214;Maria_Cristina;Philippines;Iligan;396;IGN;RPMI
3215;Chigorodo;Colombia;Chigorodo;34;IGO;SKIG
3216;Cataratas;Argentina;Iguazu;279;IGR;SARI
3217;Ingolstadt-manching;Germany;Ingolstadt-manching;366;IGS;ETSI
3218;Cataratas;Brazil;Iguassu_Falls;240;IGU;SBFI
3219;Niihama;Japan;Niihama;3;IHA;
3220;Inhaca;Mozambique;Inhaca;;IHC;FMSI
3221;Qishn;Yemen;Qishn;30;IHN;OYQN
3222;Ihosy;Madagascar;Ihosy;762;IHO;FMSI
3223;Iran_Shahr;Iran;Iran_Shahr;622;IHR;OIZI
3224;Ihu;Papua_New_Guinea;Ihu;12;IHU;
3225;Inishmaan;Ireland;Galloway;4;IIA;EIMN
3226;Ilaam;Iran;Ilaam;1342;IIL;OICI
3227;Nishinoomote;Japan;Nishinoomote;5;IIN;
3228;Nissan_Island;Papua_New_Guinea;Nissan_Island;15;IIS;
3229;Izhevsk;Russian_Federation;Izhevsk;162;IJK;USII
3230;J._Batista_Bos_Filho_Airport;Brazil;Ijui;365;IJU;SSIJ
3231;Municipal;United_States;Jacksonville;190;IJX;KIJX
3232;Wilkes_County;United_States;Wilkesboro;397;IKB;KUKF
3233;Iki;Japan;Iki;12;IKI;RJDB
3234;Greater_Kankakee;United_States;Kankakee;192;IKK;KIKK
3235;Ikela;Democratic_Republic_Of_Congo;Ikela;391;IKL;FZGV
3236;Nikolski_AFS;United_States;Nikolski;23;IKO;PAKO
3237;Inkerman;Australia;Inkerman;6;IKP;YIKM
3238;Tiksi;Russian_Federation;Tiksi;8;IKS;UEST
3239;Irkutsk;Russian_Federation;Irkutsk;511;IKT;UIII
3240;Illaga;Indonesia;Illaga;2652;ILA;WABL
3241;Ilha_Solteira;Brazil;Ilha_Solteira;;ILB;
3242;Municipal;United_States;Killeen;258;ILE;KILE
3243;Ilford;Canada;Ilford;196;ILF;CZBD
3244;Greater_Wilmington;United_States;Wilmington;24;ILG;KILG
3245;Illis_Airbase;Germany;Illisheim;;ILH;ETIK
3246;Iliamna;United_States;Iliamna;59;ILI;PAIL
3247;Ilaka;Madagascar;Ilaka;10;ILK;FMMQ
3248;Willmar;United_States;Willmar;344;ILL;KILL
3249;Wilmington_International;United_States;Wilmington;10;ILM;KILM
3250;Clinton_Field;United_States;Wilmington;328;ILN;KILN
3251;Mandurriao;Philippines;Iloilo;8;ILO;RPVI
3252;Ile_Des_Pins;New_Caledonia;Ile_Des_Pins;96;ILP;NWWE
3253;Ilo;Peru;Ilo;22;ILQ;SPLO
3254;Ilorin;Nigeria;Ilorin;343;ILR;DNIL
3255;Kilaguni;Kenya;Kilaguni;838;ILU;HKKL
3256;Ileg;Papua_New_Guinea;Ileg;;ILX;
3257;Glenegedale;United_Kingdom;Islay;17;ILY;EGPI
3258;Zilina;Slovakia;Zilina;311;ILZ;LZZI
3259;Iamalele;Papua_New_Guinea;Iamalele;3;IMA;
3260;Imbaimadai;Guyana;Imbaimadai;502;IMB;SYIB
3261;Imonda;Papua_New_Guinea;Imonda;292;IMD;
3262;Municipal;India;Imphal;774;IMF;VEIM
3263;Inhaminga;Mozambique;Inhaminga;327;IMG;
3264;Ine_Island;Marshall_Islands;Ine_Island;1;IMI;
3265;Simikot;Nepal;Simikot;2818;IMK;VNST
3266;Imperial;United_States;Imperial;998;IML;KIML
3267;Immokalee;United_States;Immokalee;11;IMM;KIMM
3268;Imane;Papua_New_Guinea;Imane;1097;IMN;
3269;Zemio;Central_African_Republic;Zemio;608;IMO;FEFZ
3270;Imperatriz;Brazil;Imperatriz;131;IMP;SBIZ
3271;Ford;United_States;Iron_Mountain;360;IMT;KIMT
3272;Nimroz;Afghanistan;Nimroz;482;IMZ;
3273;Inta;Russian_Federation;Inta;56;INA;UUYI
3274;Independence;Belize;Independence;6;INB;
3275;Yinchuan;China;Yinchuan;1141;INC;ZLIC
3276;Indianapolis_International;United_States;Indianapolis_IN;243;IND;KIND
3277;Chinde;Mozambique;Chinde;5;INE;
3278;Newark_Liberty_International;Algeria;In_Guezzam;404;INF;DATG
3279;Lago_Argentino;Argentina;Lago_Argentino;223;ING;SAWA
3280;Inhambane;Mozambique;Inhambane;9;INH;FQIN
3281;Constantine_The_Great_International;Serbia;Nis;198;INI;LYNI
3282;Injune;Australia;Injune;402;INJ;YINJ
3283;Wink;United_States;Wink;860;INK;KINK
3284;Falls_Intl;United_States;International_Falls;361;INL;KINL
3285;Innamincka;Australia;Innamincka;55;INM;YINN
3286;Innsbruck-kranebitten;Austria;Innsbruck;581;INN;LOWI
3287;Inongo;Democratic_Republic_Of_Congo;Inongo;317;INO;FZBA
3288;Inisheer;Ireland;Inisheer;13;INQ;EIIR
3289;Kincheloe_AFB;United_States;Sault_Ste_Marie;524;INR;PAIN
3290;Af_Aux;United_States;Indian_Springs;955;INS;KINS
3291;Smith-Reynolds;United_States;Winston_Salem;295;INT;KINT
3292;Nauru_International;Nauru;Nauru_Island;7;INU;ANYN
3293;Inverness;United_Kingdom;Inverness;9;INV;EGPE
3294;Winslow-Lindbergh;United_States;Winslow_AZ;1506;INW;KINW
3295;Inanwatan;Indonesia;Inanwatan;3;INX;WASI
3296;Inyati;South_Africa;Inyati;381;INY;
3297;In_Salah;Algeria;In_Salah;273;INZ;DAUI
3298;Ioannina;Greece;Ioannina;475;IOA;LGIO
3299;Iokea;Papua_New_Guinea;Iokea;15;IOK;
3300;Ronaldsway;Isle_of_Man;Isle_Of_Man;16;IOM;EGNS
3301;Impfondo;Congo;Impfondo;335;ION;FCOI
3302;Ioma;Papua_New_Guinea;Ioma;46;IOP;
3303;Kilronan;Ireland;Inishmore;7;IOR;EIIM
3304;Eduardo_Gomes;Brazil;Ilheus;5;IOS;SBIL
3305;Ile_Ouen;New_Caledonia;Ile_Ouen;2;IOU;NWWO
3306;Iowa_City;United_States;Iowa_City_IA;204;IOW;KIOW
3307;Ipota;Vanuatu;Ipota;7;IPA;NVVI
3308;Mataveri;Chile;Isla_de_Pascua_Easter_Island;69;IPC;SCIP
3309;Ipil;Philippines;Ipil;12;IPE;RPMV
3310;Ipiranga;Brazil;Ipiranga;40;IPG;SWII
3311;Sultan_Azlan_Shah_Airport;Malaysia;Ipoh;40;IPH;WMKI
3312;San_Luis;Colombia;Ipiales;2976;IPI;SKIP
3313;Imperial_County;United_States;Imperial;-17;IPL;KIPL
3314;Usiminas;Brazil;Ipatinga;239;IPN;SBIP
3315;Lycoming_County;United_States;Williamsport;161;IPT;KIPT
3316;Ipiau;Brazil;Ipiau;150;IPU;SNIU
3317;Ipswich_(Closed);United_Kingdom;Ipswich;39;IPW;
3318;Qiemo;China;Qiemo;1252;IQM;ZWCM
3319;Qingyang;China;Qingyang;;IQN;ZLQY
3320;Cavancha;Chile;Iquique;47;IQQ;SCDA
3321;C.F._Secada;Peru;Iquitos;93;IQT;SPQT
3322;Kirakira;Solomon_Islands;Kirakira;3;IRA;AGGK
3323;Municipal;United_States;Iraan;671;IRB;
3324;Circle_City;United_States;Circle;187;IRC;PACR
3325;Ishurdi;Bangladesh;Ishurdi;14;IRD;VGIS
3326;Irece;Brazil;Irece;781;IRE;SNIC
3327;Lockhart_River;Australia;Lockhart_River;23;IRG;YLHR
3328;Nduli;Tanzania;Iringa;1426;IRI;HTIR
3329;Capitan_Vicente_Almando;Argentina;La_Rioja;438;IRJ;SANL
3330;Municipal;United_States;Kirksville;294;IRK;KIRK
3331;Iriona;Honduras;Iriona;;IRN;
3332;Birao;Central_African_Republic;Birao;517;IRO;FEFI
3333;Matari;Democratic_Republic_Of_Congo;Isiro;743;IRP;FZJH
3334;Kirsch_Municipal;United_States;Sturgis;282;IRS;KIRS
3335;Mount_Isa;Australia;Mount_Isa;342;ISA;YBMA
3336;Islamabad_International;Pakistan;Islamabad;508;ISB;OPRN
3337;St_Marys;United_Kingdom;Isles_Of_Scilly;35;ISC;EGHE
3338;Iscuande;Colombia;Iscuande;8;ISD;
3339;Isparta;Turkey;Isparta;864;ISE;LTFC
3340;Ishigaki;Japan;Ishigaki;28;ISG;ROIG
3341;Ischia;Italy;Ischia;4;ISH;
3342;Isisford;Australia;Isisford;212;ISI;YISF
3343;Isla_Mujeres;Mexico;Isla_Mujeres;2;ISJ;MMIM
3344;Gandhinagar_Arpt;India;Nasik;597;ISK;VANR
3345;Isabel_Pass;United_States;Isabel_Pass;;ISL;MYNN
3346;Kissimmee_Gateway;United_States;Kissimmee;25;ISM;KISM
3347;Sloulin_Field_Intl;United_States;Williston;604;ISN;KISN
3348;Stallings_Field;United_States;Kinston;28;ISO;KISO
3349;Long_Island_Mac_Arthur;United_States;Islip_NY;30;ISP;KISP
3350;Schoolcraft_County;United_States;Manistique;208;ISQ;KISQ
3351;Wiscasset;United_States;Wiscasset;21;ISS;KIWI
3352;Ataturk;Turkey;Istanbul;50;IST;LTBA
3353;Alexander_Field;United_States;Wisconsin_Rapids;311;ISW;KISW
3354;Itacoatiara;Brazil;Itacoatiara;43;ITA;SBIC
3355;Itaituba;Brazil;Itaituba;34;ITB;SBIH
3356;Itubera;Brazil;Itubera;;ITE;SNZW
3357;Tompkins_County;United_States;Ithaca;335;ITH;KITH
3358;Itambacuri;Brazil;Itambacuri;275;ITI;SNYH
3359;Itokama;Papua_New_Guinea;Itokama;701;ITK;
3360;Itami;Japan;Osaka;15;ITM;RJOO
3361;Itabuna;Brazil;Itabuna;60;ITN;SNHA
3362;Hilo_International;United_States;Hilo;12;ITO;PHTO
3363;Itaperuna;Brazil;Itaperuna;;ITP;FVIT
3364;Itaqui;Brazil;Itaqui;70;ITQ;SSIQ
3365;Hidroeletrica;Brazil;Itumbiara;1286;ITR;KITR
3366;Hanan;Niue;Niue_Island;64;IUE;NIUE
3367;Ilu;Indonesia;Ilu;;IUL;
3368;Summit_Lake;Canada;Summit_Lake;;IUM;
3369;Inus;Papua_New_Guinea;Inus;15;IUS;
3370;Ambanja;Madagascar;Ambanja;15;IVA;FMNZ
3371;Invercargill;New_Zealand;Invercargill;2;IVC;NZNV
3372;Ivangrad;Montenegro;Berane;692;IVG;LYBR
3373;Ivishak;United_States;Ivishak;183;IVH;HHAS
3374;Ivalo;Finland;Ivalo;147;IVL;EFIV
3375;Chivolo;Colombia;Chivolo;171;IVO;
3376;Inverell;Australia;Inverell;813;IVR;YIVL
3377;Inverway;Australia;Inverway;408;IVW;YINW
3378;Ivanovo;Russian_Federation;Ivanovo;125;IWA;UUBI
3379;Gogebic_County;United_States;Ironwood;375;IWD;KIWD
3380;Iwami;Papua_New_Guinea;Iwami;56;IWJ;RJOW
3381;Iwo_Jima_Airbase;Japan;Iwo_Jima_Vol;117;IWO;RJAW
3382;West_Houston;United_States;Houston;34;IWS;KIWS
3383;Singerbhil;India;Agartala;14;IXA;VEAT
3384;Bagdogra;India;Bagdogra;126;IXB;VEBD
3385;Chandigarh;India;Chandigarh;308;IXC;VICG
3386;Bamrauli;India;Allahabad;98;IXD;VEAB
3387;Bajpe;India;Mangalore;101;IXE;VOML
3388;Sambre;India;Belgaum;758;IXG;VOBM
3389;Kailashahar;India;Kailashahar;24;IXH;VEKR
3390;Lilabari;India;Lilabari;101;IXI;VELR
3391;Satwari;India;Jammu;314;IXJ;VIJU
3392;Keshod;India;Keshod;51;IXK;VAKS
3393;Bakula_Rimpoche;India;Leh;3256;IXL;VILH
3394;Madurai;India;Madurai;140;IXM;VOMD
3395;Khowai;India;Khowai;29;IXN;VEKW
3396;Pathankot;India;Pathankot;310;IXP;VIPK
3397;Kamalpur;India;Kamalpur;45;IXQ;VEKM
3398;Birsa_Munda_International;India;Ranchi;655;IXR;VERC
3399;Kumbhirgram;India;Silchar;107;IXS;VEKU
3400;Pasighat;India;Pasighat;157;IXT;VEPG
3401;Chikkalthana;India;Aurangabad;582;IXU;VAAU
3402;Along;India;Along;274;IXV;VEAN
3403;Sonari;India;Jamshedpur;154;IXW;VEJS
3404;Kandla;India;Kandla;29;IXY;VAKE
3405;Port_Blair;India;Port_Blair;4;IXZ;VOPB
3406;Kern_County;United_States;Inyokern;749;IYK;KIYK
3407;Izumo;Japan;Izumo;5;IZO;RJOC
3408;Ixtepec;Mexico;Ixtepec;50;IZT;MMIT
3409;Jalalabad;Afghanistan;Jalalabad;561;JAA;OAJL
3410;Jabiru;Australia;Jabiru;26;JAB;YJAB
3411;Jackson_Hole;United_States;Jackson;1966;JAC;KJAC
3412;Jandakot;Australia;Perth;30;JAD;YPJT
3413;Technology_Park;United_States;Atlanta;755;JAE;SPJE
3414;Kankesanturai;Sri_Lanka;Jaffna;10;JAF;VCCJ
3415;Jacobabad;Pakistan;Jacobabad;56;JAG;OPJA
3416;Agora_Helipad;France;Aubagne;;JAH;
3417;Sanganeer;India;Jaipur;385;JAI;VIJP
3418;Perimeter_Mall;United_States;Atlanta;;JAJ;KJAJ
3419;Jacmel;Haiti;Jacmel;51;JAK;MTJA
3420;Jalapa;Mexico;Jalapa;953;JAL;MMJA
3421;Jambol;Bulgaria;Jambol;155;JAM;
3422;Jackson-evers;United_States;Jackson;105;JAN;KJAN
3423;Beaver_Ruin;United_States;Atlanta;;JAO;KJAO
3424;Punta_Renes;Costa_Rica;Punta_Renes;;JAP;WARR
3425;Jacquinot_Bay;Papua_New_Guinea;Jacquinot_Bay;61;JAQ;
3426;Jahrom;United_States;Jahrom;1024;JAR;OISJ
3427;County;United_States;Jasper;65;JAS;KJAS
3428;Jabot;Marshall_Islands;Jabot;;JAT;
3429;Jauja;Peru;Jauja;3363;JAU;SPJJ
3430;Ilulissat;Greenland;Ilulissat;29;JAV;BGJN
3431;Jacksonville_;United_States;Jacksonville_FL;9;JAX;KJAX
3432;Boston_City_Heliport;United_States;Boston;;JBC;SSBC
3433;Berkeley;United_States;Berkeley;;JBK;SIGF
3434;Commerce_Bus._Plaza;United_States;Los_Angeles;41;JBP;
3435;Jonesboro;United_States;Jonesboro;80;JBR;KJBR
3436;Hacienda_Bus.Park_H/P;United_States;Pleasanton;;JBS;LFSY
3437;City_Landing;United_States;Bethel;5;JBT;
3438;Croisette_Heliport;France;Cannes;4;JCA;
3439;Joacaba;Brazil;Joacaba;776;JCB;SSJA
3440;China_Basin_Heliport;United_States;San_Francisco;;JCC;
3441;Downtown_Heliport;US_Virgin_Islands;St_Croix_Island;;JCD;
3442;Convention_Center_H/P;United_States;Oakland;34;JCE;
3443;Qasigiannguit;Greenland;Qasigiannguit;21;JCH;BGCH
3444;New_Century_Aircenter_Airport;United_States;Olathe_KS;331;JCI;KIXD
3445;Chuja_Heliport;Korea_(South);Jeju;;JCJ;ZUJZ
3446;Julia_Creek;Australia;Julia_Creek;123;JCK;YJLC
3447;Jacobina;Brazil;Jacobina;500;JCM;SNJB
3448;Heliport;Korea_(South);Incheon;;JCN;OEGN
3449;Heliport;Malta;Comino;;JCO;
3450;Jacareacanga;Brazil;Jacareacanga;99;JCR;SBEK
3451;Kimble_County;United_States;Junction;533;JCT;KJCT
3452;Ceuta_Heliport;Colombia;Ceuta;;JCU;GECT
3453;Citicorp_Plaza_H/P;United_States;Los_Angeles;;JCX;
3454;Johnson;United_States;Johnson;462;JCY;KJCY
3455;John_Day;United_States;John_Day;1129;JDA;KGCD
3456;Downtown_Heliport;United_States;Dallas;146;JDB;
3457;Francisco_De_Assis;Brazil;Juiz_De_Fora;911;JDF;SBJF
3458;Jodhpur;India;Jodhpur;219;JDH;VIJO
3459;Downtown_Heliport;United_States;Miami;2;JDM;
3460;Jordan;United_States;Jordan;811;JDN;KJDN
3461;Regional_Do_Cariri;Brazil;Juazeiro_Do_Norte;424;JDO;SBJU
3462;Heliport_De_Paris;Argentina;Paris;32;JDP;
3463;Downtown_Heliport;United_States;Minneapolis;;JDT;
3464;Central_Bus._District;United_States;Houston;;JDX;
3465;Heliport;United_States;Downey;30;JDY;KJDY
3466;Jingdezhen;China;Jingdezhen;34;JDZ;ZSJD
3467;King_Abdulaziz_International;Saudi_Arabia;Jeddah;15;JED;OEJN
3468;Jeremie;Haiti;Jeremie;45;JEE;MTJE
3469;Memorial;United_States;Jefferson_City;167;JEF;KJEF
3470;Aasiaat;Greenland;Aasiaat;23;JEG;BGAA
3471;Jeh;Marshall_Islands;Jeh;;JEJ;
3472;Heliport;United_States;Emeryville;3;JEM;WAWM
3473;Jequie;Brazil;Jequie;197;JEQ;SNJK
3474;Jersey;Jersey;Jersey;84;JER;EGJJ
3475;Heliport;France;Evry;;JEV;
3476;John_F_Kennedy_Intl;United_States;New_York;4;JFK;KJFK
3477;Heliport;Australia;Fremantle;;JFM;
3478;Ashtabula;United_States;Jefferson;282;JFN;KHZY
3479;Frederikshab;Greenland;Paamiut;13;JFR;BGFH
3480;Govardhanpur;India;Jamnagar;21;JGA;VAJM
3481;Jagdalpur;India;Jagdalpur;555;JGB;
3482;Heliport;United_States;Grand_Canyon;2006;JGC;
3483;Heliport;Korea_(South);Geoje;;JGE;
3484;Galleria_Heliport;United_States;Atlanta;304;JGL;
3485;Jiayuguan;China;Jiayuguan;;JGN;ZLJQ
3486;Qeqertarsuaq;Greenland;Qeqertarsuaq;3;JGO;BGGN
3487;Greenway_Plaza_H/P;United_States;Houston;;JGP;
3488;Transco_Twr_Galleria;United_States;Houston;30;JGQ;
3489;Heliport;Greenland;Groennedal;35;JGR;BGGD
3490;Ji_An/Jing_Gang_Shan;China;Ji_An;;JGS;MBGT
3491;Heliport;United_States;Glendale;140;JGX;NZSP
3492;Sultan_Ismail_Intl;Malaysia;Johor_Bahru;41;JHB;WMKJ
3493;Island_Heliport;United_States;Garden_City;;JHC;KSJC
3494;Heliport;Sweden;Angelholm/Helsingborg;4;JHE;ESHH
3495;Gasa;China;Jinghong;553;JHG;ZPJH
3496;Kapalua;United_States;Lahaina_HI;78;JHM;PHJH
3497;Shute_Harbour_H/P;Australia;Shute_Harbour;;JHQ;YSHR
3498;Sisimiut;Greenland;Sisimiut;10;JHS;BGSS
3499;Jamestown;United_States;Jamestown;525;JHW;KJHW
3500;Hyatt_Regency_H/P;United_States;Cambridge;;JHY;LFPG
3501;Juina;Brazil;Juina;;JIA;SWJN
3502;Ambouli;Djibouti;Djibouti;15;JIB;HDAM
3503;City_Of_Industry_H/P;United_States;Los_Angeles;214;JID;
3504;Jigiga;Ethiopia;Jijiga;;JIJ;HAJJ
3505;Ikaria;Greece;Ikaria_Island;24;JIK;LGIK
3506;Jilin;China;Jilin;;JIL;ZYJL
3507;Jimma;Ethiopia;Jimma;1703;JIM;HAJM
3508;Jinja;Uganda;Jinja;1175;JIN;HUJI
3509;Intl_Heliport;Peru;Ontario;;JIO;
3510;Jipijapa;Ecuador;Jipijapa;274;JIP;SEJI
3511;Jiri;Nepal;Jiri;1829;JIR;VNJI
3512;Jiujiang;China;Jiujiang;;JIU;ZSJJ
3513;Jiwani;Pakistan;Jiwani;57;JIW;OPJI
3514;Juanjui;Peru;Juanjui;350;JJI;SPJI
3515;Jinjiang;China;Jinjiang;;JJN;ZSQZ
3516;Heliport;Greenland;Qaqortoq;16;JJU;BGJH
3517;Axamo;Sweden;Jonkoping;226;JKG;ESGJ
3518;Chios;Greece;Chios;5;JKH;LGHI
3519;Janakpur;Nepal;Janakpur;78;JKR;VNJP
3520;Soekarno-hatta_Intl;Indonesia;Jakarta;10;JKT;
3521;Cherokee_County;United_States;Jacksonville_TX;206;JKV;KJSO
3522;Quartz_Creek;United_States;Cooper_Lodge;142;JLA;KJLA
3523;Heliport;United_States;Long_Beach;;JLB;KJLB
3524;Heliport;Sweden;Landskrona;55;JLD;
3525;US_Army_Heliport;United_States;Arlington_Heights;;JLH;
3526;Joplin_Regional;United_States;Joplin_MO;299;JLN;KJLN
3527;Jesolo;Italy;Jesolo;2;JLO;
3528;Juan_Les_Pins;France;Juan_Les_Pins;;JLP;LFYH
3529;Jabalpur;India;Jabalpur;495;JLR;VAJB
3530;Jales;Brazil;Jales;;JLS;SDJL
3531;Union_Station_H/P;United_States;Los_Angeles;108;JLX;KJLX
3532;Marriot_Astrodome;United_States;Houston;;JMA;
3533;Jamba;Angola;Jamba;1494;JMB;FNJA
3534;Marin_County;United_States;Sausalito_CA;1;JMC;KJMC
3535;Market_Centre_H/P;Ethiopia;Dallas;;JMD;
3536;Marriott_Heliport;United_States;Schaumburg;242;JMH;KJFK
3537;Mikonos;Greece;Mikonos;123;JMK;LGMK
3538;Malmo_Harbour_Heliport;Sweden;Malmo;;JMM;ESHM
3539;Municipal_Heliport;United_States;Mankato;328;JMN;KJFK
3540;Jomsom;Nepal;Jomsom;2682;JMO;VNJS
3541;Jamestown;United_States;Jamestown;457;JMS;KJMS
3542;Jiamusi;China;Jiamusi;80;JMU;ZYJM
3543;Mammy_Yoko_Heliport;Sierra_Leone;Freetown;;JMY;
3544;Januaria;Brazil;Januaria;480;JNA;SNJN
3545;Jining;China;Jining;;JNG;ZLJN
3546;North_Park_Inn_H/P;Ethiopia;Dallas;;JNH;SDJR
3547;Junin;Argentina;Junin;80;JNI;SAAJ
3548;Nanortalik;Greenland;Nanortalik;5;JNN;BGNN
3549;Heliport;United_States;Newport_Beach;10;JNP;SNAP
3550;Heliport;Greenland;Narsaq;25;JNS;BGNS
3551;Boundary_Bay;United_States;Juneau;6;JNU;PAJN
3552;Naxos_Airport;Greece;Naxos;3;JNX;LGNX
3553;Jinzhou;China;Jinzhou;;JNZ;ZYJZ
3554;Centerport_Heliport;Colombia;Santa_Ana;;JOC;
3555;Joensuu;Finland;Joensuu;121;JOE;EFJO
3556;Adisutjipto;Indonesia;Yogyakarta;107;JOG;WARJ
3557;Port_Saint_Johns;South_Africa;Port_Saint_Johns;374;JOH;FAPJ
3558;Lauro_Carneiro_De_Loyola;Brazil;Joinville;5;JOI;SBJV
3559;Joshkar-Ola;Russian_Federation;Joshkar-Ola;106;JOK;UWKJ
3560;Jolo;Philippines;Jolo;36;JOL;RPMJ
3561;Njombe;Tanzania;Njombe;1951;JOM;HTNJ
3562;Johnston_Island;US_Minor_Outlying_Islands;Johnston_Island;2;JON;PJON
3563;Josephstaal;Papua_New_Guinea;Josephstaal;76;JOP;
3564;The_City_Heliport;United_States;Orange;84;JOR;
3565;Jos;Nigeria;Jos;1290;JOS;DNJO
3566;Municipal;United_States;Joliet;177;JOT;KJOT
3567;Castro_Pinto;Brazil;Joao_Pessoa;66;JPA;SBJP
3568;Heliport;United_States;Pasadena;;JPD;KJPD
3569;Pentagon_Army;United_States;Washington;12;JPN;KJPN
3570;Ji-Parana;Brazil;Ji-Parana;181;JPR;SWJI
3571;Park_Ten_Heliport;United_States;Houston;;JPT;
3572;La_Defense_Heliport;France;Paris;;JPU;
3573;Qaarsut;Greenland;Qaarsut;88;JQA;BGUQ
3574;Jaque;Panama;Jaque;9;JQE;MPJE
3575;West_30th_St_Heliport;United_States;New_York;2;JRA;KJRA
3576;Downtown_Manhattan_H/p;United_States;New_York_NY;2;JRB;KJRB
3577;Municipal_Heliport;United_States;Rochester;;JRC;
3578;Heliport;China;Riverside;290;JRD;
3579;East_60th_Street_H/P;United_States;New_York;;JRE;
3580;Rowriah;India;Jorhat;95;JRH;VEJT
3581;Arsuk;Greenland;Arsuk;20;JRK;BGAR
3582;Juruena;Brazil;Juruena;160;JRN;SWJU
3583;Kilimanjaro;Tanzania;Kilimanjaro;894;JRO;HTKJ
3584;Jerusalem;Israel;Jerusalem;757;JRS;OJJR
3585;Jaisalmer;India;Jaisalmer;229;JSA;VIJR
3586;Sikorsky_Heliport;United_States;Stratford_CT;6;JSD;KJSD
3587;San_Rafael_H/P;Colombia;San_Rafael;;JSG;ZUJZ
3588;Sitia;Greece;Sitia;115;JSH;LGST
3589;Skiathos;Greece;Skiathos;16;JSI;LGSK
3590;Municipal_Heliport;United_States;Saint_Cloud;;JSK;
3591;Steel_Pier_Hlpt;United_States;Atlantic_City;9;JSL;
3592;Jose_De_San_Martin;Argentina;Jose_De_San_Martin;730;JSM;SAWS
3593;Sherman_Oaks_H/P;United_States;Los_Angeles;212;JSN;
3594;Sodertalje_Heliport;Sweden;Sodertalje;;JSO;KJSO
3595;Seogwipo_Heliport;Ethiopia;Jeju;;JSP;
3596;Jessore;Bangladesh;Jessore;6;JSR;VGJR
3597;Spetsai_Island;Greece;Spetsai_Island;;JSS;
3598;Cambria_County;United_States;Johnstown;696;JST;KJST
3599;Heliport;Greenland;Maniitsoq;28;JSU;BGMQ
3600;Syros_Island;Greece;Syros_Island;72;JSY;LGSO
3601;Jatai;Brazil;Jatai;771;JTI;OEJN
3602;Heliport;United_States;Thousand_Oaks;;JTO;OEJN
3603;Santorini_(Thira);Greece;Santorini_(Thira);39;JTR;LGSR
3604;Astypalaia;Greece;Astypalaia_Island;50;JTY;LGPL
3605;Juara;Brazil;Juara;;JUA;SIZX
3606;Juba;Sudan;Juba;461;JUB;HSSJ
3607;Universal_City_H/P;United_States;Los_Angeles;;JUC;KJUC
3608;Juist;Germany;Juist;2;JUI;EDWJ
3609;El_Cadillal;Argentina;Jujuy;920;JUJ;SASJ
3610;Juliaca;Peru;Juliaca;3826;JUL;SPJL
3611;Jumla;Nepal;Jumla;2347;JUM;VNJL
3612;Jundah;Australia;Jundah;146;JUN;YJDA
3613;Jurado;Colombia;Jurado;;JUO;
3614;Cable_Heliport;South_Africa;Upland;;JUP;
3615;Jurien_Bay;Australia;Jurien_Bay;3;JUR;YJNB
3616;Juticalpa;Honduras;Juticalpa;400;JUT;MHJU
3617;Heliport;Greenland;Upernavik;126;JUV;BGUK
3618;Juzhou;China;Juzhou;;JUZ;ZSJU
3619;Ankavandra;Madagascar;Ankavandra;130;JVA;FMMK
3620;Central_Jersey_Regional_Airport;United_States;Manville;26;JVI;KJVI
3621;Rock_County;United_States;Janesville;246;JVL;KJVL
3622;Jwaneng;Botswana;Jwaneng;1189;JWA;FBJW
3623;Warner_Cntr_Bus._Plaza;United_States;Los_Angeles;345;JWC;KJWC
3624;Westchase_Hilton_H/P;United_States;Houston;24;JWH;
3625;Woodlawns;United_States;Houston;;JWL;
3626;Zanjan;Iran;Zanjan;1640;JWN;OITZ
3627;Reynolds_Municipal;United_States;Jackson;305;JXN;KJXN
3628;Jiroft;Iran;Jiroft;812;JYR;OIKJ
3629;Jyvaskyla;Finland;Jyvaskyla;140;JYV;EFJY
3630;Jiu_Zhai_Huang_Long;China;Song_Pan;3448;JZH;ZUJZ
3631;Kasama;Zambia;Kasama;1384;KAA;FLKS
3632;Kariba;Zimbabwe;Kariba;520;KAB;FVKB
3633;Kameshli;Syria;Kameshli;451;KAC;OSKL
3634;Kaduna;Nigeria;Kaduna;632;KAD;DNKA
3635;SPB;United_States;Kake;52;KAE;PAFE
3636;Karato;Papua_New_Guinea;Karato;34;KAF;
3637;Gangneung;Korea_(South);Gangneung;11;KAG;RKNN
3638;City_Heliport;Australia;Melbourne;;KAH;
3639;Kaieteur;Guyana;Kaieteur;396;KAI;SYKA
3640;Kajaani;Finland;Kajaani;147;KAJ;EFKI
3641;Kar;Papua_New_Guinea;Kar;1509;KAK;
3642;Kaltag;United_States;Kaltag;55;KAL;PAKV
3643;Kamaran_Is;Yemen;Kamaran_Is;16;KAM;OYKM
3644;Aminu_Kano_Intl_Apt;Nigeria;Kano;476;KAN;DNKN
3645;Kuusamo;Finland;Kuusamo;264;KAO;EFKS
3646;Kapanga;Democratic_Republic_Of_Congo;Kapanga;922;KAP;FZSK
3647;Kamulai;Papua_New_Guinea;Kamulai;;KAQ;
3648;Kamarang;Guyana;Kamarang;488;KAR;SYKM
3649;Karasburg;Namibia;Karasburg;1012;KAS;FYKB
3650;Kaitaia;New_Zealand;Kaitaia;82;KAT;NZKT
3651;Kauhava;Finland;Kauhava;46;KAU;EFKA
3652;Kavanayen;Venezuela;Kavanayen;1189;KAV;SVKA
3653;Kawthaung;Myanmar;Kawthaung;55;KAW;VYKT
3654;Kalbarri;Australia;Kalbarri;157;KAX;YKBR
3655;Wakaya_Island;Fiji;Wakaya_Island;40;KAY;NFNW
3656;Kau;Indonesia;Kau;;KAZ;WAMK
3657;Kabala;Sierra_Leone;Kabala;308;KBA;GFKB
3658;Kirkimbie;Australia;Kirkimbie;425;KBB;
3659;Birch_Creek;United_States;Birch_Creek;134;KBC;
3660;Kimberley_Downs;Australia;Kimberley_Downs;58;KBD;
3661;Hot_Springs_SPB;United_States;Bell_Island;0;KBE;KKBE
3662;Karubaga;Indonesia;Karubaga;;KBF;
3663;Kabalega_Falls;Uganda;Kabalega_Falls;721;KBG;HUKF
3664;Kalat;Pakistan;Kalat;2063;KBH;OPKL
3665;Kribi;Cameroon;Kribi;45;KBI;FKKB
3666;Kings_Canyon;Australia;Kings_Canyon;37;KBJ;YKCA
3667;Klag_Bay;United_States;Klag_Bay;;KBK;SLCO
3668;Khwaja_Rawash;Afghanistan;Kabul;1789;KBL;OAKB
3669;Kabwum;Papua_New_Guinea;Kabwum;1356;KBM;
3670;Kabinda;Democratic_Republic_Of_Congo;Kabinda;843;KBN;FZWT
3671;Kabalo;Democratic_Republic_Of_Congo;Kabalo;561;KBO;FZRM
3672;Borispol;Ukraine;Borispol;130;KBP;UKBB
3673;Kasungu;Malawi;Kasungu;1058;KBQ;FWKG
3674;Sultan_Ismail_Petra;Malaysia;Kota_Bharu;5;KBR;WMKC
3675;Bo;Sierra_Leone;Bo;100;KBS;GFBO
3676;Kaben;Marshall_Islands;Kaben;;KBT;
3677;Kotabaru;Indonesia;Kotabaru;3;KBU;WRBK
3678;Krabi;Thailand;Krabi;28;KBV;VTSG
3679;Chignik_Bay;United_States;Chignik;0;KBW;KKBW
3680;Kambuaya;Indonesia;Kambuaya;;KBX;
3681;Streaky_Bay;Australia;Streaky_Bay;21;KBY;YKBY
3682;Kaikoura;New_Zealand;Kaikoura;6;KBZ;NZKI
3683;Kuqa;China;Kuqa;1074;KCA;ZWKC
3684;Tepoe_Airstrip;Suriname;Kasikasima;;KCB;
3685;Coffman_Cove_SPB;United_States;Coffman_Cove;0;KCC;PAKC
3686;Kamur;Indonesia;Kamur;;KCD;MDSD
3687;Collinsville;Australia;Collinsville;180;KCE;YCSV
3688;Kadanwari;Pakistan;Kadanwari;73;KCF;WABB
3689;Fisheries;United_States;Chignik;8;KCG;PAJC
3690;Kuching;Malaysia;Kuching;27;KCH;WBGG
3691;Kon;Indonesia;Kon;;KCI;
3692;Komaio;Papua_New_Guinea;Komaio;;KCJ;SPZO
3693;Fairfax_Municipal;United_States;Kansas_City;227;KCK;KKCK
3694;Lagoon;United_States;Chignik;8;KCL;KKCL
3695;Kahramanmaras;Turkey;Kahramanmaras;525;KCM;VOCI
3696;SPB;United_States;Chernofski;0;KCN;KKCN
3697;Cengiz_Topel;Turkey;Kocaeli;;KCO;KKCO
3698;Kamenets-podolskiy;Ukraine;Kamenets-podolskiy;69;KCP;
3699;Chignik;United_States;Chignik;5;KCQ;PAJC
3700;Colorado_Creek;United_States;Colorado_Creek;262;KCR;KKCR
3701;Kings_Creek_Station;Australia;Kings_Creek_Station;616;KCS;YKCS
3702;Koggala;Sri_Lanka;Koggala;3;KCT;VCCK
3703;Masindi;Uganda;Masindi;1173;KCU;HUMI
3704;Kochi;Japan;Kochi;13;KCZ;RJOK
3705;Kolda;Senegal;Kolda;10;KDA;GODK
3706;Kambalda;Australia;Kambalda;319;KDB;YKBL
3707;Kandi;Benin;Kandi;290;KDC;DBBK
3708;Khuzdar;Pakistan;Khuzdar;1223;KDD;OPKH
3709;Koroba;Papua_New_Guinea;Koroba;1676;KDE;
3710;Kouba;Chad;Kouba;;KDF;VOCP
3711;Kardjali;Bulgaria;Kardjali;;KDG;
3712;Kandahar;Afghanistan;Kandahar;1017;KDH;OAKN
3713;Wolter_Monginsidi;Indonesia;Kendari;164;KDI;WAWW
3714;Municipal;United_States;Kodiak;42;KDK;PAKD
3715;Kardla;Estonia;Kardla;5;KDL;EEKA
3716;Kaadedhdhoo;"Cote_D&#039;Ivoire";Kaadedhdhoo;1;KDM;VRMT
3717;Ndende;Gabon;Ndende;127;KDN;FOGE
3718;Kadhdhoo;Maldives;Kadhdhoo;1;KDO;VRMK
3719;Kandep;Papua_New_Guinea;Kandep;2195;KDP;
3720;Kamberatoro;Papua_New_Guinea;Kamberatoro;;KDQ;DGAA
3721;Kandrian;Papua_New_Guinea;Kandrian;91;KDR;
3722;Kamaran_Downs;Australia;Kamaran_Downs;;KDS;
3723;Kamphangsaen;Thailand;Kamphangsaen;9;KDT;VTBK
3724;Skardu;Pakistan;Skardu;2230;KDU;OPSD
3725;Kandavu;Fiji;Kandavu;2;KDV;NFKD
3726;Vic._Resevour_Kandy;Sri_Lanka;Kandy;;KDW;LFMN
3727;Mahaweli;Sri_Lanka;Mahaweli;;KDY;KCOD
3728;Polgolla_Reservoir;Sri_Lanka;Katugastota;;KDZ;TKPK
3729;Keisah;Indonesia;Keisah;;KEA;
3730;Nanwalek;United_States;Nanwalek;8;KEB;KKEB
3731;Kasenga;Zambia;Kasenga;959;KEC;FZQG
3732;Kaedi;Mauritania;Kaedi;23;KED;GQNK
3733;Kelle;Congo;Kelle;465;KEE;FCOK
3734;Keflavik_International;Iceland;Reykjavik;52;KEF;BIKF
3735;Keglsugl;Papua_New_Guinea;Keglsugl;2484;KEG;
3736;Kenmore_Air_Harbor;United_States;Kenmore_Air_Harbor;4;KEH;KKEH
3737;Kepi;Indonesia;Kepi;8;KEI;WAKP
3738;Kemerovo;Russian_Federation;Kemerovo;263;KEJ;UNEE
3739;Ekwok;United_States;Ekwok;43;KEK;KKEK
3740;Kiel-Holtenau;Germany;Kiel;31;KEL;EDHK
3741;Kemi/Tornio;Finland;Kemi/Tornio;19;KEM;EFKE
3742;Kenema;Sierra_Leone;Kenema;148;KEN;GFKE
3743;Odienne;"Cote_D&#039;Ivoire";Odienne;416;KEO;DIOD
3744;Nepalganj;Nepal;Nepalganj;165;KEP;VNNG
3745;Kebar;Indonesia;Kebar;600;KEQ;WASE
3746;Kerman;Iran;Kerman;1750;KER;OIKK
3747;Kelsey;Canada;Kelsey;183;KES;CZEE
3748;Keng_Tung;Myanmar;Keng_Tung;853;KET;VYKG
3749;Kelly_Bar;United_Kingdom;Kelly_Bar;;KEU;GAKM
3750;Halli;Finland;Kuorevesi;146;KEV;EFHA
3751;Keewaywin;Canada;Keewaywin;;KEW;
3752;Kanabea;Papua_New_Guinea;Kanabea;1219;KEX;
3753;Kericho;Kenya;Kericho;2000;KEY;HKKR
3754;Kelaniya_River;Sri_Lanka;Kelaniya;;KEZ;FVKZ
3755;Kiffa;Mauritania;Kiffa;129;KFA;GQNF
3756;Kalkurung;Australia;Kalkurung;197;KFG;YKKG
3757;False_Pass;United_States;False_Pass;6;KFP;PAKF
3758;Kastamonu;Greece;Kastamonu;;KFS;YSCH
3759;Kananga;Democratic_Republic_Of_Congo;Kananga;652;KGA;FZUA
3760;Konge;Papua_New_Guinea;Konge;1676;KGB;
3761;Kingscote;Australia;Kingscote;7;KGC;YKSC
3762;Kaliningrad;Russian_Federation;Kaliningrad;13;KGD;UMKK
3763;Kagau;Malaysia;Kagau;;KGE;AGKG
3764;Karaganda;Kazakhstan;Karaganda;538;KGF;UAKK
3765;Kedougou;Senegal;Kedougou;178;KGG;GOTK
3766;Yongai;Papua_New_Guinea;Yongai;1859;KGH;
3767;Kalgoorlie;Australia;Kalgoorlie;367;KGI;YPKG
3768;Karonga;Malawi;Karonga;538;KGJ;FWKA
3769;New_Koliganek;United_States;New_Koliganek;82;KGK;PAJZ
3770;Gregoire_Kayibanda;Rwanda;Kigali;1481;KGL;HRYR
3771;Kungum;Tanzania;Kungum;;KGM;
3772;Kasongo_Lunda;Democratic_Republic_Of_Congo;Kasongo_Lunda;488;KGN;FZOK
3773;Kirovograd;Ukraine;Kirovograd;173;KGO;UKKG
3774;Kogalym_International;Russian_Federation;Kogalym;67;KGP;USRK
3775;Kulgera;Australia;Kulgera;512;KGR;
3776;Kos_Island_International_Airport;Greece;Kos;126;KGS;LGKO
3777;Keningau;Malaysia;Keningau;316;KGU;WBKG
3778;Kagi;Papua_New_Guinea;Kagi;1250;KGW;
3779;Grayling;United_States;Grayling;30;KGX;KKGX
3780;Kingaroy;Australia;Kingaroy_Queensland;455;KGY;YKRY
3781;Glacier_Creek;United_States;Glacier_Creek;725;KGZ;KKGZ
3782;Khaneh;Iran;Khaneh;1455;KHA;OITH
3783;Kerch;Ukraine;Kerch;52;KHC;UKFK
3784;Khorramabad;Iran;Khorramabad;1153;KHD;OICK
3785;Kherson;Ukraine;Kherson;45;KHE;UKOH
3786;Kashi;China;Kashi;1380;KHG;ZWSH
3787;Kaoshiung_International_Airport;Taiwan;Kaohsiung;9;KHH;RCKH
3788;Quaid-e-azam_Intl;Pakistan;Karachi;30;KHI;OPKC
3789;Kauhajoki;Finland;Kauhajoki;124;KHJ;EFKJ
3790;Khark_Island;Iran;Khark_Island;5;KHK;OIBQ
3791;Khulna;Bangladesh;Khulna;;KHL;VGKN
3792;Khamti;Myanmar;Khamti;1829;KHM;VYKI
3793;Nanchang;China;Nanchang;44;KHN;ZSCN
3794;Khoka_Moya;South_Africa;Khoka_Moya;442;KHO;
3795;Kharkhorin;Mongolia;Kharkhorin;;KHR;ZMHH
3796;Khasab;Oman;Khasab;30;KHS;OOKB
3797;Khost;Afghanistan;Khost;1172;KHT;OAKS
3798;Kremenchug;Ukraine;Kremenchug;;KHU;
3799;Khabarovsk(Novy);Russian_Federation;Khabarovsk;74;KHV;UHHH
3800;Khwai_River_Lodge;Botswana;Khwai_River_Lodge;914;KHW;FBKR
3801;Khoy;Iran;Khoy;1213;KHY;OITK
3802;Kauehi;French_Polynesia;Kauehi;4;KHZ;NTKA
3803;Kaiapit;Papua_New_Guinea;Kaiapit;302;KIA;
3804;SPB;United_States;Ivanof_Bay;0;KIB;KKIB
3805;Mesa_Del_Rey;United_States;King_City;113;KIC;KKIC
3806;Kristianstad;Sweden;Kristianstad;23;KID;ESMK
3807;Aropa;Papua_New_Guinea;Kieta;3;KIE;AYKT
3808;Kingfisher_Lake;Canada;Kingfisher_Lake;;KIF;
3809;Koinghaas;South_Africa;Koinghaas;75;KIG;
3810;Kish_Island;Iran;Kish_Island;31;KIH;OIBK
3811;Kibuli;Democratic_Republic_Of_Congo;Kibuli;;KII;
3812;Niigata;Japan;Niigata;9;KIJ;RJSN
3813;Kirkuk;Iraq;Kirkuk;323;KIK;ORKK
3814;Kilwa;Zambia;Kilwa;920;KIL;
3815;Kimberley;South_Africa;Kimberley;1204;KIM;FAKM
3816;Norman_Manley;Jamaica;Kingston;3;KIN;MKJP
3817;Kili_Island;Marshall_Islands;Kili_Island;2;KIO;
3818;Kickapoo;United_States;Wichita_Falls;306;KIP;KCWC
3819;Kira;Papua_New_Guinea;Kira;518;KIQ;
3820;Kerry;Ireland;Farranfore;34;KIR;EIKY
3821;Kisumu;Kenya;Kisumu;1157;KIS;HKKI
3822;Kithira;Greece;Kithira;319;KIT;LGKC
3823;Kiunga;Kenya;Kiunga;10;KIU;
3824;Kishinev;Moldova;Chisinau;122;KIV;LUKK
3825;Southdowns;Zambia;Kitwe;1263;KIW;FLSO
3826;Kansai_International;Japan;Osaka;8;KIX;RJBB
3827;Kilwa;Tanzania;Kilwa;15;KIY;HTKI
3828;Kikinonda;Papua_New_Guinea;Kikinonda;30;KIZ;
3829;Emelyanovo;Russian_Federation;Krasnojarsk;287;KJA;UNKL
3830;Kortrijk;Belgium;Kortrijk;20;KJK;EBKT
3831;Kerama;Japan;Kerama;48;KJP;ROKR
3832;Kamiraba;Papua_New_Guinea;Kamiraba;3;KJU;
3833;Koyuk;United_States;Koyuk;47;KKA;PAKK
3834;SPB;United_States;Kitoi_Bay;0;KKB;KKKB
3835;Khon_Kaen;Thailand;Khon_Kaen;204;KKC;VTUK
3836;Kokoda;Papua_New_Guinea;Kokoda;387;KKD;
3837;Kerikeri/Bay_of_Islands;New_Zealand;Kerikeri;150;KKE;NZKK
3838;Kagvik_Creek;United_States;Kagvik_Creek;;KKF;ZLXN
3839;Konawaruk;Guyana;Konawaruk;46;KKG;SYKZ
3840;Kongiganak;United_States;Kongiganak;9;KKH;PADY
3841;Spb;United_States;Akiachak;5;KKI;KKKI
3842;Kita_Kyushu;Japan;Kita_Kyushu;6;KKJ;RJFR
3843;Kalakaket_AFS;United_States;Kalakaket;487;KKK;
3844;Karluk_Lake_SPB;United_States;Karluk_Lake;112;KKL;KKKL
3845;Lop_Buri;Thailand;Lop_Buri;29;KKM;VTBH
3846;Hoeybuktmoen;Norway;Kirkenes;86;KKN;ENKR
3847;Kaikohe;New_Zealand;Kaikohe;175;KKO;NZKO
3848;Koolburra;Australia;Koolburra;107;KKP;YKLB
3849;Kaukura_Atoll;French_Polynesia;Kaukura_Atoll;3;KKR;NTGK
3850;Kentland;United_States;Kentland;213;KKT;KKKT
3851;Ekuk;United_States;Ekuk;9;KKU;KKKU
3852;Kikwit;Democratic_Republic_Of_Congo;Kikwit;479;KKW;FZCA
3853;Kikaiga_Shima;Japan;Kikaiga_Shima;6;KKX;RJKI
3854;Kilkenny;Ireland;Kilkenny;91;KKY;EIKL
3855;Koh_Kong;Cambodia;Koh_Kong;5;KKZ;VDKK
3856;Kalabo;Zambia;Kalabo;1052;KLB;FLKL
3857;Kaolack;Senegal;Kaolack;8;KLC;GOOK
3858;Migalovo;Russian_Federation;Tver;143;KLD;UUEM
3859;Kaele;Cameroon;Kaele;389;KLE;FKKH
3860;Kaluga;Russian_Federation;Kaluga;200;KLF;UUBC
3861;Municipal;United_States;Kalskag;17;KLG;PALG
3862;Kolhapur;India;Kolhapur;608;KLH;VAKP
3863;Kota_Koli;Democratic_Republic_Of_Congo;Kota_Koli;549;KLI;FZFP
3864;Kalokol;Kenya;Kalokol;379;KLK;HKFG
3865;Levelock;United_States;Levelock;12;KLL;KKLL
3866;Kalaleh;Iran;Kalaleh;130;KLM;OINE
3867;Larsen_SPB;United_States;Larsen_Bay;27;KLN;PALB
3868;Kalibo;Philippines;Kalibo;4;KLO;RPVK
3869;Kelp_Bay;United_States;Kelp_Bay;;KLP;LFKC
3870;Keluang;Indonesia;Keluang;;KLQ;WIPV
3871;Kalmar;Sweden;Kalmar;5;KLR;ESMQ
3872;Longview;United_States;Kelso;6;KLS;KKLS
3873;Kaiserslautern;Germany;Kaiserslautern;;KLT;ETED
3874;Alpe_Adria;Austria;Klagenfurt;448;KLU;LOXK
3875;Karlovy_Vary;Czech_Republic;Karlovy_Vary;606;KLV;LKKV
3876;Klawock;United_States;Klawock;24;KLW;PAKW
3877;Kalamata;Greece;Kalamata;8;KLX;LGKL
3878;Kalima;Democratic_Republic_Of_Congo;Kalima;551;KLY;FZOD
3879;Kleinzee;South_Africa;Kleinzee;82;KLZ;FAKZ
3880;Kerema;Papua_New_Guinea;Kerema;3;KMA;AYKM
3881;Koinambe;Papua_New_Guinea;Koinambe;884;KMB;
3882;King_Khalid_Military;Saudi_Arabia;King_Khalid_Mil._City;412;KMC;OEKK
3883;Mandji;Gabon;Mandji;140;KMD;
3884;Kamembe;Rwanda;Kamembe;1583;KME;HRZA
3885;Kamina;Papua_New_Guinea;Kamina;610;KMF;
3886;Kunming;China;Kunming;1895;KMG;ZPPP
3887;Kuruman;South_Africa;Kuruman;1336;KMH;FAKU
3888;Miyazaki;Japan;Miyazaki;6;KMI;RJFM
3889;Kumamoto;Japan;Kumamoto;196;KMJ;RJFT
3890;Makabana;Congo;Makabana;151;KMK;FCPA
3891;Kamileroi;Australia;Kamileroi;91;KML;YKML
3892;Kimam;Indonesia;Kimam;5;KMM;
3893;Kamina;Democratic_Republic_Of_Congo;Kamina;1080;KMN;FZSA
3894;Manokotak_SPB;United_States;Manokotak;30;KMO;PAMB
3895;J.G.H._Van_Der_Wath;Namibia;Keetmanshoop;1069;KMP;FYKT
3896;Komatsu;Japan;Komatsu;11;KMQ;RJNK
3897;Karimui;Papua_New_Guinea;Karimui;1119;KMR;
3898;Kumasi;Ghana;Kumasi;287;KMS;DGSI
3899;Kampot;Cambodia;Kampot;13;KMT;
3900;Kismayu;Somalia;Kismayu;15;KMU;HCMK
3901;Kalemyo;Myanmar;Kalemyo;152;KMV;VYKL
3902;Kostroma;Russian_Federation;Kostroma;136;KMW;UUBA
3903;Khamis_Mushait;Saudi_Arabia;Khamis_Mushait;2066;KMX;OEKM
3904;Moser_Bay;United_States;Moser_Bay;0;KMY;KKMY
3905;Kaoma;Zambia;Kaoma;1119;KMZ;FLKO
3906;Vina_del_Mar;Chile;Vina_del_Mar;141;KNA;SCVM
3907;Kanab;United_States;Kanab;1484;KNB;KKNB
3908;Kindu;Zaire;Kindu;497;KND;FZOA
3909;Kanainj;Papua_New_Guinea;Kanainj;1158;KNE;
3910;Marham_RAF;United_Kingdom;Kings_Lynn;;KNF;EGYM
3911;Kaimana;Indonesia;Kaimana;6;KNG;WASK
3912;Shang-Yi;China;Kinmen;28;KNH;RCBS
3913;Katanning;Australia;Katanning;305;KNI;YKNG
3914;Kindamba;Congo;Kindamba;445;KNJ;FCBK
3915;Kakhonak;United_States;Kakhonak;35;KNK;KKNK
3916;Kelanoa;Papua_New_Guinea;Kelanoa;15;KNL;
3917;Kaniama;Democratic_Republic_Of_Congo;Kaniama;845;KNM;FZTK
3918;Kankan;Guinea;Kankan;376;KNN;GUXD
3919;Knokke/Het_Zoute;Belgium;Knokke/Het_Zoute;3;KNO;EBKW
3920;Capanda;Angola;Capanda;;KNP;FNCP
3921;Kone;New_Caledonia;Kone;7;KNQ;NWWD
3922;Jam;Iran;Kangan;662;KNR;OIBJ
3923;King_Island;Australia;King_Island_Tasmania;40;KNS;YKII
3924;Municipal;United_States;Kennett;80;KNT;KTKX
3925;Kanpur;India;Kanpur;125;KNU;VIKA
3926;Knights_Inlet;Canada;Knights_Inlet;;KNV;KSZL
3927;New_Stuyahok;United_States;New_Stuyahok;111;KNW;PANW
3928;Kununurra;Australia;Kununurra;44;KNX;YPKU
3929;Kinoosao;Kenya;Kinoosao;;KNY;
3930;Kenieba;Mali;Kenieba;137;KNZ;GAKA
3931;Kona_International_Airport;United_States;Kona;14;KOA;PHKO
3932;Koutaba;Cameroon;Koutaba;1208;KOB;FKKM
3933;Koumac;New_Caledonia;Koumac;13;KOC;NWWK
3934;Kotabangun;Indonesia;Kotabangun;;KOD;
3935;Eltari;Indonesia;Kupang;102;KOE;WATT
3936;Komatipoort;South_Africa;Komatipoort;152;KOF;FAKP
3937;Khong;Laos;Khong;76;KOG;VLKG
3938;Koolatah;Australia;Koolatah;15;KOH;YKLA
3939;Orkney_Island;United_Kingdom;Orkney_Island;15;KOI;EGPA
3940;Kagoshima;Japan;Kagoshima;276;KOJ;RJFK
3941;Kruunupyy;Finland;Kokkola/Pietarsaari;26;KOK;EFKK
3942;Koumala;Central_African_Republic;Koumala;650;KOL;
3943;Komo-Manda;Papua_New_Guinea;Komo-Manda;1475;KOM;
3944;Kontum;Vietnam;Kontum;550;KON;
3945;Kongolo;Democratic_Republic_Of_Congo;Kongolo;564;KOO;FZRQ
3946;Nakhon_Phanom;Thailand;Nakhon_Phanom;179;KOP;VTUW
3947;Koethen;Germany;Koethen;;KOQ;VHHH
3948;Kokoro;Papua_New_Guinea;Kokoro;61;KOR;
3949;Sihanoukville;Cambodia;Sihanoukville;10;KOS;VDSV
3950;Kotlik;United_States;Kotlik;5;KOT;PFKO
3951;Koulamoutou;Gabon;Koulamoutou;326;KOU;FOGK
3952;Kokshetau;Kazakhstan;Kokshetau;274;KOV;UACK
3953;Ganzhou;China;Ganzhou;;KOW;ZSGZ
3954;Kokonao;Indonesia;Kokonao;2;KOX;WABN
3955;Olga_Bay_SPB;United_States;Olga_Bay;0;KOY;KKOY
3956;Ouzinkie_SPB;United_States;Ouzinkie;17;KOZ;
3957;Kopiago;Papua_New_Guinea;Kopiago;1311;KPA;
3958;Point_Baker_SPB;United_States;Point_Baker;0;KPB;KKPB
3959;Port_Clarence;United_States;Port_Clarence;3;KPC;PAPC
3960;King_Of_Prussia;United_States;King_Of_Prussia;67;KPD;
3961;Yapsiei;Papua_New_Guinea;Yapsiei;183;KPE;
3962;Kondubol;Papua_New_Guinea;Kondubol;;KPF;FACT
3963;Kurupung;Guyana;Kurupung;;KPG;SYKP
3964;Pauloff_Harbor_SPB;United_States;Pauloff_Harbor;0;KPH;KKPH
3965;Kapit;Malaysia;Kapit;20;KPI;WBGP
3966;Parks_SPB;United_States;Parks;0;KPK;SLCO
3967;Kapal;Papua_New_Guinea;Kapal;;KPL;OAKB
3968;Kompiam;Papua_New_Guinea;Kompiam;1541;KPM;
3969;Kipnuk_SPB;United_States;Kipnuk;3;KPN;PAKI
3970;Pohang;Korea_(South);Pohang;21;KPO;RKTH
3971;Kalpowar;Australia;Kalpowar;37;KPP;YKPR
3972;Port_Williams_SPB;United_States;Port_Williams;0;KPR;KKPR
3973;Kempsey;Australia;Kempsey;16;KPS;YKMP
3974;Jackpot;United_States;Jackpot;1589;KPT;KKPT
3975;Perryville_SPB;United_States;Perryville;9;KPV;PAPE
3976;Port_Bailey_SPB;United_States;Port_Bailey;0;KPY;KKPY
3977;Akutan;United_States;Akutan;0;KQA;KKQA
3978;Koonibba;Australia;Koonibba;;KQB;
3979;Kol;Papua_New_Guinea;Kol;1620;KQL;
3980;Kerang;Australia;Kerang;77;KRA;YKER
3981;Karumba;Australia;Karumba;5;KRB;YKMB
3982;Kerinci;Indonesia;Kerinci;;KRC;WIPH
3983;Kurundi;Australia;Kurundi;422;KRD;
3984;Kirundo;Burundi;Kirundo;1375;KRE;HBBO
3985;Kramfors;Sweden;Kramfors;10;KRF;ESNK
3986;Karasabai;Guyana;Karasabai;122;KRG;SYKS
3987;Kikori;Papua_New_Guinea;Kikori;12;KRI;AYKK
3988;Karawari;Papua_New_Guinea;Karawari;27;KRJ;
3989;J._Paul_Ii_Balice_Intl;Poland;Krakow;241;KRK;EPKK
3990;Korla;China;Korla;;KRL;ZWKL
3991;Karanambo;Guyana;Karanambo;91;KRM;SYKR
3992;Kiruna;Sweden;Kiruna;460;KRN;ESNQ
3993;Kurgan;Russian_Federation;Kurgan;73;KRO;USUU
3994;Karup;Denmark;Karup;52;KRP;EKKA
3995;Kramatorsk;Ukraine;Kramatorsk;197;KRQ;UKCK
3996;Pashkovsky;Russian_Federation;Krasnodar;36;KRR;URKK
3997;Kjevik;Norway;Kristiansand;17;KRS;ENCN
3998;Civil;Sudan;Khartoum;386;KRT;HSSS
3999;Kerau;Papua_New_Guinea;Kerau;2164;KRU;
4000;Kerio_Valley;Kenya;Kerio_Valley;;KRV;
4001;Turkmanbashi;Turkmenistan;Turkmenbashi;85;KRW;UTAK
4002;Kar_Kar;Papua_New_Guinea;Kar_Kar;16;KRX;
4003;Karamay;China;Karamay;;KRY;ZWKM
4004;Kiri;Democratic_Republic_Of_Congo;Kiri;309;KRZ;FZBT
4005;Kosrae;Federated_States_of_Micronesia;Kosrae;3;KSA;PTSA
4006;Kasanombe;Papua_New_Guinea;Kasanombe;1737;KSB;
4007;Barca;Slovakia;Kosice;230;KSC;LZKZ
4008;Karlstad;Sweden;Karlstad;107;KSD;ESOK
4009;Kasese;Uganda;Kasese;959;KSE;HUKS
4010;Kassel-Calden;Germany;Kassel;277;KSF;EDVK
4011;Kisengan;Papua_New_Guinea;Kisengan;1036;KSG;
4012;Kermanshah;Iran;Kermanshah;1311;KSH;OICC
4013;Kissidougou;Guinea;Kissidougou;551;KSI;GUKU
4014;Kasos_Island;Greece;Kasos_Island;11;KSJ;LGKS
4015;Karlskoga;Sweden;Karlskoga;122;KSK;ESKK
4016;Kassala;Sudan;Kassala;509;KSL;HSKA
4017;Saint_Marys;United_States;Saint_Marys;95;KSM;PASM
4018;Kostanay;Kazakhstan;Kostanay;181;KSN;UAUU
4019;Aristoteles_Airport;Greece;Kastoria;661;KSO;LGKA
4020;Kosipe;Papua_New_Guinea;Kosipe;1859;KSP;
4021;Karshi;Uzbekistan;Karshi;416;KSQ;UTSL
4022;Federal_No_1;United_States;Sandy_River;;KSR;KKSR
4023;Sikasso;Mali;Sikasso;420;KSS;GASK
4024;Kosti;Sudan;Kosti;393;KST;HSKI
4025;Kvernberget;Norway;Kristiansund;62;KSU;ENKB
4026;Springvale;Australia;Springvale;131;KSV;YSPV
4027;Kiryat_Shmona;Israel;Kiryat_Shmona;114;KSW;LLKS
4028;Yasuru;Papua_New_Guinea;Yasuru;433;KSX;
4029;Kars;Turkey;Kars;1795;KSY;LTCF
4030;Kotlas;Russian_Federation;Kotlas;;KSZ;ULKK
4031;Karratha;Australia;Karratha;9;KTA;YPKA
4032;Thorne_Bay;United_States;Thorne_Bay;0;KTB;KKTB
4033;Katiola;"Cote_D&#039;Ivoire";Katiola;280;KTC;
4034;Kitadaito;Japan;Kitadaito;24;KTD;RORK
4035;Kerteh;Malaysia;Kerteh;5;KTE;WMKE
4036;Takaka;New_Zealand;Takaka;30;KTF;NZTK
4037;Ketapang;Indonesia;Ketapang;14;KTG;WIOK
4038;SPB;India;Tikchik;93;KTH;
4039;Kratie;Cambodia;Kratie;30;KTI;VDKT
4040;Kanua;Papua_New_Guinea;Kanua;27;KTK;
4041;Kitale;Kenya;Kitale;1850;KTL;HKKT
4042;Tribhuvan;Nepal;Kathmandu;1338;KTM;VNKT
4043;International;United_States;Ketchikan;27;KTN;PAKT
4044;Kato;Guyana;Kato;701;KTO;SYKT
4045;Tinson;Jamaica;Kingston;5;KTP;MKTP
4046;Kitee;Finland;Kitee;111;KTQ;EFIT
4047;Tindal;Australia;Katherine;135;KTR;YPTN
4048;Brevig_Mission;United_States;Teller_Mission;12;KTS;PFKT
4049;Kittila;Finland;Kittila;196;KTT;EFKT
4050;Kota;India;Kota;273;KTU;VIKO
4051;Kamarata;Venezuela;Kamarata;487;KTV;SVKM
4052;Pyrzowice;Poland;Katowice;303;KTW;EPKT
4053;Koutiala;Mali;Koutiala;378;KTX;GAKO
4054;Katukurunda_Slaf_Base;Sri_Lanka;Katukurunda;;KTY;EPGI
4055;Kwun_Tong;Hong_Kong;Kwun_Tong;;KTZ;TKPK
4056;Kuantan;Malaysia;Kuantan;18;KUA;WMKD
4057;Kuria;Kiribati;Kuria;3;KUC;NGKT
4058;Kudat;Malaysia;Kudat;3;KUD;WBKT
4059;Kukundu;Solomon_Islands;Kukundu;1;KUE;AGKU
4060;Kurumoch;Russian_Federation;Samara;145;KUF;UWWW
4061;Kubin_Island;Australia;Kubin_Island;5;KUG;YKUB
4062;Kushiro;Japan;Kushiro;100;KUH;RJCK
4063;Kawau_Island;New_Zealand;Kawau_Island;0;KUI;
4064;Kushimoto;Japan;Kushimoto;;KUJ;
4065;Kasigluk;United_States;Kasigluk;15;KUK;PFKA
4066;Kuala_Lumpur_International_Airport_(klia);Malaysia;Kuala_Lumpur;21;KUL;WMKK
4067;Yakushima;Japan;Yakushima;38;KUM;RJFC
4068;Kaunas;Lithuania;Kaunas;78;KUN;EYKA
4069;Kuopio;Finland;Kuopio;98;KUO;EFKU
4070;Kupiano;Papua_New_Guinea;Kupiano;46;KUP;
4071;Kuri;Papua_New_Guinea;Kuri;;KUQ;
4072;Kuran-O-Munjan;Tajikistan;Kuran-O-Munjan;2526;KUR;OARZ
4073;Kulusuk;Greenland;Kulusuk;36;KUS;BGKK
4074;Kopitnari;Georgia;Kutaisi;68;KUT;UGKO
4075;Kullu_Manali;India;Bhuntar_Kullu.;1089;KUU;VIBR
4076;Gunsan;Korea_(South);Gunsan;9;KUV;RKJK
4077;Kugururok_River;Papua_New_Guinea;Kugururok_River;30;KUW;RCTP
4078;Kuyol;Korea_(North);Kuyol;;KUX;RKPC
4079;Kamusi_Airport;United_States;Kamusi;0;KUY;RPLO
4080;Gunsan_Airbase;Korea_(South);Gunsan_AB;;KUZ;
4081;Megas_Alexandros_International;Greece;Kavala;5;KVA;LGKV
4082;Skovde;Sweden;Skovde;99;KVB;ESGR
4083;King_Cove;United_States;King_Cove;47;KVC;PAVC
4084;Gyandzha;Azerbaijan;Gyandzha;330;KVD;UBBG
4085;Kitava;Norway;Kitava;;KVE;
4086;Kavieng;Papua_New_Guinea;Kavieng;2;KVG;AYKV
4087;Kirovsk;Russian_Federation;Kirovsk;;KVK;ULMK
4088;Kivalina;United_States;Kivalina;4;KVL;PAVL
4089;Korolevu;Fiji;Korolevu;7;KVU;
4090;Kirov;Russian_Federation;Kirov;146;KVX;USKK
4091;Kwajalein;Marshall_Islands;Kwajalein;3;KWA;PKWA
4092;Karimunjawa;Indonesia;Karimunjawa;;KWB;
4093;Kawadjia;Central_African_Republic;Kawadjia;;KWD;
4094;Guiyang;China;Guiyang;1139;KWE;ZUGY
4095;Waterfall_SPB;United_States;Waterfall;0;KWF;KKWF
4096;Krivoy_Rog;Ukraine;Krivoy_Rog;124;KWG;UKDR
4097;Khwahan;Afghanistan;Khwahan;991;KWH;OAHN
4098;Kuwait_International;Kuwait;Kuwait_City;63;KWI;OKBK
4099;Gwangju;Korea_(South);Gwangju;12;KWJ;RKJJ
4100;Kwigillingok;United_States;Kwigillingok;0;KWK;KKWK
4101;Guilin;China;Guilin;174;KWL;ZGKL
4102;Kowanyama;Australia;Kowanyama;11;KWM;YKOW
4103;Kwinhagak;United_States;Quinhagak;13;KWN;PAQH
4104;Kawito;Papua_New_Guinea;Kawito;15;KWO;
4105;Village_SPB;United_States;West_Point;0;KWP;KKWP
4106;Kwai_Harbour;Solomon_Islands;Kwai_Harbour;0;KWR;
4107;Kwailabesi_Aerodrom;Solomon_Islands;Kwailabesi;;KWS;
4108;Kwethluk;United_States;Kwethluk;8;KWT;PFKW
4109;Mansion_House;New_Zealand;Mansion_House;;KWU;
4110;Kurwina;Papua_New_Guinea;Kurwina;9;KWV;
4111;Kiwai_Island;Papua_New_Guinea;Kiwai_Island;6;KWX;
4112;Kiwayu;Kenya;Kiwayu;;KWY;
4113;Kolwezi;Democratic_Republic_Of_Congo;Kolwezi;1526;KWZ;FZQM
4114;Kasaan_SPB;United_States;Kasaan;0;KXA;KKXA
4115;Klerksdorp;South_Africa;Klerksdorp;1355;KXE;FAKD
4116;Koro_Island;Fiji;Koro_Island;109;KXF;NFNO
4117;Komsomolsk_Na_Amure;Russian_Federation;Komsomolsk_Na_Amure;28;KXK;UHKK
4118;Karoola;Papua_New_Guinea;Karoola;12;KXR;
4119;Katiu;French_Polynesia;Katiu;;KXU;VHHH
4120;Konya;Turkey;Konya;1031;KYA;LTAN
4121;Yangoonabie;Australia;Yangoonabie;;KYB;FACT
4122;Orchid_Island;Taiwan;Orchid_Island;13;KYD;RCLY
4123;Kleyate;Libya;Tripoli;23;KYE;OLKA
4124;Yeelirrie;Australia;Yeelirrie;472;KYF;YYLR
4125;Yalata_Mission;Australia;Yalata_Mission;;KYI;YYTA
4126;Karluk;United_States;Karluk;42;KYK;PAKY
4127;Port_Largo;United_States;Key_Largo;2;KYL;KCEY
4128;Milton_Keynes;United_Kingdom;Milton_Keynes;;KYN;
4129;Topp_Of_Tampa;Lithuania;Tampa;;KYO;MUCL
4130;Kyaukpyu;Myanmar;Kyaukpyu;6;KYP;VYKP
4131;Kayes;Mali;Kayes;50;KYS;GAKY
4132;Kyauktaw;Myanmar;Kyauktaw;381;KYT;VYKU
4133;Koyukuk;United_States;Koyukuk;45;KYU;PFKU
4134;Yalumet;Papua_New_Guinea;Yalumet;762;KYX;
4135;Kyzyl;Russian_Federation;Kyzyl;647;KYZ;UNKY
4136;Zachar_Bay_SPB;United_States;Zachar_Bay;0;KZB;WABB
4137;Kompong-Chhna;Cambodia;Kompong-Chhna;17;KZC;VDKH
4138;Krakor;Cambodia;Krakor;12;KZD;
4139;Kaintiba;Papua_New_Guinea;Kaintiba;610;KZF;
4140;Kitzingen;Germany;Kitzingen;;KZG;SPZO
4141;Kizhuyak;United_States;Kizhuyak;;KZH;MTCA
4142;Philippos_Airport;Greece;Kozani;628;KZI;LGKZ
4143;Kompong_Thom;Cambodia;Kompong_Thom;10;KZK;
4144;Kazan;Russian_Federation;Kazan;125;KZN;UWKD
4145;Kzyl-Orda;Kazakhstan;Kzyl-Orda;132;KZO;UAOO
4146;Kastelorizo;Greece;Kastelorizo;144;KZS;LGKJ
4147;Lamar_Field;United_States;Lamar;1130;LAA;KLAA
4148;Lablab;Papua_New_Guinea;Lablab;24;LAB;
4149;Layang-Layang_Airstrip;Malaysia;Pulau_Layang-Layang_Is;;LAC;
4150;4_de_Fevereiro;Angola;Luanda;74;LAD;FNLU
4151;Nadzab;Papua_New_Guinea;Lae;73;LAE;AYNZ
4152;Purdue_University;United_States;Lafayette;185;LAF;KLAF
4153;La_Guaira;Venezuela;La_Guaira;;LAG;
4154;Labuha;Indonesia;Labuha;18;LAH;WAPH
4155;Servel;France;Lannion;88;LAI;LFRO
4156;Lages;Brazil;Lages;934;LAJ;SBLJ
4157;Aklavik;Canada;Aklavik;6;LAK;CYKD
4158;Municipal;United_States;Lakeland;43;LAL;KLAL
4159;Los_Alamos;United_States;Los_Alamos;2186;LAM;KLAM
4160;Capital_City;United_States;Lansing;262;LAN;KLAN
4161;Laoag_International_Airport;Philippines;Laoag;8;LAO;RPLI
4162;General_Manuel_Márquez_De_León_International_Airport;Mexico;La_Paz;21;LAP;MMLP
4163;La_Braq;Libya;Beida;657;LAQ;HLLQ
4164;General_Brees_Field;United_States;Laramie;2220;LAR;KLAR
4165;Mc_Carran_Intl;United_States;Las_Vegas;665;LAS;KLAS
4166;La_Uribe;Colombia;La_Uribe;;LAT;
4167;Lamu;Kenya;Lamu;6;LAU;HKLU
4168;Lalomalava;Samoa;Lalomalava;;LAV;
4169;Municipal;United_States;Lawton;338;LAW;KLAW
4170;Los_Angeles_International;United_States;Los_Angeles_Ca;38;LAX;KLAX
4171;Ladysmith;South_Africa;Ladysmith;1081;LAY;FALY
4172;Bom_Jesus_Da_Lapa;Brazil;Bom_Jesus_Da_Lapa;443;LAZ;SBLP
4173;Leeds/bradford;United_Kingdom;Leeds;208;LBA;EGNM
4174;International;United_States;Lubbock;1000;LBB;KLBB
4175;Lübeck_Blankensee;Germany;Lübeck;16;LBC;EDHL
4176;Khudzhand;Tajikistan;Khudzhand;442;LBD;UTDL
4177;Westmoreland_County;United_States;Latrobe;365;LBE;KLBE
4178;Lee_Bird_Field;United_States;North_Platte;846;LBF;KLBF
4179;Le_Bourget;France;Paris;66;LBG;LFPB
4180;Palm_Beach_SPB;Australia;Sydney;;LBH;
4181;Le_Sequestre;France;Albi;172;LBI;LFCI
4182;Mutiara;Indonesia;Labuan_Bajo;20;LBJ;WATO
4183;Liboi;Kenya;Liboi;98;LBK;
4184;Municipal;United_States;Liberal;879;LBL;KLBL
4185;Luabo;Mozambique;Luabo;17;LBM;FQLU
4186;Lake_Baringo;Kenya;Lake_Baringo;;LBN;
4187;Lusambo;Democratic_Republic_Of_Congo;Lusambo;429;LBO;FZVI
4188;Long_Banga_Airfield;Malaysia;Long_Banga;229;LBP;VHHH
4189;Lambarene;Gabon;Lambarene;25;LBQ;FOGR
4190;Labrea;Brazil;Labrea;58;LBR;SWLB
4191;Labasa;Fiji;Labasa;13;LBS;NFNL
4192;Lumberton;United_States;Lumberton;38;LBT;KLBT
4193;Labuan;Malaysia;Labuan;31;LBU;WBKL
4194;Libreville;Gabon;Libreville;12;LBV;FOOL
4195;Long_Bawan;Indonesia;Long_Bawan;884;LBW;WRLB
4196;Lubang;Philippines;Lubang;13;LBX;RPLU
4197;Montoir;France;Saint_Nazaire;32;LBY;LFRE
4198;Lukapa;Angola;Lukapa;;LBZ;FNLK
4199;Larnaca_International_Airport;Cyprus;Larnaca;2;LCA;LCLK
4200;Pontes_e_Lacerda;Brazil;Pontes_e_Lacerda;;LCB;
4201;Galatina;Italy;Lecce;48;LCC;LIBN
4202;Louis_Trichardt;South_Africa;Louis_Trichardt;922;LCD;FALO
4203;Goloson_International;Honduras;La_Ceiba;15;LCE;MHLC
4204;Las_Vegas;Guatemala;Rio_Dulce;;LCF;
4205;La_Coruna;Spain;La_Coruna;99;LCG;LECO
4206;Municipal;United_States;Lake_Charles;5;LCH;KLCH
4207;Municipal;United_States;Laconia;166;LCI;KLCI
4208;Lodz_Lublinek;Poland;Lodz;184;LCJ;EPLL
4209;Rickenbacker;United_States;Columbus;226;LCK;KLCK
4210;La_Coloma;Cuba;La_Coloma;40;LCL;MULM
4211;La_Cumbre;Argentina;La_Cumbre;1138;LCM;SACC
4212;Balcanoona;Australia;Balcanoona;144;LCN;YBLC
4213;Lague;Congo;Lague;840;LCO;FCBL
4214;Loncopue;Argentina;Loncopue;;LCP;LPPT
4215;La_Chorrera;Colombia;La_Chorrera;;LCR;
4216;Las_Canas;Costa_Rica;Las_Canas;80;LCS;
4217;Lucca;Italy;Lucca;12;LCV;LIQL
4218;Liancheng;China;Longyan;;LCX;ZSLO
4219;London_City_Airport;United_Kingdom;London;6;LCY;EGLC
4220;Malda;India;Malda;24;LDA;VEMH
4221;Londrina;Brazil;Londrina;569;LDB;SBLO
4222;Lindeman_Island;Australia;Lindeman_Island;41;LDC;YLIN
4223;Tarbes_Ossun_Lourdes;France;Lourdes/Tarbes;384;LDE;LFBT
4224;Leshukonskoye;Russian_Federation;Leshukonskoye;;LDG;TAPT
4225;Lord_Howe_Island;Australia;Lord_Howe_Island;5;LDH;YLHI
4226;Kikwetu;Tanzania;Lindi;30;LDI;HTLI
4227;Linden;United_States;Linden;7;LDJ;KLDJ
4228;Hovby;Sweden;Lidkoping;61;LDK;ESGL
4229;Mason_County;United_States;Ludington;197;LDM;KLDM
4230;Lamidanda;Nepal;Lamidanda;1250;LDN;VNLD
4231;Ladouanie;Suriname;Ladouanie;100;LDO;
4232;Lodar;Yemen;Lodar;1006;LDR;
4233;Lahad_Datu;Malaysia;Lahad_Datu;14;LDU;WBKD
4234;Landivisiau;France;Landivisiau;106;LDV;LFRJ
4235;Lansdowne;Australia;Lansdowne;335;LDW;
4236;St-Laurent_du_Maroni;French_Guiana;St_Laurent_du_Maroni;5;LDX;SOOM
4237;Eglinton_(City_of_Derry);United_Kingdom;Derry;7;LDY;EGAE
4238;Londolozi;South_Africa;Londolozi;381;LDZ;FALD
4239;Learmonth;Australia;Learmonth;6;LEA;YPLM
4240;White_River;United_States;White_River;184;LEB;KLEB
4241;Chapada_Diamantina;Brazil;Lencois;511;LEC;SBLE
4242;Pulkovo;Russian_Federation;St_Petersburg;24;LED;ULLI
4243;Leesburg;United_States;Leesburg;22;LEE;KLEE
4244;Lebakeng;Lesotho;Lebakeng;1829;LEF;FXLK
4245;Aleg;Mauritania;Aleg;38;LEG;
4246;Octeville;France;Le_Havre;95;LEH;LFOH
4247;Almeria;Spain;Almeria;21;LEI;LEAM
4248;Leipzig-halle;Germany;Leipzig-halle;142;LEJ;EDDP
4249;Labe;Guinea;Labe;1035;LEK;GULB
4250;Lake_Evella;Australia;Lake_Evella;78;LEL;YLEV
4251;Lemmon;United_States;Lemmon;784;LEM;KLEM
4252;Leon;Spain;Leon;916;LEN;LELN
4253;Leconi;Gabon;Leconi;550;LEO;
4254;Leopoldina;Brazil;Leopoldina;280;LEP;SNDN
4255;Lands_End;United_Kingdom;Lands_End;122;LEQ;EGHC
4256;Leinster;Australia;Leinster;497;LER;YLST
4257;Lesobeng;Lesotho;Lesobeng;2173;LES;FXLS
4258;Gen._A.V._Cobo;Colombia;Leticia;84;LET;SKLT
4259;Aeroport_De_La_Seu;Spain;Seu_De_Urgel;800;LEU;LESU
4260;Levuka_Airfield;Fiji;Bureta;3;LEV;NFNB
4261;Auburn;United_States;Lewiston;88;LEW;KLEW
4262;Blue_Grass;United_States;Lexington;299;LEX;KLEX
4263;Lelystad;Netherlands;Lelystad;-4;LEY;EHLE
4264;La_Esperanza;Honduras;La_Esperanza;1669;LEZ;MHLE
4265;Lumbo;Mozambique;Lumbo;;LFB;
4266;Langley_AFB;United_States;Hampton;3;LFI;KLFI
4267;Lufkin_Angelina_County;United_States;Lufkin_TX;90;LFK;KLFK
4268;Lamerd;Iran;Lamerd;408;LFM;OISR
4269;Franklin;United_States;Louisburg;112;LFN;KLHZ
4270;Kelafo;Ethiopia;Kelafo/Callaf;527;LFO;HAKL
4271;Lakefield;Australia;Lakefield;37;LFP;YLFD
4272;La_Fria;Venezuela;La_Fria;98;LFR;SVLF
4273;Lafayette_Regional;United_States;New_Iberia;13;LFT;KLFT
4274;Lome;Togo;Lome;22;LFW;DXXX
4275;La_Guardia;United_States;New_York;6;LGA;KLGA
4276;Long_Beach_Municipal;United_States;Long_Beach;18;LGB;KLGB
4277;Calloway;United_States;La_Grange;211;LGC;KLGC
4278;La_Grande;United_States;La_Grande;828;LGD;KLGD
4279;Lake_Gregory;Australia;Lake_Gregory;;LGE;EBLG
4280;Laguna_AAF;Indonesia;Yuma;132;LGF;KLGF
4281;Liege_Airport;Belgium;Liege;201;LGG;EBLG
4282;Leigh_Creek;Australia;Leigh_Creek;261;LGH;YLEC
4283;Deadmans_Cay;Bahamas;Long_Island;3;LGI;MYLD
4284;Langakawi_Intl;Malaysia;Langkawi;9;LGK;WMKL
4285;Long_Lellang;Malaysia;Long_Lellang;427;LGL;WBGF
4286;Laiagam;Papua_New_Guinea;Laiagam;2134;LGM;
4287;Linga_Linga;Papua_New_Guinea;Linga_Linga;2;LGN;
4288;Langeoog;Germany;Langeoog;2;LGO;EDWL
4289;Legazpi;Philippines;Legazpi;20;LGP;RPLP
4290;Lago_Agrio;Ecuador;Lago_Agrio;299;LGQ;SENL
4291;Cochrane;Argentina;Cochrane;196;LGR;SCHR
4292;Malargue;Argentina;Malargue;1427;LGS;SAMM
4293;Las_Gaviotas;Colombia;Las_Gaviotas;183;LGT;SKGA
4294;Cache;United_States;Logan;1358;LGU;KLGU
4295;London_Gatwick;United_Kingdom;London;62;LGW;EGKK
4296;Lugh_Ganane;Ethiopia;Lugh_Ganane;165;LGX;HCMJ
4297;Lagunillas;Venezuela;Lagunillas;;LGY;
4298;Leguizamo;Colombia;Leguizamo;;LGZ;
4299;Black_Forest;Germany;Lahr;156;LHA;EDTL
4300;Lost_Harbor_Sea_Port;United_States;Lost_Harbor;;LHB;VHHH
4301;Alama_Iqbal_International;Pakistan;Lahore;217;LHE;OPLA
4302;Lightning_Ridge;Australia;Lightning_Ridge;165;LHG;YLRD
4303;Lereh;Indonesia;Lereh;233;LHI;WAJL
4304;Guanghua;China;Guanghua;;LHK;ZHGH
4305;Lishan;Taiwan;Lishan;;LHN;RCLS
4306;Lehu;Papua_New_Guinea;Lehu;549;LHP;
4307;London_Heathrow;United_Kingdom;London;25;LHR;EGLL
4308;Las_Heras;Argentina;Las_Heras;330;LHS;SAVH
4309;Lianshulu;Namibia;Caprivi;;LHU;PHLI
4310;W_T_Piper_Memorial;United_States;Lock_Haven;169;LHV;KLHV
4311;Lanzhou_Airport;China;Lanzhou;593;LHW;ZLAN
4312;Liangping;China;Liangping;;LIA;ZULP
4313;Limbunya;Australia;Limbunya;373;LIB;
4314;Municipal;United_States;Limon;1638;LIC;KLIC
4315;Valkenburg;Netherlands;Leiden;0;LID;EHVB
4316;Libenge;Democratic_Republic_Of_Congo;Libenge;343;LIE;FZFA
4317;Lifou;New_Caledonia;Lifou;28;LIF;NWWL
4318;Bellegarde;France;Limoges;396;LIG;LFBL
4319;Lihue;United_States;Kauai_Island;47;LIH;PHLI
4320;Mulia;Indonesia;Mulia;1800;LII;WAJM
4321;Long_Island;Papua_New_Guinea;Long_Island;;LIJ;KFRH
4322;Likiep_Island;Marshall_Islands;Likiep_Island;;LIK;
4323;Lesquin;France;Lille;48;LIL;LFQQ
4324;Jorge_Chavez_International;Peru;Lima;34;LIM;SPIM
4325;Linate;Italy;Milan;108;LIN;LIML
4326;Limon;United_States;Limon;2;LIO;MRLM
4327;Lins;Brazil;Lins;480;LIP;SBLN
4328;Lisala;Democratic_Republic_Of_Congo;Lisala;460;LIQ;FZGA
4329;Daniel_Oduber_International;Costa_Rica;Liberia;82;LIR;MRLB
4330;Portela;Portugal;Lisbon;114;LIS;LPPT
4331;Adams_Field_Airport;United_States;Little_Rock_AR;80;LIT;KLIT
4332;Linosa_Heliport;Italy;Linosa;;LIU;KLIU
4333;Livengood;United_States;Livengood_AK;130;LIV;KLIV
4334;Loikaw;Myanmar;Loikaw;896;LIW;VYLK
4335;Likoma;Cameroon;Likoma_Island;488;LIX;FWLK
4336;Wright_AAF;United_States;Hinesville;14;LIY;KLHW
4337;Loring_AFB;United_States;Limestone;227;LIZ;KLIZ
4338;Lodja;Democratic_Republic_Of_Congo;Lodja;502;LJA;FZVA
4339;Intercontinental;United_States;Louisville;;LJC;
4340;Lijiang;China;Lijiang_City;;LJG;ZPLJ
4341;Brazoria_County;United_States;Lake_Jackson;8;LJN;KLBX
4342;Brnik;Slovenia;Ljubljana;388;LJU;LJLJ
4343;Larantuka;Indonesia;Larantuka;;LKA;WRKL
4344;Lakeba;Fiji;Lakeba;85;LKB;NFNK
4345;Lekana;Congo;Lekana;600;LKC;FCPE
4346;Lakeland_Downs;Australia;Lakeland_Downs;274;LKD;YLND
4347;Kenmore_Air_Harbor_SPB;United_States;Seattle_WA;4;LKE;KLKE
4348;Lokichoggio;Kenya;Lokichoggio;;LKG;KSLC
4349;Long_Akah;Malaysia;Long_Akah;88;LKH;WBGL
4350;Lakeside_USAF;Namibia;Duluth;;LKI;WITG
4351;Kulik_Lake;United_States;Kulik_Lake;219;LKK;PAKL
4352;Banak;Norway;Lakselv;8;LKL;ENNA
4353;Leknes;Norway;Leknes;24;LKN;ENLK
4354;Amausi;India;Lucknow;125;LKO;VILK
4355;Lake_Placid;United_States;Lake_Placid;532;LKP;KLKP
4356;Las_Khoreh;Ethiopia;Las_Khoreh;6;LKR;
4357;Lakeside;United_States;Lakeside;;LKS;KBDL
4358;Lakota;"Cote_D&#039;Ivoire";Lakota;;LKT;
4359;Lake_Rudolf;Kenya;Lake_Rudolf;;LKU;
4360;Lake_County;United_States;Lakeview;1443;LKV;KLKV
4361;Lake_Manyara;Tanzania;Lake_Manyara;1265;LKY;HTLM
4362;Lakenheath_RAF;United_Kingdom;Brandon;10;LKZ;EGUL
4363;Kallax;Sweden;Lulea;20;LLA;ESPA
4364;Malelane;South_Africa;Malelane;351;LLE;FAMN
4365;LingLing;China;LingLing;;LLF;LFHU
4366;Chillagoe;Australia;Chillagoe;338;LLG;YCGO
4367;Las_Limas;Honduras;Las_Limas;23;LLH;
4368;Lalibela;Ethiopia;Lalibela;1958;LLI;HALL
4369;Lissadell;Australia;Lissadell;;LLL;
4370;Long_Lama;Malaysia;Long_Lama;;LLM;
4371;Kelila;Indonesia;Kelila;1280;LLN;KLLN
4372;Linda_Downs;Australia;Linda_Downs;;LLP;
4373;Las_Lomitas;Argentina;Las_Lomitas;130;LLS;SATK
4374;Alluitsup_Paa;Greenland;Alluitsup_Paa;27;LLU;BGAP
4375;Kumuzu_International_Airport;Malawi;Lilongwe;1230;LLW;FWKI
4376;Lyndonville;United_States;Lyndonville;362;LLX;KCDA
4377;Burlington_County;United_States;Mount_Holly;16;LLY;KVAY
4378;Lake_Minchumina;United_States;Lake_Minchumina;207;LMA;
4379;Salima;Malawi;Salima;515;LMB;FWSM
4380;Lamacarena;Colombia;Lamacarena;457;LMC;
4381;Los_Menucos;Argentina;Los_Menucos;814;LMD;
4382;Arnage;France;Le_Mans;59;LME;LFRM
4383;Lamassa;Papua_New_Guinea;Lamassa;3;LMG;
4384;Limon;Honduras;Limon;3;LMH;
4385;Lumi;Papua_New_Guinea;Lumi;533;LMI;
4386;Lae_Island;Marshall_Islands;Lae_Island;;LML;
4387;Federal_(Valle_Del_Fuerte);Mexico;Los_Mochis;5;LMM;MMLM
4388;Limbang;Malaysia;Limbang;4;LMN;WBGJ
4389;RAF_Station;United_Kingdom;Lossiemouth;13;LMO;EGQS
4390;Lampedusa;Italy;Lampedusa;21;LMP;LICD
4391;Marsa_Brega;Libya;Marsa_Brega;15;LMQ;HLMB
4392;Lime_Acres;South_Africa;Lime_Acres;1494;LMR;FALC
4393;Winston_County;United_States;Louisville;175;LMS;KLMS
4394;Kingsley_Field;United_States;Klamath_Falls;1248;LMT;KLMT
4395;Lopez_De_Micay;Colombia;Lopez_De_Micay;;LMX;
4396;Lake_Murray;Papua_New_Guinea;Lake_Murray;61;LMY;
4397;Palma;Mozambique;Palma;60;LMZ;
4398;Palm_Beach_County_Park;United_States;West_Palm_Beach;4;LNA;KLNA
4399;Lamen_Bay;Vanuatu;Lamen_Bay;2;LNB;NVSM
4400;Lengbati;Papua_New_Guinea;Lengbati;1646;LNC;
4401;Hunt_Field;United_States;Lander;1703;LND;KLND
4402;Lonorore;Vanuatu;Lonorore;13;LNE;NVSO
4403;Munbil;Papua_New_Guinea;Munbil;930;LNF;
4404;Lese;Papua_New_Guinea;Lese;2;LNG;
4405;Lake_Nash;Australia;Lake_Nash;213;LNH;YLKN
4406;Dew_Station;United_States;Lonely;5;LNI;PALN
4407;Lincang;China;Lincang;;LNJ;ZPLC
4408;Lincoln;United_States;Lincoln_NE;372;LNK;KLNK
4409;Langimar;Papua_New_Guinea;Langimar;1433;LNM;
4410;Lost_Nation;United_States;Willoughby;191;LNN;KLNN
4411;Leonora;Australia;Leonora;371;LNO;YLEO
4412;Wise;United_States;Wise;818;LNP;KLNP
4413;Loani;Papua_New_Guinea;Loani;61;LNQ;
4414;Tri_County;United_States;Lone_Rock;219;LNR;KLNR
4415;Lancaster;United_States;Lancaster;123;LNS;KLNS
4416;Lihir_Island;Papua_New_Guinea;Lihir_Island;54;LNV;AYKY
4417;Smolensk;Russian_Federation;Smolensk;250;LNX;UUBS
4418;Lanai_City;United_States;Lanai_City;399;LNY;PHNY
4419;Blue_Danube;Austria;Linz;298;LNZ;LOWL
4420;Lorraine;Australia;Lorraine;61;LOA;YLOR
4421;Los_Andes;Chile;Los_Andes;;LOB;SCAN
4422;Lock;Australia;Lock;107;LOC;YLOK
4423;Longana;Vanuatu;Longana;51;LOD;NVSG
4424;Loei;Thailand;Loei;262;LOE;VTUL
4425;Loen;Marshall_Islands;Loen;;LOF;
4426;Longview;United_States;Longview;;LOG;
4427;Camilo_Ponce_Enríquez_Airport;Ecuador;Catamayo_Loja;1236;LOH;SETM
4428;Helmuth_Baungartem;Brazil;Lontras;;LOI;EBLR
4429;Lodwar;Kenya;Lodwar;523;LOK;HKLO
4430;Derby_Field;United_States;Lovelock;1190;LOL;KLOL
4431;Francisco_P._V._Y_R.;Mexico;Lagos_De_Moreno;;LOM;
4432;Lobatse;Botswana;Lobatse;1250;LOQ;
4433;Lowe_Army_Heliport;Poland;Ozark;90;LOR;KLOR
4434;Murtala_Muhammed;Nigeria;Lagos;41;LOS;DNMM
4435;Lewis_Lockport;United_States;Lockport;207;LOT;KLOT
4436;Bowman_Field_Airport;United_States;Louisville;166;LOU;KLOU
4437;Monclova;Mexico;Monclova;568;LOV;MMMV
4438;Louisa;United_States;Louisa;150;LOW;KLKU
4439;Los_Tablones_Airport;Guatemala;Los_Tablones;;LOX;
4440;Loyangalani;Kenya;Loyangalani;364;LOY;HKLY
4441;Corbin-London;United_States;London;369;LOZ;KLOZ
4442;Gran_Canaria;Spain;Las_Palmas;24;LPA;GCLP
4443;El_Alto;Bolivia;La_Paz;4061;LPB;SLLP
4444;Lompoc_Airport;United_States;Lompoc;27;LPC;KLPC
4445;La_Pedrera;Colombia;La_Pedrera;180;LPD;SKLP
4446;La_Primavera;Colombia;La_Primavera;1097;LPE;
4447;La_Plata;Argentina;La_Plata;22;LPG;SADL
4448;Heliport;United_Kingdom;Lochgilphead;;LPH;
4449;Linkoping;Sweden;Linkoping;52;LPI;ESSL
4450;Pijiguaos;Venezuela;Pijiguaos;81;LPJ;SVAS
4451;Lipetsk;Russian_Federation;Lipetsk;178;LPK;UUOL
4452;Liverpool_John_Lennon;United_Kingdom;Liverpool;24;LPL;EGGP
4453;Lamap;Vanuatu;Lamap;2;LPM;NVSL
4454;Leron_Plains;Papua_New_Guinea;Leron_Plains;;LPN;WBKL
4455;Municipal;United_States;Laporte;247;LPO;KPPO
4456;Lappeenranta;Finland;Lappeenranta;106;LPP;EFLP
4457;Luang_Prabang;Laos;Luang_Prabang;291;LPQ;VLLB
4458;Lopez_Island;United_States;Lopez_Island;64;LPS;
4459;Lampang;Thailand;Lampang;247;LPT;VTCL
4460;Long_Apung;Indonesia;Long_Apung;;LPU;WRLP
4461;Little_Port_Walter;United_States;Little_Port_Walter;;LPW;VHHH
4462;Liepaya;Latvia;Liepaya;5;LPX;EVLA
4463;Loudes;France;Le_Puy;832;LPY;LFHP
4464;Pickens;United_States;Pickens;309;LQK;KLQK
4465;Puerto_Leguizamo;Colombia;Puerto_Leguizamo;175;LQM;SKLG
4466;Qala_Nau;Afghanistan;Qala_Nau;905;LQN;OAQN
4467;Larisa;Greece;Larisa;73;LRA;LGLR
4468;Leribe;Lesotho;Leribe;1631;LRB;FXLR
4469;R.A.F.;Germany;Laarbruch;32;LRC;ETUL
4470;International;United_States;Laredo;155;LRD;KLRD
4471;Longreach;Australia;Longreach;191;LRE;YLRE
4472;Little_Rock_Afb;United_States;Jacksonville;95;LRF;KLRF
4473;Lora_Lai;Pakistan;Lora_Lai;;LRG;
4474;Laleu;France;La_Rochelle;23;LRH;LFBH
4475;Lorica;Colombia;Lorica;76;LRI;
4476;Municipal;United_States;Lemars;365;LRJ;KLRJ
4477;Coast_Guard;Bolivia;Lincoln_Rock_AK;;LRK;KLRK
4478;Niamtougou;Togo;Niamtougou;462;LRL;DXNG
4479;Casa_de_Campo_International;Dominican_Republic;La_Romana;73;LRM;MDLR
4480;Larson_AFB;United_States;Moses_Lake;;LRN;KLRN
4481;Sharpe_AAF;United_States;Lathrop;4;LRO;KLRO
4482;Laurie_River;Canada;Laurie_River;366;LRQ;
4483;Lar_A/P;Iran;Lar;805;LRR;OISL
4484;Leros;Greece;Leros;12;LRS;LGLE
4485;Lann_Bihoue;France;Lorient;52;LRT;LFRH
4486;Municipal;United_States;Las_Cruces_NM;1358;LRU;KLRU
4487;Los_Roques;Venezuela;Los_Roques;0;LRV;SVRS
4488;Losuia;Papua_New_Guinea;Losuia;6;LSA;AYKA
4489;Lordsburg;United_States;Lordsburg;1307;LSB;KLSB
4490;La_Florida;Chile;La_Serena;147;LSC;SCSE
4491;Creech_AAF;United_States;Lexington;;LSD;KLSD
4492;Municipal;United_States;La_Crosse;200;LSE;KLSE
4493;Lawson_Aaf;United_States;Columbus;69;LSF;KLSF
4494;Lashio;Myanmar;Lashio;747;LSH;VYLS
4495;Sumburgh;United_Kingdom;Shetland_Islands;6;LSI;EGPB
4496;Long_Island;Papua_New_Guinea;Long_Island;30;LSJ;
4497;Lusk;United_States;Lusk;1513;LSK;KLSK
4498;Los_Chiles;Costa_Rica;Los_Chiles;40;LSL;MRLC
4499;Lawas;Malaysia;Long_Semado;655;LSM;WBGD
4500;Los_Banos;United_States;Los_Banos;37;LSN;KLSN
4501;Talmont;France;Les_Sables;32;LSO;LFOO
4502;Josefa_Camejo;Venezuela;Las_Piedras;23;LSP;SVJC
4503;Los_Angeles;Chile;Los_Angeles;114;LSQ;SCGE
4504;Lost_River;United_States;Lost_River;24;LSR;MMLC
4505;Terre-de-Haut;Guadeloupe;Terre-de-Haut;14;LSS;TFFS
4506;Launceston;Australia;Launceston;171;LST;YMLT
4507;Long_Sukang;Malaysia;Long_Sukang;366;LSU;WBGU
4508;Nellis_AFB;United_States;Las_Vegas_NV;570;LSV;KLSV
4509;Lhoksumawe;Indonesia;Lhoksumawe;27;LSW;WITM
4510;Lhok_Sukon;Indonesia;Lhok_Sukon;9;LSX;WITL
4511;Lismore;Australia;Lismore;11;LSY;YLIS
4512;Losinj_Arpt;Croatia;Mali_Losinj;47;LSZ;LDLO
4513;Letaba;South_Africa;Tzaneen;583;LTA;FATZ
4514;Latrobe;Australia;Latrobe;55;LTB;YLTV
4515;Lai;Chad;Lai;357;LTC;FTTH
4516;Ghadames;Libya;Ghadames;342;LTD;HLTD
4517;Leitre;Papua_New_Guinea;Leitre;5;LTF;
4518;Langtang;Nepal;Langtang;3658;LTG;VNLT
4519;Lathrop_Wells;United_States;Lathrop_Wells;686;LTH;CYDN
4520;Altai;Mongolia;Altai;2213;LTI;ZMAT
4521;Latakia;Syria;Latakia;48;LTK;OSLK
4522;Lastourville;Gabon;Lastourville;483;LTL;FOOR
4523;Lethem;Guyana;Lethem;107;LTM;SYLT
4524;London_Luton;United_Kingdom;Luton;160;LTN;EGGW
4525;Loreto;Mexico;Loreto;10;LTO;MMLT
4526;Lyndhurst;Australia;Lyndhurst;610;LTP;YLHS
4527;Le_Touquet;France;Le_Touquet;11;LTQ;LFAT
4528;Letterkenny;Ireland;Letterkenny;6;LTR;EILT
4529;Altus_AFB;United_States;Altus;421;LTS;KLTS
4530;La_Mole;France;Saint_Tropez;18;LTT;LFTZ
4531;Lotusvale;Australia;Lotusvale;15;LTV;YLOV
4532;St_Marys_County;United_States;Leonardtown;43;LTW;
4533;Cotopaxi_International;Ecuador;Latacunga;856;LTX;EBLG
4534;Lukla;Nepal;Lukla;2774;LUA;VNLK
4535;Lumid_Pau;Guyana;Lumid_Pau;168;LUB;SYLP
4536;Laucala_Is;Fiji;Laucala_Is;3;LUC;NFNH
4537;Luderitz;Namibia;Luderitz;139;LUD;FYLZ
4538;Lucenec;Slovakia;Lucenec;;LUE;LZLU
4539;Luke_Afb;United_States;Phoenix;331;LUF;KLUF
4540;Lugano;Switzerland;Lugano/Agno;279;LUG;LSZA
4541;Amritsar;India;Ludhiana;254;LUH;VILD
4542;La_Union;Honduras;La_Union;785;LUI;
4543;Lusikisiki;South_Africa;Lusikisiki;556;LUJ;FALK
4544;Cincinnati_Municipal-Lunken_Field;United_States;Cincinnati_OH;147;LUK;KLUK
4545;Hesler-Noble_Field;United_States;Laurel_MS;73;LUL;KLUL
4546;Mangshi;China;Luxi;881;LUM;ZPMS
4547;Lusaka;Zambia;Lusaka;1152;LUN;FLLS
4548;Luena;Angola;Luena;1329;LUO;FNUE
4549;Kalaupapa;United_States;Kalaupapa;7;LUP;PHLU
4550;San_Luis;Argentina;San_Luis;710;LUQ;SAOU
4551;Cape_Lisburne;United_States;Cape_Lisburne;4;LUR;PALU
4552;Lusanga;Democratic_Republic_Of_Congo;Lusanga;416;LUS;FZCE
4553;Laura_Station;Australia;Laura_Station;128;LUT;YLRS
4554;Laura;Australia;Laura;91;LUU;YLRA
4555;Langgur;Indonesia;Langgur;3;LUV;WAPL
4556;Luwuk;Indonesia;Luwuk;17;LUW;WAMW
4557;Findel;Luxembourg;Luxembourg;376;LUX;ELLX
4558;Lushoto;Tanzania;Lushoto;;LUY;
4559;Lushan;China;Lushan;;LUZ;ZSLS
4560;Entrammes;France;Laval;100;LVA;LFOV
4561;Dos_Galpoes;Brazil;Livramento;335;LVB;SSLI
4562;Lime_Village;United_States;Lime_Village;166;LVD;KLVD
4563;Livingstone;Zambia;Livingstone;1006;LVI;FLLI
4564;Livermore;United_States;Livermore;122;LVK;KLVK
4565;Lawrenceville;United_States;Lawrenceville;100;LVL;KLVL
4566;Mission_Field;United_States;Livingston;1420;LVM;KLVM
4567;Laverton;Australia;Laverton;466;LVO;YLTN
4568;Lavan;Iran;Lavan;23;LVP;OIBV
4569;Las_Vegas;United_States;Las_Vegas;2096;LVS;KLVS
4570;Lwbak;Philippines;Lwbak;203;LWA;KLWA
4571;Greenbrier_Valley;United_States;Lewisburg;702;LWB;KLWB
4572;Lawrence;United_States;Lawrence;254;LWC;KLWC
4573;Lewoleba;Indonesia;Lewoleba;;LWE;WATW
4574;Lawn_Hill;Australia;Lawn_Hill;122;LWH;YLAH
4575;Lowai;Papua_New_Guinea;Lowai;808;LWI;
4576;Lerwick/Tingwall;United_Kingdom;Shetland_Islands;13;LWK;EGET
4577;Harriet_Field;United_States;Wells;1759;LWL;KLWL
4578;Lawrence;United_States;Lawrence;45;LWM;KLWM
4579;Gyoumri;Armenia;Gyoumri;1524;LWN;UDSG
4580;Sknilow;Ukraine;Lviv;326;LWO;UKLL
4581;Leeuwarden;Netherlands;Leeuwarden;1;LWR;EHLW
4582;Nez_Perce_County_Rgnl;United_States;Lewiston;440;LWS;KLWS
4583;Municipal;United_States;Lewistown;1271;LWT;KLWT
4584;Municipal;United_States;Lawrenceville;131;LWV;KLWV
4585;Lawas;Malaysia;Lawas;2;LWY;WBGW
4586;Gonggar/Lhasa;China;Gonggar;4004;LXA;ZULS
4587;Luang_Namtha;Laos;Luang_Namtha;600;LXG;VLLN
4588;Linxi;China;Linxi;;LXI;ZPMS
4589;Lexington;United_States;Lexington;735;LXN;KLXN
4590;Luxor;Egypt;Luxor;90;LXR;HELX
4591;Limnos;Greece;Limnos;4;LXS;LGLM
4592;Lukulu;Zambia;Lukulu;1061;LXU;FLLK
4593;Leadville;United_States;Leadville;3026;LXV;KLXV
4594;Luoyang;China;Luoyang;;LYA;ZHLY
4595;Little_Cayman;Cayman_Islands;Little_Cayman;1;LYB;MWCL
4596;Lycksele;Sweden;Lycksele;215;LYC;ESNL
4597;RAF_Station;United_Kingdom;Lyneham;156;LYE;EGDL
4598;Lianyungang;China;Lianyungang;;LYG;ZSLG
4599;Preston-Glenn_Field;United_States;Lynchburg;286;LYH;KLYH
4600;Linyi;China;Linyi;;LYI;ZSLY
4601;Lunyuk;Indonesia;Lunyuk;46;LYK;
4602;Bron;France;Lyon;201;LYN;LFLY
4603;Rice_County_Municipal;United_States;Lyons;515;LYO;KLYO
4604;Faisalabad;Pakistan;Faisalabad;180;LYP;OPFA
4605;Svalbard;Norway;Longyearbyen;27;LYR;ENSB
4606;St-Exupéry;France;Lyon;250;LYS;LFLL
4607;Lady_Elliot_Island;Australia;Lady_Elliot_Island;;LYT;
4608;Ely;United_States;Ely;444;LYU;KELO
4609;Luiza;Democratic_Republic_Of_Congo;Luiza;881;LZA;FZUG
4610;Lazaro_Cardenas;Mexico;Lazaro_Cardenas;12;LZC;MMLC
4611;Lanzhoudong;China;Lanzhou;;LZD;ZLLD
4612;Liuzhou;China;Liuzhou;90;LZH;ZGZH
4613;Luozi;Democratic_Republic_Of_Congo;Luozi;220;LZI;FZAL
4614;Luzamba;United_States;Luzamba;;LZM;UGTB
4615;Nangan;Guinea-Bissau;Nangan;71;LZN;RCFG
4616;Luzhou;China;Luzhou;;LZO;ZULZ
4617;Lizard_Island;Australia;Lizard_Island;21;LZR;YLZI
4618;Madras_International_(meenambakkam);India;Chennai/Madras;16;MAA;VOMM
4619;Maraba;Brazil;Maraba;109;MAB;SBMA
4620;Smart;United_States;Macon;133;MAC;KMAC
4621;Barajas;Spain;Madrid;610;MAD;LEMD
4622;Madera;United_States;Madera;78;MAE;KMAE
4623;Midland_International;United_States;Midland;875;MAF;KMAF
4624;Madang;Papua_New_Guinea;Madang;6;MAG;AYMD
4625;Mahon;Spain;Menorca;91;MAH;LEMH
4626;Mangochi;Malawi;Mangochi;482;MAI;FWMG
4627;Amata_Kabua_Intl;Marshall_Islands;Majuro;2;MAJ;PKMJ
4628;Malakal;Sudan;Malakal;393;MAK;HSSM
4629;Mangole;Indonesia;Mangole;3;MAL;WAPE
4630;Matamoros;Mexico;Matamoros;8;MAM;MMMA
4631;Manchester;United_Kingdom;Manchester;78;MAN;EGCC
4632;Eduardo_Gomes_Intl;Brazil;Manaus;80;MAO;SBEG
4633;Mamai;Papua_New_Guinea;Mamai;30;MAP;
4634;Mae_Sot;Thailand;Mae_Sot;210;MAQ;VTPM
4635;La_Chinita;Venezuela;Maracaibo;72;MAR;SVMC
4636;Momote;Papua_New_Guinea;Manus_Island;4;MAS;AYMO
4637;Matadi;Democratic_Republic_Of_Congo;Matadi;340;MAT;FZAM
4638;Maupiti;French_Polynesia;Maupiti;5;MAU;NTTP
4639;Maloelap_Island;Marshall_Islands;Maloelap_Island;1;MAV;
4640;Malden;United_States;Malden;90;MAW;KMAW
4641;Matam;Senegal;Matam;26;MAX;GOSM
4642;Mangrove_Cay;Bahamas;Mangrove_Cay;6;MAY;MYAB
4643;Eugenio_M_De_Hostos;Puerto_Rico;Mayaguez;9;MAZ;TJMZ
4644;Moi_International;Kenya;Mombasa;61;MBA;HKMO
4645;Marble_Bar;Australia;Marble_Bar;195;MBB;YMBL
4646;Mbigou;Gabon;Mbigou;715;MBC;FOGG
4647;Mafikeng_International_Airport;South_Africa;Mmabatho;1274;MBD;FAMM
4648;Monbetsu;Japan;Monbetsu;24;MBE;RJEB
4649;Mount_Buffalo;Australia;Mount_Buffalo;;MBF;
4650;Mobridge;Pakistan;Mobridge;523;MBG;KMBG
4651;Maryborough;Australia;Maryborough;12;MBH;YMYB
4652;Mbeya;Tanzania;Mbeya;1707;MBI;HTMB
4653;Sangster_International;Jamaica;Montego_Bay;1;MBJ;MKJS
4654;Matupa;Brazil;Matupa;;MBK;
4655;Blacker;United_States;Manistee;189;MBL;KMBL
4656;Mkambati;South_Africa;Mkambati;82;MBM;
4657;Mt_Barnett;Australia;Mt_Barnett;;MBN;
4658;Mamburao;Philippines;Mamburao;4;MBO;RPUM
4659;Moyobamba;Peru;Moyobamba;838;MBP;SPBB
4660;Mbarara;Uganda;Mbarara;1402;MBQ;HUMA
4661;Mbout;Mauritania;Mbout;40;MBR;GQNU
4662;MBS_International_Airport;United_States;Saginaw_MI;204;MBS;KMBS
4663;Masbate;Philippines;Masbate;8;MBT;RPVJ
4664;Mbambanakira;Solomon_Islands;Mbambanakira;21;MBU;AGGD
4665;Masa;Papua_New_Guinea;Masa;1646;MBV;
4666;Moorabbin;Australia;Mentone;15;MBW;YMMB
4667;Maribor_International_Airport;Slovenia;Maribor;267;MBX;LJMB
4668;Moberly;United_States;Moberly;264;MBY;KMBY
4669;Maues;Brazil;Maues;21;MBZ;SWMW
4670;Macenta;Guinea;Macenta;515;MCA;GUMA
4671;Pike_County;United_States;Mccomb;126;MCB;KMCB
4672;Mcclellan_AFB;United_States;Sacramento;23;MCC;KMCC
4673;Mackinac_Island;United_States;Mackinac_Island;225;MCD;KMCD
4674;Merced_Municipal_Arpt;United_States;Merced;47;MCE;KMCE
4675;Mac_Dill_AFB;United_States;Tampa;4;MCF;KMCF
4676;Mcgrath;United_States;Mcgrath;104;MCG;PAMC
4677;Machala;Ecuador;Machala;3;MCH;SEMH
4678;Kansas_City_International_Airport;United_States;Kansas_City;313;MCI;KMCI
4679;Maicao;Colombia;Maicao;84;MCJ;SKLM
4680;Mccook;United_States;Mccook;787;MCK;KMCK
4681;Mt_Mckinley;United_States;Mt_Mckinley;524;MCL;PAIN
4682;Fontvieille_Heliport;Monaco;Monte_Carlo;;MCM;LNMC
4683;Lewis_B_Wilson;United_States;Macon;108;MCN;KMCN
4684;Orlando_International;United_States;Orlando_FL;29;MCO;KMCO
4685;Internacional;Brazil;Macapa;17;MCP;SBMQ
4686;Miskolc;Hungary;Miskolc;36;MCQ;LHMC
4687;Melchor_De_Menco;Guatemala;Melchor_De_Menco;183;MCR;MGMM
4688;Monte_Caseros;Argentina;Monte_Caseros;53;MCS;SARM
4689;Seeb;Oman;Muscat;15;MCT;OOMS
4690;Gueret_(Lepaud);France;Montlucon;235;MCU;LFLT
4691;Mcarthur_River;Australia;Mcarthur_River;40;MCV;YMHU
4692;Mason_City_Municipal;United_States;Mason_City_IA;370;MCW;KMCW
4693;Uitash;Russian_Federation;Makhachkala;4;MCX;URML
4694;Maroochydore;Australia;Sunshine_Coast;5;MCY;YBMC
4695;Palmares;Brazil;Maceio;118;MCZ;SBMO
4696;Martindale_Army_Heliport;United_States;San_Antonio_TX;205;MDA;KMDA
4697;Melinda;Belize;Melinda;18;MDB;
4698;Samratulangi;Indonesia;Manado;80;MDC;WAMM
4699;Airpark;United_States;Midland;854;MDD;KMDD
4700;Jose_Maria_Cordova;Colombia;Medellin;2141;MDE;SKRG
4701;Medford;United_States;Medford;450;MDF;KMDZ
4702;Mudanjiang;China;Mudanjiang;269;MDG;ZYMD
4703;Southern_Illinois;United_States;Carbondale;125;MDH;KMDH
4704;Makurdi;Nigeria;Makurdi;113;MDI;DNMK
4705;City-county;United_States;Madras;743;MDJ;KMDJ
4706;Mbandaka;Democratic_Republic_Of_Congo;Mbandaka;317;MDK;FZEA
4707;Mandalay_International;Myanmar;Mandalay;91;MDL;VYMD
4708;Munduku;Papua_New_Guinea;Munduku;52;MDM;
4709;Jefferson_Proving_Grd;United_States;Madison;250;MDN;KIMS
4710;Intermediate;United_States;Middleton_Island;30;MDO;PAMD
4711;Mindiptana;Indonesia;Mindiptana;10;MDP;WAKD
4712;Mar_Del_Plata;Argentina;Mar_Del_Plata;22;MDQ;SAZM
4713;Medfra;United_States;Medfra;133;MDR;KMDR
4714;Middle_Caicos;Turks_and_Caicos_Islands;Middle_Caicos;3;MDS;MBMC
4715;Harrisburg_International;United_States;Harrisburg_PA;94;MDT;KMDT
4716;Mendi;Papua_New_Guinea;Mendi;1731;MDU;AYMN
4717;Medouneu;Equatorial_Guinea;Medouneu;630;MDV;
4718;Midway;United_States;Chicago;189;MDW;KMDW
4719;Mercedes;Argentina;Mercedes;105;MDX;SATM
4720;Sand_Island_Field;US_Minor_Outlying_Islands;Midway_Island;5;MDY;PMDY
4721;El_Plumerillo;Argentina;Mendoza;704;MDZ;SAME
4722;Macae;Brazil;Macae;2;MEA;SBME
4723;Essendon;Australia;Melbourne;86;MEB;YMEN
4724;Manta;Ecuador;Manta;15;MEC;SEMT
4725;Mohammad_Bin_Abdulaziz;Saudi_Arabia;Madinah;656;MED;OEMA
4726;Mare;New_Caledonia;Mare;43;MEE;NWWR
4727;Melfi;Chad;Melfi;394;MEF;
4728;Malange;Angola;Malange;1179;MEG;FNMA
4729;Mehamn;Norway;Mehamn;12;MEH;ENMH
4730;Key_Field;United_States;Meridian;91;MEI;KMEI
4731;Meadville;United_States;Meadville;426;MEJ;KGKJ
4732;Meknes;Morocco;Meknes;576;MEK;GMFM
4733;Tullamarine_International;Australia;Melbourne;132;MEL;YMML
4734;Memphis_International;United_States;Memphis;104;MEM;KMEM
4735;Brenoux;France;Mende;1025;MEN;LFNB
4736;Dare_County_Regional;United_States;Manteo;4;MEO;KMQI
4737;Mersing;Malaysia;Mersing;3;MEP;WMAU
4738;Seunagan;Indonesia;Meulaboh;3;MEQ;WITC
4739;Castle_AFB;United_States;Atwater_CA;58;MER;KMER
4740;Polonia;Indonesia;Medan;35;MES;WIMM
4741;Moreton;Australia;Moreton;61;MET;YMOT
4742;Monte_Dourado;Brazil;Monte_Dourado;206;MEU;SBMD
4743;Douglas_County;United_States;Minden;1439;MEV;KMEV
4744;Mweka;Democratic_Republic_Of_Congo;Mweka;600;MEW;FZVM
4745;Benito_Juarez_International;Mexico;Mexico_City;2230;MEX;MMMX
4746;Meghauli;Nepal;Meghauli;183;MEY;VNMG
4747;Messina;South_Africa;Messina;573;MEZ;KMEZ
4748;Mafia;Tanzania;Mafia;18;MFA;HTMA
4749;Monfort;Colombia;Monfort;192;MFB;
4750;Mafeteng;Lesotho;Mafeteng;1631;MFC;FXMF
4751;Lahm_Municipal;United_States;Mansfield;395;MFD;KMFD
4752;Mc_Allen_Miller_International;United_States;Mc_Allen_TX;33;MFE;KMFE
4753;Moanda;Gabon;Moanda;572;MFF;FOOD
4754;Muzaffarabad;Pakistan;Muzaffarabad;820;MFG;OPMF
4755;Mesquite;United_States;Mesquite;603;MFH;KMFH
4756;Municipal;United_States;Marshfield;389;MFI;KMFI
4757;Moala;Fiji;Moala;4;MFJ;NFMO
4758;Matsu;Taiwan;Matsu;;MFK;
4759;Mount_Full_Stop;Australia;Mount_Full_Stop;;MFL;
4760;Macau_International;Macau;Macau;6;MFM;VMMC
4761;Milford_Sound;New_Zealand;Milford_Sound;3;MFN;NZMF
4762;Manguna;Egypt;Manguna;37;MFO;HESH
4763;Manners_Creek;Australia;Manners_Creek;186;MFP;YMCR
4764;Maradi;Niger;Maradi;378;MFQ;DRRM
4765;Rogue_Valley_International_-_Medford_Airport;United_States;Medford;407;MFR;KMFR
4766;Miraflores;Colombia;Miraflores;223;MFS;SKMF
4767;Machu_Picchu;Peru;Machu_Picchu;;MFT;FQMA
4768;Mfuwe;Zambia;Mfuwe;565;MFU;FLMF
4769;Accomack_County;United_States;Melfa;14;MFV;KMFV
4770;Magaruque;Mozambique;Magaruque;;MFW;
4771;Meribel;France;Meribel;1718;MFX;LFKX
4772;Mesalia;Papua_New_Guinea;Mesalia;;MFZ;CWRN
4773;Augusto_C_Sandino;Nicaragua;Managua;59;MGA;MNMG
4774;Mount_Gambier;Australia;Mount_Gambier;65;MGB;YMTG
4775;Michigan_City_Arpt;United_States;Michigan_City;200;MGC;KMGC
4776;Magdalena;Bolivia;Magdalena;141;MGD;SLMG
4777;Dobbins_Afb;United_States;Marietta;326;MGE;KMGE
4778;Regional_De_Maringa_SBMG;Brazil;Maringa;545;MGF;SBMG
4779;Margarima;Papua_New_Guinea;Margarima;2134;MGG;
4780;Margate;South_Africa;Margate;151;MGH;FAMG
4781;Matagorda_AFB;Philippines;Matagorda_Island;3;MGI;
4782;Orange_County;United_States;Montgomery;111;MGJ;KMGJ
4783;Mong_Ton;Myanmar;Mong_Ton;561;MGK;VYMT
4784;Moenchen-gl._-_Dus_Exp;Germany;Moenchengladbach;38;MGL;EDLN
4785;Dannelly_Fld;United_States;Montgomery;67;MGM;KMGM
4786;Baracoa;Colombia;Magangue;54;MGN;SKMG
4787;Manega;Gabon;Manega;120;MGO;
4788;Manga;Papua_New_Guinea;Manga;6;MGP;
4789;Mogadishu_International_Airport;Somalia;Mogadishu;9;MGQ;HCMM
4790;Thomasville;United_States;Moultrie;90;MGR;KMGR
4791;Mangaia_Island;Cook_Islands;Mangaia_Island;14;MGS;NCMG
4792;Milingimbi;Australia;Milingimbi;16;MGT;YMGB
4793;Manaung;Myanmar;Manaung;31;MGU;VYMN
4794;Margaret_River;Australia;Margaret_River_Station;114;MGV;YMGT
4795;Morgantown;United_States;Morgantown;380;MGW;KMGW
4796;Moabi;Gabon;Moabi;240;MGX;FOGI
4797;Dayton-Wright_Brothers_Airport;United_States;Dayton;291;MGY;KMGY
4798;Myeik;Myanmar;Myeik;23;MGZ;VYME
4799;Mahdia;Guyana;Mahdia;91;MHA;SYMD
4800;Mechanics_Bay;New_Zealand;Auckland;0;MHB;VOGA
4801;Macmahon_Camp_4;Peru;Macmahon_Camp_4;;MHC;MYEF
4802;Mashad;Iran;Mashad;995;MHD;OIMM
4803;Municipal;United_States;Mitchell;397;MHE;KMHE
4804;Morichal;Colombia;Morichal;;MHF;
4805;Mannheim_Arpt;Germany;Mannheim;94;MHG;EDFM
4806;International;Bahamas;Marsh_Harbour;2;MHH;MYAM
4807;Musha;Djibouti;Musha;12;MHI;HDMO
4808;Misrak_Gashamo;Ethiopia;Misrak_Gashamo;;MHJ;
4809;Municipal;United_States;Manhattan;325;MHK;KMHK
4810;Memorial_Municipal;United_States;Marshall;237;MHL;KMHL
4811;Intermediate;United_States;Minchumina;207;MHM;PAMH
4812;Mullen;United_States;Mullen;994;MHN;KMHN
4813;Mount_House;Australia;Mount_House;290;MHO;YMHO
4814;Minsk_International_1;Belarus;Minsk;228;MHP;UMMM
4815;Mariehamn;Finland;Mariehamn;5;MHQ;EFMA
4816;Sacramento_Mather_Airport;United_States;Sacramento_CA;30;MHR;KMHR
4817;Rep;United_States;Mount_Shasta;;MHS;MYEF
4818;Manchester;United_States;Manchester_NH;81;MHT;KMHT
4819;Mount_Hotham;Australia;Mount_Hotham;1298;MHU;YHOT
4820;Kern_County;United_States;Mojave;854;MHV;KMHV
4821;Monteagudo;Bolivia;Monteagudo;;MHW;PHOG
4822;Manihiki_Island;Cook_Islands;Manihiki_Island;;MHX;NCMH
4823;Morehead;Papua_New_Guinea;Morehead;30;MHY;
4824;Mildenhall_Arpt;United_Kingdom;Mildenhall;10;MHZ;EGUN
4825;Miami_International_Airport;United_States;Miami;2;MIA;KMIA
4826;Minot_AFB;United_States;Minot;508;MIB;KMIB
4827;Crystal;United_States;Minneapolis;265;MIC;KMIC
4828;Rejon;Mexico;Merida;12;MID;MMMD
4829;Delaware_County;United_States;Muncie;286;MIE;KMIE
4830;Roy_Hurd_Memorial;United_States;Monahans;797;MIF;
4831;Mian_Yang;China;Mian_Yang;;MIG;ZUMY
4832;Mitchell_Plateau;Australia;Mitchell_Plateau;324;MIH;YMIP
4833;Dr_Gastao_Vidigal;Brazil;Marilia;647;MII;SBML
4834;Mili_Island;Marshall_Islands;Mili_Island;1;MIJ;MLIP
4835;Mikkeli;Finland;Mikkeli;100;MIK;EFMI
4836;Merimbula;Australia;Merimbula;2;MIM;YMER
4837;Minnipa;Australia;Minnipa;155;MIN;YMPA
4838;Miami;United_States;Miami;246;MIO;KMIO
4839;Mitspeh_Ramon;Israel;Mitspeh_Ramon;648;MIP;LLRM
4840;Simón_Bolívar_International;Venezuela;Maiquetía;320;MIQ;KMLE
4841;Monastir;Tunisia;Monastir;3;MIR;DTMB
4842;Misima_Island;Papua_New_Guinea;Misima_Island;6;MIS;AYMS
4843;Kern_County;United_States;Shafter;129;MIT;KMIT
4844;Maiduguri;Nigeria;Maiduguri;335;MIU;DNMA
4845;Millville;United_States;Millville;26;MIV;KMIV
4846;Municipal;United_States;Marshalltown;297;MIW;KMIW
4847;Miriti;Colombia;Miriti;;MIX;
4848;Mittiebah;Australia;Mittiebah;244;MIY;YMTA
4849;Mainoru;Australia;Mainoru;96;MIZ;
4850;Manja;Madagascar;Manja;240;MJA;FMSJ
4851;Mejit_Island;Marshall_Islands;Mejit_Island;2;MJB;
4852;Man;"Cote_D&#039;Ivoire";Man;332;MJC;DIMN
4853;Mohenjodaro;Pakistan;Mohenjodaro;47;MJD;OPMJ
4854;Majkin;Marshall_Islands;Majkin;;MJE;
4855;Kjaerstad;Norway;Mosjoen;72;MJF;ENMS
4856;Mayajigua;Cuba;Mayajigua;53;MJG;MUMJ
4857;Majma;Saudi_Arabia;Majma;725;MJH;
4858;Mitiga;Libya;Mitiga;11;MJI;HLLM
4859;Moki;Papua_New_Guinea;Moki;914;MJJ;
4860;Shark_Bay;Australia;Monkey_Mia;34;MJK;YSHK
4861;Mouila;Gabon;Mouila;90;MJL;FOGM
4862;Mbuji_Mayi;Democratic_Republic_Of_Congo;Mbuji_Mayi;677;MJM;FZWA
4863;Amborovy;Madagascar;Majunga;27;MJN;FMNM
4864;Mount_Etjo_Lodge;Namibia;Mount_Etjo_Lodge;;MJO;KLAS
4865;Manjimup;Australia;Manjimup;287;MJP;YMJM
4866;Jackson;United_States;Jackson;441;MJQ;KMJQ
4867;Miramar;Argentina;Miramar;13;MJR;
4868;Maganja_Da_Costa;Mozambique;Maganja_Da_Costa;;MJS;
4869;Mytilene_International_Airport;Greece;Mytilene;18;MJT;LGMT
4870;Mamuju;Indonesia;Mamuju;5;MJU;WAAJ
4871;San_Javier;Spain;Murcia;3;MJV;LELC
4872;Mahenye;Mozambique;Mahenye;;MJW;KLAS
4873;Robert_J._Miller;United_States;Toms_River;25;MJX;KMJX
4874;Mangunjaya;Indonesia;Mangunjaya;25;MJY;
4875;Mirnyj;Russian_Federation;Mirnyj;352;MJZ;UERR
4876;Marianske_Lazne;Czech_Republic;Marianske_Lazne;540;MKA;LKMR
4877;Mekambo;Gabon;Mekambo;514;MKB;FOOE
4878;Downtown;United_States;Kansas_City;231;MKC;KMKC
4879;Chagni;Ethiopia;Chagni;;MKD;HAMM
4880;General_Mitchell_International;United_States;Milwaukee;220;MKE;KMKE
4881;Mckenna_AAF;United_States;Columbus;;MKF;
4882;Muskegon;United_States;Muskegon;192;MKG;KMKG
4883;Mokhotlong;Lesotho;Mokhotlong;2195;MKH;FXMK
4884;Makoua;Congo;Makoua;394;MKJ;FCOM
4885;Molokai;United_States;Hoolehua;138;MKK;PHMK
4886;Mc_Kellar-Sipes_Regional;United_States;Jackson;132;MKL;KMKL
4887;Mukah;Malaysia;Mukah;0;MKM;WBGK
4888;Malekolon;Papua_New_Guinea;Malekolon;2;MKN;
4889;Davis_Field;United_States;Muskogee;186;MKO;KMKO
4890;Makemo;French_Polynesia;Makemo;1;MKP;NTGM
4891;Mopah;Indonesia;Merauke;3;MKQ;WAKK
4892;Meekatharra;Australia;Meekatharra;522;MKR;YMEK
4893;Mekane_Selam;Ethiopia;Mekane_Selam;2530;MKS;HAMA
4894;Municipal;United_States;Mankato;311;MKT;KMKT
4895;Makokou;Gabon;Makokou;526;MKU;FOOK
4896;Mt_Cavenagh;Australia;Mt_Cavenagh;30;MKV;YMVG
4897;Rendani;Indonesia;Manokwari;7;MKW;WASR
4898;Mukalla;Yemen;Mukalla;;MKX;OYMO
4899;Mackay;Australia;Mackay;6;MKY;YBMK
4900;Batu_Berendam;Malaysia;Malacca;11;MKZ;WMKM
4901;Malta_International;Malta;Gudja;91;MLA;LMML
4902;Melbourne_International_Airport;United_States;Melbourne;10;MLB;KMLB
4903;Mc_Alester;United_States;Mc_Alester;235;MLC;KMLC
4904;Malad_City;United_States;Malad_City;1373;MLD;KMLD
4905;Male_International;Maldives;Male;2;MLE;VRMM
4906;Milford;United_States;Milford;1536;MLF;KMLF
4907;Abdul_Rahman_Saleh;Indonesia;Malang;526;MLG;WARA
4908;EuroAirport;France;Basel_Mulhouse_Freiburg;270;MLH;LFSB
4909;Quad-City;United_States;Moline;180;MLI;KMLI
4910;Baldwin_County;United_States;Milledgeville;117;MLJ;KMLJ
4911;Malta;United_States;Malta;687;MLK;KMLK
4912;Marshall;United_States;Marshall;27;MLL;EGSB
4913;Francisco_J._Múgica_Internacional;Mexico;Morelia;1839;MLM;MMMM
4914;Melilla;Spain;Melilla;48;MLN;GEML
4915;Milos;Greece;Milos;4;MLO;LGML
4916;Malabang;Philippines;Malabang;8;MLP;RPMM
4917;Malalaua;Papua_New_Guinea;Malalaua;5;MLQ;
4918;Millicent;Australia;Millicent;17;MLR;YMCT
4919;Municipal;United_States;Miles_City;802;MLS;KMLS
4920;Millinocket;United_States;Millinocket;124;MLT;KMLT
4921;Municipal;United_States;Monroe;24;MLU;KMLU
4922;Merluna;Australia;Merluna;101;MLV;YMEU
4923;Sprigg_Payne;Liberia;Monrovia;8;MLW;GLMR
4924;Malatya;Turkey;Malatya;862;MLX;LTAT
4925;Manley_Hot_Springs;United_States;Manley_Hot_Springs;82;MLY;PAML
4926;Melo;Uruguay;Melo;111;MLZ;SUMO
4927;Memanbetsu;Japan;Memanbetsu;41;MMB;RJCM
4928;Ciudad_Mante;Mexico;Ciudad_Mante;104;MMC;MMDM
4929;Maridor;Japan;Minami_Daito;51;MMD;ROMD
4930;Durham_Tees_Valley;United_Kingdom;Teesside_Durham;37;MME;EGNV
4931;Mamfe;Cameroon;Mamfe;126;MMF;FKKF
4932;Mount_Magnet;Australia;Mount_Magnet;413;MMG;YMOG
4933;Mammoth_Lakes;United_States;Mammoth_Lakes;2175;MMH;KMMH
4934;McMinn_County;Greece;Athens;266;MMI;KMMI
4935;Matsumoto;Japan;Matsumoto;665;MMJ;RJAF
4936;Murmansk_Airport_Murmashi;Russian_Federation;Murmansk;81;MMK;ULMM
4937;Municipal-Ryan_Field;United_States;Marshall;361;MML;KMML
4938;Middlemount;Australia;Middlemount;167;MMM;YMMU
4939;Minute_Man_Airfield;United_States;Stow;82;MMN;SNFM
4940;Vila_Do_Maio;Cape_Verde;Maio;11;MMO;GVMA
4941;Mompos;Colombia;Mompos;20;MMP;SKIO
4942;Mbala;Zambia;Mbala;1661;MMQ;FLBA
4943;Camp_Maybry_AHP;United_States;Austin;204;MMR;KATT
4944;Selfs;United_States;Marks;49;MMS;KMMS
4945;Mc_Entire_ANG_Base;United_States;Columbia;77;MMT;KMMT
4946;Municipal;United_States;Morristown;57;MMU;KMMU
4947;Mal;Venezuela;Mal;50;MMV;KMMV
4948;Moma;Mozambique;Moma;5;MMW;
4949;Sturup;Sweden;Malmo;72;MMX;ESMS
4950;Hirara;Japan;Miyako_Jima;46;MMY;ROMY
4951;Maimana;Afghanistan;Maimana;839;MMZ;OAMN
4952;Melangguane;Indonesia;Melangguane;1;MNA;WAMN
4953;Moanda;Democratic_Republic_Of_Congo;Moanda;27;MNB;FZAG
4954;Nacala;Mozambique;Nacala;125;MNC;FQNC
4955;Medina;Colombia;Medina;457;MND;
4956;Mungeranie;Australia;Mungeranie;;MNE;YMUG
4957;Mana_Island_Airstrip;Fiji;Mana_Island;;MNF;NFMA
4958;Maningrida;Australia;Maningrida;37;MNG;YMGD
4959;Minneriya;Sri_Lanka;Minneriya;52;MNH;
4960;"Gerald&#039;s_Airport";Montserrat;"Gerald&#039;s_Park";168;MNI;TRPG
4961;Mananjary;Madagascar;Mananjary;6;MNJ;FMSM
4962;Maiana;Kiribati;Maiana;2;MNK;NGMA
4963;Ninoy_Aquino_Intl;Philippines;Manila;23;MNL;RPLL
4964;Menominee;United_States;Menominee;191;MNM;KMNM
4965;Municipal;United_States;Marion;303;MNN;KMNN
4966;Manono;Democratic_Republic_Of_Congo;Manono;633;MNO;FZRA
4967;Maron;Sierra_Leone;Maron;;MNP;
4968;Monto;Australia;Monto;231;MNQ;YMTO
4969;Mongu;Zambia;Mongu;1063;MNR;FLMG
4970;Mansa;Zambia;Mansa;1250;MNS;FLMA
4971;Minto;United_States;Minto;151;MNT;
4972;Maulmyine;Myanmar;Maulmyine;16;MNU;VYMM
4973;Mountain_Valley;Australia;Mountain_Valley;142;MNV;
4974;Macdonald_Downs;Australia;Macdonald_Downs;152;MNW;YMDS
4975;Manicore;Brazil;Manicore;53;MNX;SBMY
4976;Mono;Solomon_Islands;Mono;11;MNY;AGGO
4977;Manassas;United_States;Manassas;59;MNZ;KHEF
4978;Orestes_Acosta;Cuba;Moa;5;MOA;MUMO
4979;Mobile_Regional_Airport;United_States;Alabama_AL;67;MOB;KMOB
4980;Montes_Claros;Brazil;Montes_Claros;668;MOC;SBMK
4981;Municipal;United_States;Modesto_CA;30;MOD;KMOD
4982;Momeik;Myanmar;Momeik;183;MOE;VYMO
4983;Waioti;Indonesia;Maumere;35;MOF;WATC
4984;Mong_Hsat;Myanmar;Mong_Hsat;572;MOG;VYMS
4985;Mohanbari;India;Mohanbari;;MOH;VEMN
4986;Mitiaro_Island;Cook_Islands;Mitiaro_Island;8;MOI;NCMR
4987;Moengo;Suriname;Moengo;;MOJ;SMMO
4988;Mankono;"Cote_D&#039;Ivoire";Mankono;;MOK;
4989;Aro;Norway;Molde;3;MOL;ENML
4990;Moudjeria;Mauritania;Moudjeria;78;MOM;GQNL
4991;Mount_Cook_Airport;New_Zealand;Mount_Cook;656;MON;NZMC
4992;Moomba;Australia;Moomba;44;MOO;YOOM
4993;Municipal;United_States;Mount_Pleasant;230;MOP;KMOP
4994;Morondava;Madagascar;Morondava;9;MOQ;FMMV
4995;Moore-Murrell;United_States;Morristown;400;MOR;KMOR
4996;Intermediate;United_States;Moses_Point;4;MOS;KMOS
4997;International;United_States;Minot;523;MOT;KMOT
4998;Mountain_Village;United_States;Mountain_Village;103;MOU;PAMO
4999;Moranbah;Australia;Moranbah;235;MOV;YMRB
5000;Municipal;Mexico;Morris;347;MOX;KMOX
5001;Monterrey;Colombia;Monterrey;457;MOY;
5002;Temae;French_Polynesia;Moorea;3;MOZ;NTTM
5003;Mpacha;Namibia;Mpacha;985;MPA;FYKM
5004;SPB;United_States;Miami;0;MPB;
5005;Muko-Muko;Indonesia;Muko-Muko;5;MPC;WIPU
5006;Mirpur_Khas;Pakistan;Mirpur_Khas;15;MPD;OPMP
5007;Griswold;United_States;Madison;5;MPE;KMPE
5008;Mapoda;Papua_New_Guinea;Mapoda;9;MPF;
5009;Makini;Papua_New_Guinea;Makini;823;MPG;
5010;Malay;Philippines;Caticlan;2;MPH;RPVE
5011;Mamitupo;Panama;Mamitupo;3;MPI;KMPI
5012;Petit_Jean_Park;United_States;Morrilton;281;MPJ;KMPJ
5013;Mokpo;Korea_(South);Mokpo;7;MPK;RKJM
5014;Montpellier_Méditerranée;France;Montpellier;5;MPL;LFMT
5015;Maputo_International;Mozambique;Maputo;44;MPM;FQMA
5016;Mount_Pleasant;Falkland_Islands;Mount_Pleasant;74;MPN;EGYP
5017;Mt_Pocono;United_States;Mt_Pocono;584;MPO;KMPO
5018;Mulatupo;Panama;Mulatupo;5;MPP;
5019;Maan;Jordan;Maan;990;MPQ;OJMN
5020;Mcpherson;United_States;Mcpherson;457;MPR;KMPR
5021;Mount_Pleasant;United_States;Mount_Pleasant;123;MPS;MYEF
5022;Maliana;Indonesia;Maliana;198;MPT;WPMN
5023;Mapua;Papua_New_Guinea;Mapua;12;MPU;
5024;Edward_F_Knapp_State;United_States;Montpelier_VT;355;MPV;KMPV
5025;Mariupol;Ukraine;Mariupol;77;MPW;UKCM
5026;Miyanmin;Papua_New_Guinea;Miyanmin;762;MPX;
5027;Maripasoula;French_Guiana;Maripasoula;124;MPY;SOOA
5028;Municipal;United_States;Mt_Pleasant;223;MPZ;KMPZ
5029;Mandora;Australia;Mandora;9;MQA;YMDI
5030;Municipal;United_States;Macomb;215;MQB;KMQB
5031;Miquelon_Aprt;St._Pierre_and_Miquelon;Miquelon;3;MQC;LFVM
5032;Maquinchao;Argentina;Maquinchao;887;MQD;SAVQ
5033;Marqua;Australia;Marqua;213;MQE;YMQA
5034;Magnitogorsk;Russian_Federation;Magnitogorsk;436;MQF;USCM
5035;Midgard;Norway;Midgard;;MQG;KLAS
5036;Municipal;Brazil;Minacu;427;MQH;SBMC
5037;Quincy;United_States;Quincy;;MQI;KMQI
5038;Merkez;Turkey;Balikesir;263;MQJ;KMQJ
5039;San_Matias;Bolivia;San_Matias;;MQK;KLAS
5040;Mildura;Australia;Mildura;51;MQL;YMIA
5041;Mardin;Turkey;Mardin;527;MQM;LTCR
5042;Mo_I_Rana;Norway;Mo_I_Rana;70;MQN;ENRA
5043;Malam;Niger;Malam;;MQO;KLAS
5044;Kruger_Mpumalanga;South_Africa;Nelspruit;862;MQP;FAKN
5045;Moundou;Chad;Moundou;429;MQQ;FTTD
5046;Mosquera;Colombia;Mosquera;15;MQR;
5047;Mustique;Saint_Vincent_and_the_Grenadines;Mustique_Island;3;MQS;TVSM
5048;Sawyer_International;United_States;Marquette;372;MQT;KSAW
5049;Mariquita;Colombia;Mariquita;467;MQU;SKQU
5050;Mostaganem;Bosnia_And_Herzegovina;Mostaganem;223;MQV;
5051;Telfair-Wheeler;Belize;Mc_Rae;62;MQW;KMQW
5052;Makale;Ethiopia;Makale;2257;MQX;HAMK
5053;Smyrna;United_States;Smyrna;166;MQY;KMQY
5054;Margaret_River;Australia;Margaret_River;;MQZ;SVMI
5055;Misurata;Libya;Misurata;18;MRA;
5056;Eastern_Wv_Regional_Airport/Shepherd_Field;United_States;Martinsburg;172;MRB;KMRB
5057;Maury_County;United_States;Columbia;208;MRC;KMRC
5058;A_Carnevalli;Venezuela;Merida;1526;MRD;SVMD
5059;Mara_Lodges;Kenya;Mara_Lodges;1707;MRE;
5060;Municipal;United_States;Marfa;1478;MRF;KMRF
5061;Mareeba;Australia;Mareeba;475;MRG;YMBA
5062;May_River;Papua_New_Guinea;May_River;3;MRH;KMRH
5063;Merrill_Field;United_States;Anchorage;44;MRI;PAMR
5064;Marcala;Honduras;Marcala;1234;MRJ;MHMA
5065;Marco_Island;United_States;Marco_Island;2;MRK;KMKY
5066;Miners_Lake;Australia;Miners_Lake;;MRL;
5067;Manare;Papua_New_Guinea;Manare;762;MRM;
5068;Lenoir;United_States;Morganton;387;MRN;KMRN
5069;Masterton;New_Zealand;Masterton;111;MRO;NZMS
5070;Marla;Australia;Marla;329;MRP;YALA
5071;Marinduque;Philippines;Marinduque;10;MRQ;RPUW
5072;Macara;Ecuador;Macara;460;MRR;SEMA
5073;Marseille_Provence_Airport;France;Marseille;23;MRS;LFML
5074;Moroak;Australia;Moroak;94;MRT;KMRT
5075;Sir_Seewoosagur_Ramgoolam_Int;Mauritius;Plaisance;57;MRU;FIMP
5076;Mineralnye_Vodyj;Russian_Federation;Mineralnye_Vody;321;MRV;URMM
5077;Maribo;Denmark;Maribo;5;MRW;EKMB
5078;Mahshahr;Iran;Bandar_Mahshahr;2;MRX;OIAM
5079;Monterey_Peninsula;United_States;Monterey;78;MRY;KMRY
5080;Moree;Australia;Moree;214;MRZ;YMOR
5081;Muskrat_Dam;Canada;Muskrat_Dam;274;MSA;CZMD
5082;Marigot_SPB;Netherlands;St_Martin;;MSB;
5083;Falcon_Field;United_States;Mesa;425;MSC;KFFZ
5084;Mt_Pleasant;United_States;Mt_Pleasant;1777;MSD;
5085;Kent_International;United_Kingdom;Manston;54;MSE;EGMH
5086;Mount_Swan;Australia;Mount_Swan;122;MSF;YMNS
5087;Matsaile;Lesotho;Matsaile;1890;MSG;FXMA
5088;Masirah;Oman;Masirah;20;MSH;OOMA
5089;Masalembo;Philippines;Masalembo;;MSI;
5090;Misawa;Japan;Misawa;36;MSJ;RJSM
5091;Mastic_Point;Greece;Mastic_Point;;MSK;
5092;Sheffield;United_States;Sheffield;168;MSL;KMSL
5093;Masi_Manimba;Democratic_Republic_Of_Congo;Masi_Manimba;595;MSM;FZCV
5094;Dane_County_Regional;United_States;Madison;270;MSN;KMSN
5095;Missoula_International;United_States;Missoula;977;MSO;KMSO
5096;Minneapolis_-_St._Paul_Intl;United_States;Minneapolis;256;MSP;KMSP
5097;Minsk_International_2;Belarus;Minsk;204;MSQ;UMMS
5098;Mus;Turkey;Mus;1267;MSR;LTCK
5099;Richards_Field;United_States;Massena;66;MSS;KMSS
5100;Maastricht/aachen;Netherlands;Maastricht;114;MST;EHBK
5101;Moshoeshoe_Intl;Lesotho;Maseru;1630;MSU;FXMM
5102;Sullivan_County_Intl;United_States;Monticello;428;MSV;KMSV
5103;Massawa_International;Eritrea;Massawa;59;MSW;HHMS
5104;Mossendjo;Congo;Mossendjo;463;MSX;FCMM
5105;Namibe;Angola;Namibe;64;MSZ;FNMO
5106;Matamata;New_Zealand;Matamata;55;MTA;NZMA
5107;Monte_Libano;Colombia;Monte_Libano;49;MTB;SKML
5108;Selfridge_ANGB;United_States;Mt_Clemens;17;MTC;MDMC
5109;Mt_Sandford;Australia;Mt_Sandford;39;MTD;YMSF
5110;Monte_Alegre;Brazil;Monte_Alegre;99;MTE;SNMA
5111;Mizan_Teferi;Ethiopia;Mizan_Teferi;1340;MTF;HAMT
5112;Mato_Grosso;Brazil;Mato_Grosso;270;MTG;
5113;Marathon_Flight_Strip;Canada;Marathon;2;MTH;KMTH
5114;Mosteiros;Cape_Verde;Mosteiros;20;MTI;GVMT
5115;Montrose_Regional_Airport;United_States;Montrose;1755;MTJ;KMTJ
5116;Makin_Island;Kiribati;Makin_Island;;MTK;NGMN
5117;Maitland;Australia;Maitland;23;MTL;YMND
5118;SPB;United_States;Metlakatla;0;MTM;PAMM
5119;Glenn_L_Martin;United_States;Baltimore;6;MTN;KMTN
5120;Coles_County_Memorial;United_States;Mattoon;220;MTO;KMTO
5121;Montauk_Airport;United_States;Montauk;2;MTP;KMTP
5122;Mitchell;Australia;Mitchell;349;MTQ;YMIT
5123;S._Jeronimo;Colombia;Monteria;11;MTR;SKMR
5124;Matsapha_Intl;Swaziland;Manzini;632;MTS;FDMS
5125;Minatitlan;Mexico;Minatitlan;11;MTT;MMMT
5126;Montepuez;Mozambique;Montepuez;557;MTU;
5127;Mota_Lava;Vanuatu;Mota_Lava;19;MTV;NVSA
5128;Municipal;United_States;Manitowoc;198;MTW;KMTW
5129;Metro_Field;United_States;Fairbanks;132;MTX;
5130;Gen_Mariano_Escobedo;Mexico;Monterrey;390;MTY;MMMY
5131;Masada;Israel;Masada;;MTZ;LLMZ
5132;Munda;Solomon_Islands;Munda;3;MUA;AGGM
5133;Maun;Botswana;Maun;943;MUB;FBMN
5134;Franz_Josef_Strauss;Germany;Munich;453;MUC;EDDM
5135;Mueda;Mozambique;Mueda;850;MUD;FQMD
5136;Kamuela;United_States;Kamuela;814;MUE;PHMU
5137;Muting;Indonesia;Muting;;MUF;
5138;Mulege;Mexico;Mulege;43;MUG;MMMG
5139;Mersa_Matruh;Egypt;Mersa_Matruh;29;MUH;HEMM
5140;Muir_AAF;Haiti;Fort_Indiantown;149;MUI;KMUI
5141;Mui;Ethiopia;Mui;543;MUJ;HAMR
5142;Mauke_Island;Cook_Islands;Mauke_Island;8;MUK;NCMK
5143;Spence;United_States;Moultrie;89;MUL;KMUL
5144;Mumias;Kenya;Mumias;;MUM;
5145;Quiriquire;Venezuela;Maturin;68;MUN;SVMT
5146;AFB;United_States;Mountain_Home;913;MUO;KMUO
5147;Mulga_Park;Australia;Mulga_Park;37;MUP;YMUP
5148;Muccan;Australia;Muccan;91;MUQ;YMUC
5149;Marudi;Malaysia;Marudi;31;MUR;WBGM
5150;Marcus_Island;Japan;Marcus_Island;;MUS;
5151;Muscatine;United_States;Muscatine;167;MUT;KMUT
5152;Mount_Union;United_States;Mount_Union;171;MUU;KMUU
5153;Mustin_Alf;Egypt;Philadelphia;;MUV;
5154;Mascara;Algeria;Mascara;514;MUW;DAOV
5155;Multan;Pakistan;Multan;123;MUX;OPMT
5156;Mouyondzi;Congo;Mouyondzi;509;MUY;FCBM
5157;Musoma;Tanzania;Musoma;1160;MUZ;HTMU
5158;Reykiahlid;Iceland;Myvatn;314;MVA;BIRL
5159;Franceville/Mvengue;Gabon;Franceville;442;MVB;FOON
5160;Monroe_-_Walton_County;Chad;Monroeville;128;MVC;KMVC
5161;Carrasco_International;Uruguay;Montevideo;32;MVD;SUMU
5162;Montevideo-Chippewa;United_States;Montevideo_MN;315;MVE;KMVE
5163;Dixsept_Rosado;Brazil;Mossoro;23;MVF;SBMS
5164;Mevang;Gabon;Mevang;350;MVG;
5165;Macksville;Australia;Macksville;;MVH;
5166;Manetai;Papua_New_Guinea;Manetai;18;MVI;
5167;Marlboro;Jamaica;Mandeville;610;MVJ;
5168;Mulka;Australia;Mulka;;MVK;YMUK
5169;Morrisville-Stowe;United_States;Stowe;223;MVL;KMVL
5170;Monument_Valley;United_States;Kayenta_AZ;1740;MVM;KMVM
5171;Mt_Vernon-Outland;United_States;Mt_Vernon;146;MVN;KMVN
5172;Mongo;Chad;Mongo;431;MVO;FTTM
5173;Mitu;Colombia;Mitu;207;MVP;SKMU
5174;Mogilev;Belarus;Mogilev;194;MVQ;UMOO
5175;Salam;Cameroon;Maroua;424;MVR;FKKL
5176;Aeroporto_Max_Feffer;Brazil;Mucuri;84;MVS;SNMU
5177;Mataiva;French_Polynesia;Mataiva;3;MVT;NTGV
5178;Musgrave;Australia;Musgrave;122;MVU;YMGV
5179;Megeve;France;Megeve;1470;MVV;LFHM
5180;Skagit_Regional;United_States;Mount_Vernon;44;MVW;KBVS
5181;Minvoul;Gabon;Minvoul;600;MVX;FOGV
5182;Masvingo;Zimbabwe;Masvingo;1096;MVZ;FVMV
5183;Williamson_County;United_States;Marion;144;MWA;KMWA
5184;Morawa;Australia;Morawa;271;MWB;YMRW
5185;Lawrence_J_Timmerman;United_States;Milwaukee;227;MWC;KMWC
5186;Mianwali;Pakistan;Mianwali;210;MWD;OPMI
5187;Merowe;Sudan;Merowe;258;MWE;HSMR
5188;Maewo;Vanuatu;Maewo;155;MWF;NVSN
5189;Marawaka;Papua_New_Guinea;Marawaka;1844;MWG;
5190;Grant_County;United_States;Moses_Lake;362;MWH;KMWH
5191;Maramuni;Papua_New_Guinea;Maramuni;1524;MWI;
5192;Matthews_Ridge;Guyana;Matthews_Ridge;174;MWJ;SYMR
5193;Matak;Indonesia;Matak;3;MWK;WIOM
5194;Mineral_Wells_Arpt;United_States;Mineral_Wells;297;MWL;KMWL
5195;Windom_Municipal;United_States;Windom_MN;430;MWM;KMWM
5196;Mwadui;Tanzania;Mwadui;1210;MWN;HTMD
5197;Hook_Field;United_States;Middletown_Ohio;198;MWO;KMWO
5198;Mountain;Nepal;Mountain;;MWP;
5199;Magwe;Myanmar;Magwe;84;MWQ;VYMW
5200;Motswari_Airfield;South_Africa;Motswari;;MWR;LPAZ
5201;Mount_Wilson;United_Kingdom;Mount_Wilson;;MWS;MYEF
5202;Moolawatana;Australia;Moolawatana;101;MWT;YMWT
5203;Mussau;Papua_New_Guinea;Mussau;2;MWU;
5204;Mundulkiri;Cambodia;Mundulkiri;;MWV;WAKK
5205;Mouscron;Belgium;Mouscron;;MWW;PHOG
5206;Miranda_Downs;Australia;Miranda_Downs;50;MWY;YMIR
5207;Mwanza;Tanzania;Mwanza;1147;MWZ;HTMW
5208;Municipal;Colombia;Manila;74;MXA;KMXA
5209;Masamba;Indonesia;Masamba;50;MXB;WAWM
5210;San_Juan_County;United_States;Monticello;2133;MXC;
5211;Marion_Downs;Australia;Marion_Downs;137;MXD;YMWX
5212;Maxton;United_States;Maxton;66;MXE;KMEB
5213;Maxwell_AFB;United_States;Montgomery;52;MXF;KMXF
5214;Marlborough;United_States;Marlborough;85;MXG;KLAS
5215;Moro;Papua_New_Guinea;Moro;838;MXH;AYMR
5216;Imelda_Romualdez_Marcos;Philippines;Mati;48;MXI;RPMQ
5217;Minna;Nigeria;Minna;254;MXJ;DNMN
5218;Mindik;Papua_New_Guinea;Mindik;1219;MXK;
5219;Mexicali;Mexico;Mexicali;23;MXL;MMML
5220;Morombe;Madagascar;Morombe;5;MXM;FMSR
5221;Morlaix;France;Morlaix;84;MXN;LFRU
5222;Municipal;Italy;Monticello;254;MXO;KMXO
5223;Malpensa;Italy;Milan;234;MXP;LIMC
5224;Mitchell_River;Australia;Mitchell_River;;MXQ;
5225;Mirgorod;Ukraine;Mirgorod;129;MXR;
5226;Maota_Savaii_Is;Samoa;Maota_Savaii_Is;30;MXS;NSMA
5227;Maintirano;Madagascar;Maintirano;29;MXT;FMMO
5228;Mullewa;Australia;Mullewa;290;MXU;YMWA
5229;Moron;Mongolia;Moron;1302;MXV;ZMMN
5230;Mandalgobi;Mongolia;Mandalgobi;;MXW;ZMMG
5231;Mora;Sweden;Mora;193;MXX;ESKM
5232;Mccarthy;United_States;Mccarthy;467;MXY;PAMX
5233;Meixian;China;Meixian;;MXZ;ZGMX
5234;Moruya;Australia;Moruya;4;MYA;YMRY
5235;Mayoumba;Gabon;Mayoumba;4;MYB;FOOY
5236;Maracay;Venezuela;Maracay;442;MYC;SVBL
5237;Malindi;Kenya;Malindi;24;MYD;HKML
5238;Miyake_Jima;Japan;Miyake_Jima;20;MYE;RJTQ
5239;Montgomery_Field;United_States;San_Diego;130;MYF;KMYF
5240;Mayaguana;Turks_and_Caicos_Islands;Mayaguana;3;MYG;MYMM
5241;Marble_Canyon;United_States;Marble_Canyon;1098;MYH;PHOG
5242;Murray_Island;Australia;Murray_Island;37;MYI;YMUI
5243;Matsuyama;Japan;Matsuyama;8;MYJ;RJOM
5244;May_Creek;United_States;May_Creek;503;MYK;KMYK
5245;Mccall;United_States;Mccall;1531;MYL;KMYL
5246;Monkey_Mountain;Guyana;Monkey_Mountain;518;MYM;SYMM
5247;Mareb;Yemen;Mareb;1006;MYN;OYMB
5248;Myroodah;Australia;Myroodah;39;MYO;YMYR
5249;Mary;Turkmenistan;Mary;222;MYP;UTAM
5250;Mysore;India;Mysore;716;MYQ;VOMY
5251;Myrtle_Beach_Afb;United_States;Myrtle_Beach;8;MYR;KMYR
5252;Moyale;Kenya;Moyale;1160;MYS;
5253;Myitkyina;Myanmar;Myitkyina;145;MYT;VYMK
5254;Ellis_Field;United_States;Mekoryuk;15;MYU;PAMY
5255;Yuba_County;United_States;Marysville;20;MYV;KMYV
5256;Mtwara;Tanzania;Mtwara;113;MYW;HTMT
5257;Menyamya;Papua_New_Guinea;Menyamya;1128;MYX;
5258;Miri;Malaysia;Miri;18;MYY;WBGR
5259;Monkey_Bay;Malawi;Monkey_Bay;482;MYZ;FWMY
5260;Muzaffarnagar;India;Muzaffarnagar;;MZA;
5261;Mocimboa_Praia;Mozambique;Mocimboa_Praia;27;MZB;FQMP
5262;Mitzic;Gabon;Mitzic;583;MZC;FOOM
5263;Mendez;Ecuador;Mendez;;MZD;
5264;Manatee;Guatemala;Manatee;;MZE;
5265;Mzamba(Wild_Coast_Sun);South_Africa;Mzamba(Wild_Coast_Sun);;MZF;FAMW
5266;Makung;Taiwan;Makung;31;MZG;RCQC
5267;Merzifon;Turkey;Merzifon;536;MZH;LTAP
5268;Mopti;Mali;Mopti;276;MZI;GAMB
5269;Marana;United_States;Marana;577;MZJ;KMZJ
5270;Marakei;Kiribati;Marakei;3;MZK;NGMK
5271;Santaguida;Colombia;Manizales;2094;MZL;SKMZ
5272;Frescaty;France;Metz;192;MZM;LFSF
5273;Minj;Papua_New_Guinea;Minj;1567;MZN;
5274;Sierra_Maestra;Cuba;Manzanillo;34;MZO;MUMZ
5275;Motueka;New_Zealand;Motueka;12;MZP;NZMK
5276;Mkuze;South_Africa;Mkuze;122;MZQ;FAMU
5277;Mazar-i-sharif;Afghanistan;Mazar-i-sharif;391;MZR;OAMS
5278;Mostyn;Malaysia;Mostyn;;MZS;
5279;Gen_Rafael_Buelna;Mexico;Mazatlan;12;MZT;MMMZ
5280;Muzaffarpur;India;Muzaffarpur;53;MZU;VEMZ
5281;Mulu_Sarawak;Malaysia;Mulu_Sarawak;24;MZV;WBMU
5282;Mechria;Algeria;Mechria;;MZW;MYEF
5283;Mena;Ethiopia;Mena;1274;MZX;
5284;Mossel_Bay;South_Africa;Mossel_Bay;152;MZY;FAMO
5285;Marion;United_States;Marion;262;MZZ;KMZZ
5286;Narrabri;Australia;Narrabri;240;NAA;YNBR
5287;Albany_NAS;United_States;Albany;;NAB;
5288;Naracoorte;Australia;Naracoorte;52;NAC;YNRC
5289;Macanal;Colombia;Macanal;;NAD;
5290;Natitingou;Benin;Natitingou;430;NAE;DBBN
5291;Banaina;Indonesia;Banaina;;NAF;
5292;Sonegaon;India;Nagpur;315;NAG;VANP
5293;Naha;Indonesia;Naha;5;NAH;WAMH
5294;Annai;Guyana;Annai;92;NAI;SYAN
5295;Nakhichevan;Azerbaijan;Nakhichevan;873;NAJ;UBBN
5296;Nakhon_Ratchasima;Thailand;Nakhon_Ratchasima;233;NAK;VTUQ
5297;Nalchik;Russian_Federation;Nalchik;446;NAL;URMN
5298;Namlea;Indonesia;Namlea;33;NAM;WAPR
5299;Nadi_International;Fiji;Nadi;18;NAN;NFFN
5300;Nanchong;China;Nanchong;;NAO;ZUNC
5301;Capodichino;Italy;Napoli;90;NAP;LIRN
5302;Qaanaaq;Greenland;Qaanaaq;16;NAQ;BGQQ
5303;Nare;Colombia;Nare;145;NAR;SKPN
5304;Nassau_International;Bahamas;Nassau;5;NAS;MYNN
5305;Augusto_Severo;Brazil;Natal;52;NAT;SBNT
5306;Napuka_Island;French_Polynesia;Napuka_Island;2;NAU;NTGN
5307;Nevsehir;Turkey;Nevsehir;;NAV;
5308;Narathiwat;Thailand;Narathiwat;5;NAW;VTSC
5309;Barbers_Point;United_States;Barbers_Point;9;NAX;PHJR
5310;Nanyuan_Airport;China;Beijing;;NAY;ZBNY
5311;Nana;Solomon_Islands;Star_Habour;;NAZ;OINZ
5312;Nambaiyufa;Papua_New_Guinea;Nambaiyufa;1676;NBA;
5313;Barrancominas;Colombia;Barrancominas;131;NBB;SKBM
5314;Naberevnye_Chelny;Russian_Federation;Naberevnye_Chelny;196;NBC;UWKE
5315;NAS/Alvin_Callendar;United_States;New_Orleans;1;NBG;KNBG
5316;Nambucca_Heads;Australia;Nambucca_Heads;1;NBH;YNHS
5317;San_Blas;Panama;San_Blas;2;NBL;MPWN
5318;Jomo_Kenyatta_International;Kenya;Nairobi;1625;NBO;HKJK
5319;Battery_Pk_City/N._Cov;Colombia;New_York;;NBP;SKBO
5320;Nambour;Australia;Nambour;;NBR;
5321;NAS;United_States;Glenview;;NBU;SKBO
5322;Cana_Brava;Brazil;Cana_Brava;417;NBV;
5323;Guantanamo_NAS;Cuba;Guantanamo;17;NBW;MUGM
5324;Nabire;Indonesia;Nabire;6;NBX;WABI
5325;North_Caicos;Turks_and_Caicos_Islands;North_Caicos;3;NCA;MBNC
5326;Nueva_Casas_Grandes;Mexico;Paloma_Grande;1478;NCG;MMCG
5327;Nachingwea;Tanzania;Nachingwea;427;NCH;HTNA
5328;Necocli;Colombia;Necocli;40;NCI;SKNC
5329;Newcastle_Airport;United_Kingdom;Newcastle;81;NCL;EGNT
5330;New_Chenega;United_States;New_Chenega;22;NCN;PFCB
5331;NAS;United_States;Quonset_Point;5;NCO;
5332;Cubi_Pt_NAS;Philippines;Luzon_Is;250;NCP;
5333;Atlanta_Nas;United_States;Marietta_GA;;NCQ;
5334;San_Carlos;Nicaragua;San_Carlos;;NCR;KBUF
5335;Newcastle;South_Africa;Newcastle;1242;NCS;FANC
5336;Guanacaste;Costa_Rica;Nicoya;120;NCT;MRNC
5337;Nukus;Uzbekistan;Nukus;75;NCU;UTNN
5338;Annecy-Meythe;France;Annecy;463;NCY;LFLP
5339;Bandanaira;Indonesia;Bandanaira;20;NDA;WAPC
5340;Nouadhibou;Mauritania;Nouadhibou;5;NDB;GQPP
5341;Nanded;India;Nanded;381;NDC;VAND
5342;Sumbe;Angola;Sumbe;11;NDD;FNSU
5343;Mandera;Kenya;Mandera;245;NDE;HKMA
5344;Ndalatandos;Angola;Ndalatandos;;NDF;GQPP
5345;Qiqihar;Mongolia;Qiqihar;145;NDG;ZYQQ
5346;Namudi;Papua_New_Guinea;Namudi;320;NDI;
5347;Ndjamena;Chad;Ndjamena;295;NDJ;FTTJ
5348;Namdrik_Island;Marshall_Islands;Namdrik_Island;5;NDK;
5349;Ndele;Central_African_Republic;Ndele;497;NDL;FEFN
5350;Mendi;Ethiopia;Mendi;1676;NDM;HAMN
5351;Nadunumu;Papua_New_Guinea;Nadunumu;152;NDN;
5352;La_Palma_Del_Condado;Spain;La_Palma_Del_Condado;;NDO;OMAA
5353;Ellyson_NAS;United_States;Pensacola_FL;35;NDP;
5354;Nador;Morocco;Nador;175;NDR;GMMW
5355;Sandstone;Australia;Sandstone;533;NDS;YSAN
5356;Rundu;Namibia;Rundu;1106;NDU;FYRU
5357;USN_Heliport;Ethiopia;Anacostia;;NDV;
5358;Sanday;United_Kingdom;Sanday;20;NDY;EGES
5359;Cuxhaven;Germany;Nordholz-Spieka;23;NDZ;ETMN
5360;Brunswick_Golden_Isles;United_States;Glynco;;NEA;
5361;Necochea;Argentina;Necochea;22;NEC;SAZO
5362;Neftekamsk;Russian_Federation;Neftekamsk;139;NEF;UWUF
5363;Negril;Jamaica;Negril;3;NEG;MKNG
5364;Nejjo;Ethiopia;Nejjo;1875;NEJ;HANJ
5365;Nekemt;Ethiopia;Nekemt;1981;NEK;HANK
5366;Naec;United_States;Lakehurst;31;NEL;KNEL
5367;Olf_Usn;United_States;Whitehouse;30;NEN;KNEN
5368;Neryungri;Russian_Federation;Neryungri;;NER;UELL
5369;East_34th_St_Landing;Colombia;New_York;;NES;
5370;New_Bight;Bahamas;New_Bight;;NET;
5371;Sam_Neua;Laos;Sam_Neua;1000;NEU;VLSN
5372;Newcastle;Saint_Kitts_and_Nevis;Nevis;4;NEV;TKPN
5373;Lakefront;United_States;New_Orleans;2;NEW;KNEW
5374;Detroit_NAF;United_States;Mt_Clemens;;NFB;
5375;Nefteyugansk;Russian_Federation;Nefteyugansk;;NFG;USRN
5376;NAS;United_States;Fallon;1199;NFL;KNFL
5377;Nafoora;Libya;Nafoora;;NFR;SABE
5378;Young;Australia;Young;386;NGA;YYNG
5379;Ningbo;China;Ningbo;4;NGB;ZSNB
5380;North_Rim;United_States;Grand_Canyon;2678;NGC;
5381;Anegada;British_Virgin_Islands;Anegada;9;NGD;TUPA
5382;Ngaoundere;Cameroon;Ngaoundere;1114;NGE;FKKN
5383;Ngau_Island;Fiji;Ngau_Island;15;NGI;NFNG
5384;Ngala_Airfield;Zambia;Ngala;;NGL;EFNU
5385;Agana_NAS;Guam_(USA);Agana;;NGM;
5386;Nargana;Panama;Nargana;3;NGN;
5387;NAS;United_States;Corpus_Christi;5;NGP;KNGP
5388;Ningerum;Papua_New_Guinea;Ningerum;116;NGR;
5389;Nagasaki;Japan;Nagasaki;5;NGS;RJFU
5390;Nas_Chambers;United_States;Norfolk;5;NGU;KNGU
5391;Ngiva;Egypt;Ngiva;;NGV;FNGI
5392;Cabaniss_Field;United_States;Corpus_Christi;9;NGW;KNGW
5393;Manang;Nepal;Manang;3353;NGX;VNMA
5394;NAS;United_States;Alameda;;NGZ;SKCG
5395;Nha_Trang;Vietnam;Nha_Trang;5;NHA;
5396;Minhad_AB;United_Arab_Emirates;Minhad_AB;50;NHD;OMDM
5397;New_Halfa;Sudan;New_Halfa;451;NHF;HSNW
5398;NAS;United_States;Patuxent_River;12;NHK;KNHK
5399;Nushki;Pakistan;Nushki;975;NHS;OPNK
5400;Northolt;United_Kingdom;Northolt;38;NHT;EGWU
5401;Nuku_Hiva;French_Polynesia;Nuku_Hiva;67;NHV;NTMD
5402;Barin_Olf_Osn;United_States;Foley;16;NHX;KNBJ
5403;NAS;United_States;Brunswick;22;NHZ;KNHZ
5404;Nimba;Liberia;Nimba;497;NIA;GLNA
5405;Nikolai;United_States;Nikolai;134;NIB;PAFS
5406;Nicosia_International;Cyprus;Nicosia;;NIC;LCNC
5407;Niblack;United_States;Niblack;;NIE;SMNI
5408;Nifty;Australia;Nifty;;NIF;YCNF
5409;Nikunau;Kiribati;Nikunau;2;NIG;NGNU
5410;Niokolo_Koba;Senegal;Niokolo_Koba;86;NIK;
5411;Niamey;Niger;Niamey;223;NIM;DRRN
5412;Ninilchik;United_States;Ninilchik;84;NIN;KNIN
5413;Nioki;Democratic_Republic_Of_Congo;Nioki;318;NIO;FZBI
5414;Jacksonville_NAS;United_States;Jacksonville;6;NIP;KNIP
5415;Chase_Field_NAS;United_States;Beeville;;NIR;FCPP
5416;Simberi;Papua_New_Guinea;Simberi_Island;3;NIS;LYNI
5417;Niort;France;Niort;61;NIT;LFBN
5418;Nioro;Mali;Nioro;237;NIX;GANR
5419;Atsugi_NAS;Japan;Atsugi;62;NJA;RJTA
5420;Nizhnevartovsk;Russian_Federation;Nizhnevartovsk;54;NJC;USNN
5421;El_Centro_NAF;United_States;El_Centro_CA;-13;NJK;KNJK
5422;Nkan;Gabon;Nkan;;NKA;
5423;Noonkanbah;Australia;Noonkanbah;38;NKB;YNKA
5424;Nouakchott;Mauritania;Nouakchott;2;NKC;GQNN
5425;Sinak;Indonesia;Sinak;;NKD;
5426;Lukou_International_Airport;China;Nanking/nanjing;15;NKG;ZSNJ
5427;Naukiti;United_States;Naukiti;;NKI;
5428;Nkolo;Democratic_Republic_Of_Congo;Nkolo;450;NKL;FZAR
5429;Komaki_AFB;Japan;Nagoya;16;NKM;RJNA
5430;Nankina;Papua_New_Guinea;Nankina;;NKN;
5431;Ankokoambo;Madagascar;Ankokoambo;;NKO;RJTU
5432;Nkongsamba;Cameroon;Nkongsamba;805;NKS;FKAN
5433;Nkaus;Lesotho;Nkaus;1713;NKU;FXNK
5434;Nichen_Cove;United_States;Nichen_Cove_AK;;NKV;HETB
5435;Miramar_MCAS;United_States;San_Diego;145;NKX;KNKX
5436;Nkayi;Congo;Nkayi;165;NKY;FCBY
5437;Ndola;Zambia;Ndola;1270;NLA;FLND
5438;Lemoore_NAS_(Reeves_Field);United_States;Lemoore_CA;71;NLC;KNLC
5439;Intl_Quetzalcoatl;Mexico;Nuevo_Laredo;148;NLD;MMNL
5440;Jerry_Tyler_Memorial;United_States;Niles;229;NLE;
5441;Darnley_Island;Australia;Darnley_Island;;NLF;YDNI
5442;Nelson_Lagoon;United_States;Nelson_Lagoon;4;NLG;PAOU
5443;Norfolk_Island;Norfolk_Island;Norfolk_Island;113;NLK;YSNF
5444;Nullagine;Australia;Nullagine;381;NLL;YNUL
5445;Nelspruit_International;South_Africa;Nelspruit;884;NLP;FANS
5446;Nicholson;Australia;Nicholson;36;NLS;YNIC
5447;Santa_Lucia;Mexico;Santa_Lucia;;NLU;SBPL
5448;Nikolaev;Ukraine;Nikolaev;56;NLV;UKON
5449;Namangan;Uzbekistan;Namangan;474;NMA;UTKN
5450;Daman;India;Daman;10;NMB;VADN
5451;Nightmute;United_States;Nightmute;1;NME;PAGT
5452;San_Miguel;Panama;San_Miguel;21;NMG;
5453;Nomane;Papua_New_Guinea;Nomane;1859;NMN;
5454;New_Moon;Australia;New_Moon;;NMP;
5455;Nappa_Merry;Australia;Nappa_Merry;55;NMR;YNAP
5456;Namsang;Myanmar;Namsang;945;NMS;VYNS
5457;Namtu;Myanmar;Namtu;610;NMT;VYNT
5458;Namu;Marshall_Islands;Namu;;NMU;
5459;NAF;Morocco;Kenitra;5;NNA;GMMY
5460;Santa_Ana;Solomon_Islands;Santa_Ana;;NNB;AGGT
5461;Nangade;Mozambique;Nangade;244;NND;
5462;Nanning;China;Nanning;128;NNG;ZGNN
5463;Namutoni;Namibia;Namutoni;1158;NNI;FYNA
5464;Naknek;United_States;Naknek;21;NNK;
5465;Nondalton;United_States;Nondalton;96;NNL;PANO
5466;Naryan-Mar;Russian_Federation;Naryan-Mar;11;NNM;ULAM
5467;Connemara;Germany;Spiddal;21;NNR;EICA
5468;Nan;Thailand;Nan;209;NNT;VTCN
5469;Nanuque;Brazil;Nanuque;180;NNU;SNNU
5470;Nunukan;Indonesia;Nunukan;;NNX;
5471;Nanyang;China;Nanyang;;NNY;ZHNY
5472;Nowra;Australia;Nowra;122;NOA;YSNW
5473;Nosara_Beach;Costa_Rica;Nosara_Beach;10;NOB;MRNS
5474;Ireland_West_Airport_Knock;Ireland;Knock;203;NOC;EIKN
5475;Norden;Germany;Norden;2;NOD;
5476;Norddeich;Germany;Norddeich;1;NOE;EDWS
5477;Nogales;Mexico;Nogales;1216;NOG;MMNG
5478;Chicago_NAS;Belize;Chicago;;NOH;LPBJ
5479;Krymsk;Russian_Federation;Novorossijsk;15;NOI;
5480;Nojabrxsk;Russian_Federation;Nojabrxsk;136;NOJ;USRO
5481;Nova_Xavantina;Brazil;Nova_Xavantina;;NOK;SWXV
5482;Nakolik_River;Poland;Nakolik_River;;NOL;SBPL
5483;Nomad_River;Papua_New_Guinea;Nomad_River;107;NOM;
5484;Nonouti;Kiribati;Rotima;3;NON;NGTO
5485;Naoro;Papua_New_Guinea;Naoro;747;NOO;
5486;Nordfjordur;Iceland;Nordfjordur;4;NOR;BINF
5487;Fascene;Madagascar;Nossi-Be;11;NOS;FMNN
5488;Novato;United_States;Novato;1;NOT;KDVO
5489;Tontouta;New_Caledonia;Noumea;16;NOU;NWWW
5490;Huambo;Angola;Huambo;1703;NOV;FNHU
5491;Novokuznetsk;Russian_Federation;Novokuznetsk;312;NOZ;UNWW
5492;Pensacola_NAS;United_States;Pensacola;9;NPA;KNPA
5493;Hawkes_Bay;New_Zealand;Napier-Hastings;2;NPE;NZNR
5494;Nipa;Papua_New_Guinea;Nipa;1676;NPG;
5495;Nephi;United_States;Nephi;1531;NPH;
5496;New_Plymouth;New_Zealand;New_Plymouth;30;NPL;NZNP
5497;Nangapinoh;Indonesia;Nangapinoh;37;NPO;WIOG
5498;Napperby;Australia;Napperby;65;NPP;YNPB
5499;State;United_States;Newport;52;NPT;KUUU
5500;San_Pedro_Uraba;Colombia;San_Pedro_Uraba;;NPU;
5501;Millington_Regional_Jetport;United_States;Millington_TN;98;NQA;KNQA
5502;NAS;United_States;Kingsville;15;NQI;KNQI
5503;Niquelandia;Brazil;Niquelandia;840;NQL;SWNQ
5504;Neuquen;Argentina;Neuquen;273;NQN;SAZN
5505;Nottingham_Airport;United_Kingdom;Nottingham;42;NQT;EGBN
5506;Nuqui;Colombia;Nuqui;3;NQU;SKNQ
5507;NAS;United_States;Key_West;2;NQX;KNQX
5508;Newquay_Cornwall_Airport;United_Kingdom;Newquay;119;NQY;EGHQ
5509;Narrandera;Australia;Narrandera;144;NRA;YNAR
5510;Ns;United_States;Mayport;5;NRB;KNRB
5511;Aux_Field;United_States;Crows_Landing;51;NRC;KTIW
5512;Norderney;Germany;Norderney;2;NRD;EDWY
5513;Namrole;Indonesia;Namrole;;NRE;
5514;Narrogin;Australia;Narrogin;320;NRG;YNRG
5515;Shangri-la;United_States;Shangri-la;242;NRI;LPMR
5516;Kungsangen;Sweden;Norrkoping;10;NRK;ESSP
5517;North_Ronaldsay;United_Kingdom;North_Ronaldsay;12;NRL;EGEN
5518;Nara;Mali;Nara;271;NRM;GANK
5519;Weeze;Germany;Dusseldorf;32;NRN;EDLV
5520;Roosevelt_NAS;Puerto_Rico;Roosevelt_Roads;;NRR;TJNR
5521;NAS;Romania;Imperial_Beach;7;NRS;KNRS
5522;Narita_International_Airport;Japan;Tokyo;43;NRT;RJAA
5523;USCG_Shore_Station;Guam_(USA);Guam;;NRV;
5524;Newry;Australia;Newry;99;NRY;
5525;Noosa;Australia;Noosa;1;NSA;
5526;North_SPB;Bahamas;Bimini;0;NSB;
5527;Whiting_Field_NAS;United_States;Milton;61;NSE;KNSE
5528;Andrews_NAF;United_States;Camp_Springs;85;NSF;KNSF
5529;Now_Shahr;Iran;Now_Shahr;;NSH;OINN
5530;Nsimalen_International;Cameroon;Yaounde;694;NSI;FKYS
5531;Norseman;Australia;Norseman;263;NSM;YNSM
5532;Nelson;New_Zealand;Nelson;5;NSN;NZNS
5533;Scone;Australia;Scone;227;NSO;YSCO
5534;NAF;Philippines;Sangley_Point;2;NSP;RPLS
5535;Nakhon_Si_Thammarat;Thailand;Nakhon_Si_Thammarat;4;NST;VTSF
5536;Noosaville;Australia;Noosaville;;NSV;YNSH
5537;Hovercraft/Launch_Pt;British_Virgin_Islands;N._Sound/Virgin_Gorda;;NSX;
5538;Sigonella_NAF;Italy;Tokat;24;NSY;LICZ
5539;Natadola;Fiji;Natadola;24;NTA;
5540;Notodden;Norway;Notodden;19;NTB;ENNO
5541;Santa_Carolina;Sudan;Santa_Carolina;;NTC;
5542;Point_Mugu_NAS_(Naval_Base_Ventura_County;United_States;Port_Hueneme_CA;4;NTD;KNTD
5543;Nantes_Atlantique;France;Nantes;27;NTE;LFRS
5544;Nantong;Ghana;Nantong;;NTG;ZSNT
5545;Bintuni;Indonesia;Bintuni;10;NTI;WASB
5546;Manti-Ephraim;United_States;Manti;1676;NTJ;
5547;Williamtown;Australia;Newcastle;9;NTL;YWLM
5548;Miracema_Do_Norte;Brazil;Miracema_Do_Norte;180;NTM;
5549;Normanton;Australia;Normanton;22;NTN;YNTN
5550;Santo_Antao;Cape_Verde;Santo_Antao;10;NTO;GVAN
5551;Noto_Airport;Japan;Wajima;219;NTQ;RJNW
5552;Tuxtla_Gutierrez;Mexico;Tuxtla_Gutierrez;450;NTR;MMAN
5553;Kuini_Lavenia;Tonga;Niuatoputapu;;NTT;NFTP
5554;NAS;United_States;Oceana;7;NTU;KNTU
5555;Natuna_Ranai;Indonesia;Natuna_Ranai;2;NTX;WION
5556;Pilanesberg;South_Africa;Sun_City;1040;NTY;FAPN
5557;Numbulwar;Australia;Numbulwar;9;NUB;YNUM
5558;En_Nahud;Sudan;En_Nahud;596;NUD;HSNH
5559;Castlereigh_Reservoir;Sri_Lanka;Hatton;;NUF;SKBO
5560;Nuguria;Papua_New_Guinea;Nuguria;3;NUG;
5561;Nunchia;Colombia;Nunchia;564;NUH;
5562;Nuiqsut;United_States;Nuiqsut;12;NUI;PAQT
5563;Nojeh;Iran;Nojeh;;NUJ;BGGH
5564;Nukutavake;French_Polynesia;Nukutavake;5;NUK;NTGW
5565;Nulato;United_States;Nulato;122;NUL;PANU
5566;Saufley_NAS;United_States;Pensacola;26;NUN;KNUN
5567;Nunapitchuk;United_States;Nunapitchuk;4;NUP;
5568;Moffett_Field;United_States;Mountain_View;10;NUQ;KNUQ
5569;Nullarbor;Australia;Nullarbor;;NUR;YNUB
5570;Norsup;Vanuatu;Norsup;7;NUS;NVSP
5571;Nutuve;Papua_New_Guinea;Nutuve;396;NUT;
5572;Nakuru;Kenya;Nakuru;1890;NUU;HKNK
5573;Whidbey_Island_NAS_(Ault_Field);United_States;Oak_Harbor;14;NUW;KNUW
5574;Novy_Urengoy;Russian_Federation;Novy_Urengoy;64;NUX;USMU
5575;La_Marguita;Colombia;Neiva;446;NVA;SKNV
5576;Nevada;United_States;Nevada;272;NVD;KNVD
5577;Nueva_Guinea;Nicaragua;Nueva_Guinea;210;NVG;
5578;Navoi;Uzbekistan;Navoi;;NVI;UTSA
5579;Framnes;Norway;Narvik;29;NVK;ENNK
5580;Novo_Aripuana;Brazil;Aripuana;36;NVP;SWNA
5581;Novgorod_Airport;Russian_Federation;Novgorod;;NVR;ULNN
5582;Nevers;France;Nevers;183;NVS;LFQG
5583;Navegantes;Brazil;Navegantes;5;NVT;SBNF
5584;Neyveli;India;Neyveli;;NVY;VONV
5585;Moheli;Comoros;Moheli;14;NWA;FMCI
5586;Parlin_Field;United_States;Newport;239;NWH;
5587;Norwich_International_Airport;United_Kingdom;Norwich;36;NWI;EGSH
5588;NS;Canada;Argentia;;NWP;CWAR
5589;Pier_11/Wall_St._SPB;Colombia;New_York;;NWS;KNCY
5590;Nowata;Papua_New_Guinea;Nowata;610;NWT;
5591;NAS;Bermuda;Bermuda;;NWU;
5592;Willow_Grove_NAS;United_States;Willow_Grove;109;NXX;KNXX
5593;Nyeri;Kenya;Nyeri;1777;NYE;HKNI
5594;Quantico_Nas;United_States;Quantico;3;NYG;KNYG
5595;Sunyani;Ghana;Sunyani;309;NYI;DGSN
5596;Nanyuki;Kenya;Nanyuki;1905;NYK;HKNY
5597;Nadym;Russian_Federation;Nadym;15;NYM;USMM
5598;Nyngan;Australia;Nyngan;173;NYN;YNYN
5599;Skavsta;Sweden;Stockholm;43;NYO;ESKN
5600;Nyaung-u;Myanmar;Nyaung-u;95;NYU;VYBG
5601;Nzagi;Angola;Nzagi;;NZA;FNZG
5602;Nzerekore;Guinea;Nzerekore;505;NZE;GUNZ
5603;Manzhouli;China;Manzhouli;;NZH;
5604;Nzoia;Kenya;Nzoia;;NZO;
5605;South_Weymouth;United_States;South_Weymouth;49;NZW;OONZ
5606;North_Island_Nas;United_States;San_Diego;8;NZY;KNZY
5607;Springhill;Australia;Orange;949;OAG;YORG
5608;Albert_J_Ellis;United_States;Jacksonville;29;OAJ;KOAJ
5609;Oakland_International_Airport;United_States;Oakland;3;OAK;KOAK
5610;Cacoal;Brazil;Cacoal;;OAL;EFOU
5611;Oamaru;New_Zealand;Oamaru;30;OAM;NZOU
5612;Olanchito;Honduras;Olanchito;220;OAN;MHOA
5613;Marina_Municipal;United_States;Marina_CA;42;OAR;KOAR
5614;Xoxocotlan;Mexico;Oaxaca;1521;OAX;MMOX
5615;Oban;Australia;Oban;153;OBA;
5616;Obock;Djibouti;Obock;21;OBC;HDOB
5617;Obano;Indonesia;Obano;1755;OBD;
5618;County;United_States;Okeechobee;10;OBE;KOBE
5619;Oberpfaffenhofen;Germany;Oberpfaffenhofen;593;OBF;EDMO
5620;Obidos;Brazil;Obidos;100;OBI;SNTI
5621;Zoersel;Belgium;Zoersel;16;OBL;EBZR
5622;Morobe;Papua_New_Guinea;Morobe;8;OBM;
5623;Oban_Airport;United_Kingdom;Oban;6;OBN;EGEO
5624;Obihiro;Japan;Obihiro;154;OBO;RJCB
5625;Vals-Lanas;France;Aubenas;280;OBS;LFHO
5626;Oakland/Coliseum_Stat;United_States;Oakland;;OBT;
5627;Kobuk/Wien;United_States;Kobuk;42;OBU;PAOB
5628;Obo;Papua_New_Guinea;Obo;21;OBX;
5629;Ittoqqortoormiit;Greenland;Ittoqqortoormiit;70;OBY;BGSC
5630;Ocean_Reef;United_States;Ocean_Reef;2;OCA;
5631;Coca;Ecuador;Coca;254;OCC;SECO
5632;Municipal;United_States;Ocean_City;3;OCE;KOXB
5633;Taylor_Field;United_States;Ocala;27;OCF;KOCF
5634;A_L_Mangham_Jr._Regional;United_States;Nacogdoches_TX;108;OCH;KOCH
5635;Oceanic;United_States;Oceanic;;OCI;MKBS
5636;Boscobel;Jamaica;Ocho_Rios;27;OCJ;MKBS
5637;Municipal;United_States;Oceanside;9;OCN;KOKB
5638;Aguasclaras;Colombia;Ocana;1173;OCV;SKOC
5639;Warren_Field;United_States;Washington;12;OCW;KOCW
5640;Ouadda;Central_African_Republic;Ouadda;750;ODA;FEFW
5641;Cordoba;Spain;Cordoba;91;ODB;LEBA
5642;Oodnadatta;Australia;Oodnadatta;118;ODD;YOOD
5643;Beldringe;Denmark;Odense;17;ODE;EKOD
5644;RAF_Station;United_Kingdom;Odiham;123;ODH;EGVO
5645;Ouanda_Djalle;Central_African_Republic;Ouanda_Djalle;605;ODJ;FEGO
5646;Cordillo_Downs;Australia;Cordillo_Downs;38;ODL;YCOD
5647;Long_Seridan;Malaysia;Long_Seridan;185;ODN;WBGI
5648;Ord_River;Australia;Ord_River;119;ODR;YORV
5649;Odessa_International;Ukraine;Odessa;52;ODS;UKOO
5650;Oak_Harbor;United_States;Oak_Harbor;59;ODW;KOKH
5651;Oudomxai;Laos;Oudomxay;550;ODY;VLOS
5652;Oneal;United_States;Vincennes;126;OEA;KOEA
5653;Ocussi;Indonesia;Ocussi;5;OEC;WPOC
5654;Orel;Russian_Federation;Orel;200;OEL;UUOR
5655;Vincent_Fayks;Suriname;Paloemeu;;OEM;SMPA
5656;Municipal;United_States;Osceola;275;OEO;KOEO
5657;Ornskoldsvik;Sweden;Ornskoldsvik;108;OER;ESNO
5658;San_Antonio_Oeste;Argentina;San_Antonio_Oeste;26;OES;SAVN
5659;Ouango_Fitini;"Cote_D&#039;Ivoire";Ouango_Fitini;297;OFI;DIOF
5660;Olafsfjordur;Iceland;Olafsfjordur;10;OFJ;BIOF
5661;Stefan_Field;United_States;Norfolk;479;OFK;KOFK
5662;Ofu;American_Samoa;Ofu;3;OFU;NSAS
5663;Searle_Field;United_States;Ogallala;999;OGA;KOGA
5664;Municipal;United_States;Orangeburg;59;OGB;KOGB
5665;Municipal;United_States;Ogden;1363;OGD;KOGD
5666;Ogeranang;Papua_New_Guinea;Ogeranang;1676;OGE;
5667;Kapalua;United_States;Maui;16;OGG;PHOG
5668;Ogle;Guyana;Ogle;3;OGL;SYGO
5669;Yonaguni_Jima;Japan;Yonaguni_Jima;21;OGN;ROYN
5670;Abengourou;"Cote_D&#039;Ivoire";Abengourou;206;OGO;DIAU
5671;Bongor;Chad;Bongor;328;OGR;FTTB
5672;Ogdensburg;United_States;Ogdensburg;91;OGS;KOGS
5673;Ongava_Game_Reserve;Namibia;Ongava_Game_Reserve;;OGV;LZOC
5674;Ain_Beida;Algeria;Ouargla;152;OGX;DAUU
5675;Beslan;Russian_Federation;Vladikavkaz;510;OGZ;URMO
5676;Royal_Air_Force_Base;New_Zealand;Ohakea;50;OHA;NZOH
5677;AFS;United_States;Northeast_Cape;9;OHC;EGXU
5678;Ohrid;Macedonia;Ohrid;705;OHD;LWOH
5679;Oshakati;Namibia;Oshakati;334;OHI;FYOS
5680;Okhotsk;Russian_Federation;Okhotsk;20;OHO;UHOO
5681;Heliport;Gabon;Oban;;OHP;
5682;Wyk_Auf_Foehr;Germany;Wyk_Auf_Foehr;8;OHR;EDXY
5683;Kohat;Pakistan;Kohat;503;OHT;OPKT
5684;Ourilandia;Portugal;Ourilandia;;OIA;PHNL
5685;Eaton;United_States;Norwich;312;OIC;KOIC
5686;Splane_Memorial;United_States;Oil_City_PA;;OIL;
5687;Oshima;Japan;Oshima;40;OIM;RJTO
5688;Okushiri;Japan;Okushiri;49;OIR;RJEO
5689;Oita;Japan;Oita;6;OIT;RJFO
5690;Johnson_Executive;United_States;Kansas_City;334;OJC;KOJC
5691;Naha;Japan;Okinawa;4;OKA;ROAH
5692;Fraser_Island;Australia;Orchid_Beach;;OKB;
5693;Will_Rogers_World_Airport;United_States;Oklahoma_City;395;OKC;KOKC
5694;Okadama;Japan;Sapporo;8;OKD;RJCO
5695;Okino_Erabu;Japan;Okino_Erabu;31;OKE;RJKB
5696;Okaukuejo;Namibia;Okaukuejo;1164;OKF;FYOO
5697;Okoyo;Congo;Okoyo;480;OKG;
5698;Cottesmor_RAF;United_Kingdom;Oakham;141;OKH;EGXJ
5699;Oki_Island;Japan;Oki_Island;95;OKI;RJNO
5700;Okayama;Japan;Okayama;246;OKJ;RJOB
5701;Kokomo;United_States;Kokomo;253;OKK;KOKK
5702;Oksibil;Indonesia;Oksibil;1372;OKL;WAJO
5703;Okmulgee;United_States;Okmulgee;219;OKM;KOKM
5704;Okondja;Gabon;Okondja;404;OKN;FOGQ
5705;Yokota_Afb;Japan;Tokyo;141;OKO;RJTY
5706;Oksapmin;Papua_New_Guinea;Oksapmin;1585;OKP;
5707;Okaba;Indonesia;Okaba;7;OKQ;WAKO
5708;Yorke_Island;Australia;Yorke_Island;;OKR;YYKI
5709;Oshkosh;United_States;Oshkosh;1034;OKS;KOKS
5710;Oktiabrskij;Russian_Federation;Oktiabrskij;115;OKT;UWUK
5711;Mokuti_Lodge;Namibia;Mokuti_Lodge;1113;OKU;FYMO
5712;Okao;Indonesia;Okao;221;OKV;KOKV
5713;Oakey;Australia;Oakey;407;OKY;YBOK
5714;Orland;Norway;Orland;9;OLA;ENOL
5715;Costa_Smeralda;Italy;Olbia;11;OLB;LIEO
5716;Old_Town;United_States;Old_Town;38;OLD;KOLD
5717;Municipal;United_States;Olean;651;OLE;KOLE
5718;International;United_States;Wolf_Point;605;OLF;KOLF
5719;Old_Harbor_SPB;United_States;Old_Harbor;17;OLH;
5720;Rif;Iceland;Olafsvik;5;OLI;POLI
5721;Olpoi;Vanuatu;Olpoi;;OLJ;NVSZ
5722;Fuerte_Olimpo;Paraguay;Fuerte_Olimpo;;OLK;ZMUL
5723;Olympia;United_States;Olympia;64;OLM;KOLM
5724;Colonia_Sarmiento;Argentina;Colonia_Sarmiento;271;OLN;SAVM
5725;Olomouc;Czech_Republic;Olomouc;;OLO;LKOL
5726;Olympic_Dam;Australia;Olympic_Dam;105;OLP;YOLD
5727;Olsobip;Papua_New_Guinea;Olsobip;381;OLQ;
5728;International;United_States;Nogales;1205;OLS;KOLS
5729;Columbus_Municipal;United_States;Columbus_NE;441;OLU;KOLU
5730;Olive_Branch_Arpt;United_States;Olive_Branch;123;OLV;KOLV
5731;Olney-Noble;United_States;Olney;147;OLY;KOLY
5732;Eppley_Airfield;United_States;Omaha;300;OMA;KOMA
5733;Omboue;Gabon;Omboue;10;OMB;FOOH
5734;Ormoc;Philippines;Ormoc;25;OMC;RPVO
5735;Oranjemund;Namibia;Oranjemund;4;OMD;FYOG
5736;Nome;United_States;Nome;11;OME;PAOM
5737;King_Hussein;Jordan;Mafraq;683;OMF;OJMF
5738;Omega;Namibia;Omega;914;OMG;FYOE
5739;Urmieh;Iran;Urmieh;1324;OMH;OITR
5740;Omidieh;Iran;Omidieh;26;OMI;OIAJ
5741;Omura;Japan;Omura;;OMJ;
5742;Municipal;United_States;Omak;398;OMK;KOMK
5743;Omkalai;Papua_New_Guinea;Omkalai;1750;OML;
5744;Marmul;Oman;Marmul;282;OMM;OONR
5745;Osmanabad;India;Osmanabad;;OMN;
5746;Mostar;Bosnia_And_Herzegovina;Mostar;48;OMO;LQMO
5747;Oradea;Romania;Oradea;142;OMR;LROD
5748;Omsk;Russian_Federation;Omsk;95;OMS;UNOO
5749;Oddor_Meanche;Cambodia;Oddor_Meanche;101;OMY;
5750;Municipal;United_States;Winona;200;ONA;KONA
5751;Ononge;Papua_New_Guinea;Ononge;1737;ONB;
5752;Ondangwa;Namibia;Ondangwa;1097;OND;FYOA
5753;Onepusu;Solomon_Islands;Onepusu;0;ONE;
5754;Mornington;Australia;Mornington;10;ONG;YMTI
5755;Municipal;United_States;Oneonta;537;ONH;
5756;Moanamani;Indonesia;Moanamani;1646;ONI;WABD
5757;Odate_Noshiro;Japan;Odate_Noshiro;89;ONJ;RJSR
5758;Municipal;United_States;Oneill;619;ONL;KONL
5759;Socorro;United_States;Socorro;1486;ONM;KONM
5760;Onion_Bay;United_States;Onion_Bay;;ONN;EGXU
5761;Ontario_Municipal_Airport;United_States;Ontario;668;ONO;KONO
5762;Newport;United_States;Newport;49;ONP;KONP
5763;Zonguldak;Turkey;Zonguldak;13;ONQ;LTAS
5764;Monkira;Australia;Monkira;107;ONR;YMNK
5765;Onslow;Australia;Onslow;7;ONS;YOLW
5766;Ontario_International;United_States;Ontario;288;ONT;KONT
5767;Ono_I_Lau;Fiji;Ono_I_Lau;34;ONU;NFOL
5768;Enrique_Adolfo_Jimenez;Panama;Colon;8;ONX;MPEJ
5769;Olney;United_States;Olney;389;ONY;KONY
5770;Municipal;United_States;Oskaloosa;256;OOA;KOOA
5771;Toksook_Bay;United_States;Toksook_Bay;18;OOK;PAOO
5772;Coolangatta/Gold_Coast;Australia;Coolangatta/Gold_Coast;6;OOL;YBCG
5773;Cooma;Australia;Cooma;941;OOM;YCOM
5774;Mooraberree;Australia;Mooraberree;85;OOR;YMOO
5775;Onotoa;Kiribati;Onotoa;2;OOT;NGON
5776;Kopasker;Iceland;Kopasker;6;OPA;BIKP
5777;Open_Bay;Papua_New_Guinea;Open_Bay;3;OPB;
5778;Opa_Locka;United_States;Miami;2;OPF;KOPF
5779;Oenpelli;Australia;Oenpelli;9;OPI;YOEN
5780;St_Landry_Parish;United_States;Opelousas;23;OPL;KOPL
5781;Francisco_Sá_Carneiro;Portugal;Porto;69;OPO;LPPR
5782;Sinop;Brazil;Sinop;390;OPS;SWSI
5783;Balimo;Papua_New_Guinea;Balimo;30;OPU;AYBM
5784;Opuwa;Namibia;Opuwa;;OPW;FYOP
5785;Oran;Argentina;Oran;356;ORA;SASO
5786;Orebro-bofors;Sweden;Orebro;57;ORB;ESOE
5787;Orocue;Colombia;Orocue;168;ORC;SKOE
5788;"Chicago_O&#039;hare_International";United_States;Chicago_Il;207;ORD;KORD
5789;Orleans;France;Orleans;126;ORE;LFOJ
5790;Norfolk_International_Airport;United_States;Norfolk;8;ORF;KORF
5791;Zorg_En_Hoop;Suriname;Paramaribo;3;ORG;SMZO
5792;Worcester_Regional_Airport;United_States;Worcester;308;ORH;KORH
5793;Port_Lions_SPB;United_States;Port_Lions;16;ORI;KORI
5794;Orinduik;Brazil;Orinduik;548;ORJ;SYOR
5795;Cork;Ireland;Cork;153;ORK;EICK
5796;Orlando_Executive;United_States;Orlando;34;ORL;KORL
5797;Northampton;United_Kingdom;Northampton;131;ORM;EGBK
5798;Es_Senia;Algeria;Oran;91;ORN;DAOO
5799;Yoro;Honduras;Yoro;680;ORO;MHYR
5800;Orapa;Botswana;Orapa;945;ORP;FBOR
5801;Heliport;United_States;Norwalk;;ORQ;LFPY
5802;Yorketown;Australia;Yorketown;;ORR;YYOR
5803;Waterport;Australia;Orpheus_Island_Resort;;ORS;
5804;Northway;United_States;Northway;523;ORT;PAOR
5805;Oruro;Bolivia;Oruro;3702;ORU;SLOR
5806;Curtis_Memorial;United_States;Noorvik;17;ORV;
5807;Ormara;Pakistan;Ormara;3;ORW;OPOR
5808;Oriximina;Brazil;Oriximina;80;ORX;SNOX
5809;Orly;France;Paris;89;ORY;LFPO
5810;Orange_Walk;Belize;Orange_Walk;15;ORZ;
5811;Osage_Beach;United_States;Osage_Beach;267;OSB;KOSB
5812;Wurtsmith_AFB;United_States;Oscoda;193;OSC;KOSC
5813;Froesoe;Sweden;Ostersund;376;OSD;ESNZ
5814;Omora;Papua_New_Guinea;Omora;732;OSE;
5815;Ossima;Papua_New_Guinea;Ossima;76;OSG;
5816;Wittman_Field;United_States;Oshkosh;246;OSH;KOSH
5817;Osijek;Croatia;Osijek;88;OSI;LDOS
5818;Oskarshamn;Sweden;Oskarshamn;29;OSK;ESMO
5819;Oslo_Airport_Gardermoen;Norway;Oslo;208;OSL;ENGM
5820;Mosul;Iraq;Mosul;216;OSM;ORBM
5821;Osan_AB;Korea_(South);Osan;12;OSN;RKSO
5822;Redzikowo;Poland;Slupsk;66;OSP;EPSK
5823;Mosnov;Czech_Republic;Ostrava;257;OSR;LKMT
5824;Osh_International_Airport;Kyrgyzstan;Osh;892;OSS;UAFO
5825;Ostend/Bruges_International_Airport;Belgium;Ostend;4;OST;EBOS
5826;Ohio_State_University;United_States;Columbus;276;OSU;KOSU
5827;Orsk;Russian_Federation;Orsk;277;OSW;UWOR
5828;Attala_County;United_States;Kosciusko;146;OSX;KOSX
5829;Namsos;Norway;Namsos;2;OSY;ENNM
5830;Koszalin;Poland;Koszalin;76;OSZ;EPKO
5831;Mota;Ethiopia;Mota;2401;OTA;
5832;Bol;Chad;Bol;291;OTC;FTTL
5833;Contadora;Panama;Contadora;31;OTD;
5834;Worthington;United_States;Worthington;480;OTG;KOTG
5835;North_Bend;United_States;North_Bend;5;OTH;KOTH
5836;Morotai_Island;Indonesia;Pitu_Morotai_Island;15;OTI;WAMR
5837;Otjiwarongo;Namibia;Otjiwarongo;;OTJ;FYOJ
5838;Boutilimit;Mauritania;Boutilimit;37;OTL;GQNB
5839;Industrial;United_States;Ottumwa;258;OTM;KOTM
5840;Green;United_States;Oaktown;130;OTN;KOTN
5841;Vor;United_States;Otto;;OTO;LPOT
5842;Henri_Coanda_International;Romania;Bucharest;96;OTP;LROP
5843;Coto_47;Costa_Rica;Coto_47;8;OTR;MRCC
5844;Anacortes;United_States;Anacortes;75;OTS;
5845;Otu;Colombia;Otu;628;OTU;SKOT
5846;Ontong_Java;Solomon_Islands;Ontong_Java;;OTV;
5847;Oria;Papua_New_Guinea;Oria;183;OTY;
5848;Kotzebue;United_States;Kotzebue;4;OTZ;PAOT
5849;Ouagadougou;Burkina_Faso;Ouagadougou;316;OUA;DFFD
5850;Les_Angades;Morocco;Oujda;468;OUD;GMFO
5851;Ouesso;Congo;Ouesso;353;OUE;FCOU
5852;Ouahigouya;Burkina_Faso;Ouahigouya;337;OUG;DFCC
5853;Oudtshoorn;South_Africa;Oudtshoorn;324;OUH;FAOH
5854;Ban_Houei;Laos;Ban_Houei;42;OUI;LFEC
5855;Outer_Skerries;United_Kingdom;Outer_Skerries;;OUK;
5856;Oulu;Finland;Oulu;14;OUL;EFOU
5857;Oum_Hadjer;Chad;Oum_Hadjer;391;OUM;
5858;Max_Westheimer;United_States;Norman;360;OUN;KOUN
5859;Batouri;Cameroon;Batouri;656;OUR;FKKI
5860;Ourinhos;Brazil;Ourinhos;467;OUS;SDOU
5861;Bousso;Chad;Bousso;335;OUT;FTTS
5862;Ouanga;Gabon;Ouanga;10;OUU;
5863;Zouerate;Mauritania;Zouerate;344;OUZ;GQPZ
5864;Bekily;Madagascar;Bekily;387;OVA;FMSL
5865;Tolmachevo;Russian_Federation;Novosibirsk;111;OVB;UNNT
5866;Asturias;Spain;Oviedo/Aviles;127;OVD;LEAS
5867;Oroville;United_States;Oroville;59;OVE;KOVE
5868;Overberg_(FAOB);Belgium;Overberg;;OVG;SBOI
5869;Ovalle;Chile;Ovalle;305;OVL;SCOV
5870;Olavarria;Argentina;Olavarria;;OVR;LPOV
5871;Owatonna;United_States;Owatonna;349;OWA;KOWA
5872;Daviess_County;United_States;Owensboro;124;OWB;KOWB
5873;Memorial;United_States;Norwood;15;OWD;KOWD
5874;Owendo;Gabon;Owendo;;OWE;
5875;Central_Maine_Airport_of_Norridgewock;United_States;Norridgewock;82;OWK;KOWK
5876;Osvaldo_Vieira_International;Guinea-Bissau;Bissau;39;OXB;GGOV
5877;Waterbury-oxford;United_States;Oxford_CT;221;OXC;KOXC
5878;Miami_University;Canada;Oxford;317;OXD;KOXD
5879;Oxford_(Kidlington);United_Kingdom;Oxford;82;OXF;EGTK
5880;Orientos;Australia;Orientos;104;OXO;
5881;Ventura;United_States;Ventura;14;OXR;KOXR
5882;Morney;Australia;Morney;104;OXY;YMNY
5883;Goya;Argentina;Goya;38;OYA;SATG
5884;Oyem;Gabon;Oyem;658;OYE;FOGO
5885;Moyo;Uganda;Moyo;975;OYG;
5886;Oiapoque;Brazil;Oiapoque;19;OYK;SBOI
5887;Moyale;Ethiopia;Moyale;850;OYL;HKMY
5888;Ouyen;Australia;Ouyen;;OYN;YOUY
5889;Tres_Arroyos;Argentina;Tres_Arroyos;122;OYO;SAZH
5890;St-Georges_de_lOyapock;French_Guiana;St_Georges_de_lOyapock;14;OYP;SOOG
5891;Yosemite_Ntl_Park;United_States;Yosemite_Ntl_Park;;OYS;
5892;Ozona_Municipal;United_States;Ozona;726;OZA;KOZA
5893;Labo;Philippines;Ozamis_City;23;OZC;RPMO
5894;Zaporozhye;Ukraine;Zaporozhye;114;OZH;UKDE
5895;Bobadilla;El_Salvador;Bobadilla;;OZI;EGXU
5896;Moron;Spain;Moron;87;OZP;LEMO
5897;Cairns_AAF;United_States;Ozark;92;OZR;KOZR
5898;Montilla;Panama;Montilla;;OZU;EGXU
5899;Ouarzazate;Morocco;Ouarzazate;1153;OZZ;GMMZ
5900;Pa-an;Myanmar;Pa-an;46;PAA;VYPA
5901;Bilaspur;India;Bilaspur;274;PAB;VEBU
5902;Paitilla-Marcos_A._Gelabert;Panama;Panama_City;9;PAC;MPMG
5903;Paderborn/lippstadt;Germany;Paderborn;213;PAD;EDLP
5904;Snohomish_County;United_States;Everett;185;PAE;KPAE
5905;Pakuba;Uganda;Pakuba;;PAF;HUPA
5906;Pagadian;Philippines;Pagadian;2;PAG;RPMP
5907;Barkley_Regional;United_States;Paducah_KY;125;PAH;KPAH
5908;Pailin;Cambodia;Pailin;190;PAI;
5909;Para_Chinar;Pakistan;Para_Chinar;1768;PAJ;OPPC
5910;Port_Allen;United_States;Hanapepe;7;PAK;PHPA
5911;Palanquero;Colombia;Palanquero;173;PAL;SKPQ
5912;Tyndall_AFB;Panama;Panama_City;5;PAM;KPAM
5913;Pattani;Thailand;Pattani;2;PAN;VTSK
5914;Palo_Alto;United_States;Palo_Alto;1;PAO;KPAO
5915;Toussaint_Louverture_International;Haiti;Port_Au_Prince;37;PAP;MTPP
5916;Municipal;United_States;Palmer;74;PAQ;PAAQ
5917;Paros;Greece;Paros;37;PAS;LGPA
5918;Patna;India;Patna;52;PAT;VEPT
5919;Pauk;Myanmar;Pauk;76;PAU;VYPK
5920;Paulo_Afonso;Brazil;Paulo_Afonso;269;PAV;SBUF
5921;Pambwa;Papua_New_Guinea;Pambwa;2;PAW;LFDJ
5922;Port_De_Paix;Haiti;Port_De_Paix;3;PAX;MTPX
5923;Pamol;Malaysia;Pamol;4;PAY;WBKP
5924;Tajin;Mexico;Poza_Rica;151;PAZ;MMPA
5925;Point_Barrow;United_States;Barrow;3;PBA;WASO
5926;Paranaiba;Brazil;Paranaiba;441;PBB;SSPN
5927;Hermanos_Serdan_International;Mexico;Puebla_Atlixco;2244;PBC;MMPB
5928;Porbandar;India;Porbandar;7;PBD;VAPR
5929;Puerto_Berrio;Colombia;Puerto_Berrio;136;PBE;SKPR
5930;Grider_Field;United_States;Pine_Bluff;63;PBF;KPBF
5931;Plattsburgh_International;United_States;Plattsburgh;71;PBG;KPBG
5932;Paro;Bhutan;Paro;2235;PBH;VQPR
5933;Palm_Beach_International;United_States;West_Palm_Beach;6;PBI;KPBI
5934;Paama;New_Caledonia;Paama;;PBJ;NVSI
5935;Pack_Creek;United_States;Pack_Creek;;PBK;UHMP
5936;Puerto_Cabello;Venezuela;Puerto_Cabello;10;PBL;SVPC
5937;Zanderij_Intl;Suriname;Paramaribo;18;PBM;SMJP
5938;Porto_Amboim;Angola;Porto_Amboim;5;PBN;FNPA
5939;Paraburdoo;Australia;Paraburdoo;429;PBO;YPBO
5940;Punta_Islita;Costa_Rica;Punta_Islita;;PBP;MRIA
5941;Pimenta_Bueno;Brazil;Pimenta_Bueno;208;PBQ;SWPM
5942;Puerto_Barrios;Guatemala;Puerto_Barrios;10;PBR;MGPB
5943;Patong_Beach;Thailand;Patong_Beach;;PBS;
5944;Puerto_Leda;Paraguay;Puerto_Leda;;PBT;NTAA
5945;Putao;Myanmar;Putao;457;PBU;VYPT
5946;Porto_Dos_Gauchos;Brazil;Porto_Dos_Gauchos;38;PBV;PAPB
5947;Palibelo;Ghana;Palibelo;;PBW;
5948;Porto_Alegre_Do_Norte;Brazil;Porto_Alegre_Do_Norte;449;PBX;KPBX
5949;Hamilton/Proserpine;Australia;Peppers_Palm_Bay;;PBY;KHBG
5950;Plettenberg_Bay;South_Africa;Plettenberg_Bay;142;PBZ;FAPG
5951;Portage_Creek;United_States;Portage_Creek;42;PCA;PAOC
5952;Pondok_Cabe;Indonesia;Jakarta;61;PCB;WIHP
5953;Puerto_Rico;Colombia;Puerto_Rico;299;PCC;
5954;Municipal;United_States;Prairie_Du_Chien;201;PCD;KPDC
5955;Painter_Creek;United_States;Painter_Creek;;PCE;
5956;Paso_Caballos;Guatemala;Paso_Caballos;61;PCG;
5957;Palacios;Honduras;Palacios;501;PCH;
5958;Puerto_La_Victoria;Paraguay;Puerto_La_Victoria;;PCJ;SCIP
5959;Porcupine_Creek;United_States;Porcupine_Creek;335;PCK;KPCK
5960;Captain_Rolden_International_Airport;Peru;Pucallpa;156;PCL;SPCL
5961;Playa_Del_Carmen;Mexico;Playa_Del_Carmen;;PCM;
5962;Koromiko;New_Zealand;Picton;43;PCN;NZPN
5963;Punta_Colorada;Mexico;Punta_Colorada;30;PCO;MMPL
5964;Principe;Sao_Tome_and_Principe;Principe;180;PCP;FPPR
5965;Bounneua;Laos;Phongsaly;;PCQ;EBPW
5966;Puerto_Carreno;Colombia;Puerto_Carreno;54;PCR;SKPC
5967;Picos;Brazil;Picos;320;PCS;SNPC
5968;Princeton;United_States;Princeton;39;PCT;KPCT
5969;Pearl_River_County;United_States;Picayune;18;PCU;SARF
5970;Punta_Chivato;Mexico;Punta_Chivato;5;PCV;
5971;Puerto_Inirida;Colombia;Puerto_Inirida;140;PDA;SKPD
5972;Pedro_Bay;United_States;Pedro_Bay;14;PDB;
5973;Mueo;New_Caledonia;Mueo;79;PDC;NWWQ
5974;Ponta_de_Ouro;Mozambique;Ponta_de_Ouro;;PDD;VNBW
5975;Pandie_Pandie;Australia;Pandie_Pandie;;PDE;YPDI
5976;Prado;Brazil;Prado;20;PDF;SNRD
5977;Minangkabau_International_Airport;Indonesia;Padang;3;PDG;WIMG
5978;Pindiu;Papua_New_Guinea;Pindiu;930;PDI;
5979;Dekalb-Peachtree;United_States;Atlanta_GA;304;PDK;KPDK
5980;Nordela;Portugal;Ponta_Delgada;79;PDL;LPPD
5981;Parndana;Australia;Parndana;;PDN;
5982;Pendopo;Indonesia;Pendopo;56;PDO;WIPQ
5983;Capitan_Corbeta_CA_Curbelo_International_Airport;Uruguay;Maldonado;29;PDP;SULS
5984;Municipal;Ethiopia;Presidente_Dutra;;PDR;
5985;Piedras_Negras;Mexico;Piedras_Negras;275;PDS;MMPG
5986;Pendleton;United_States;Pendleton;456;PDT;KPDT
5987;Paysandu;Uruguay;Paysandu;54;PDU;SUPU
5988;Plovdiv;Bulgaria;Plovdiv;182;PDV;LBPD
5989;Portland_International;United_States;Portland_Or;9;PDX;KPDX
5990;Pedernales;Venezuela;Pedernales;2;PDZ;SVPE
5991;Penneshaw;Australia;Penneshaw;;PEA;YPSH
5992;Pebane;Mozambique;Pebane;28;PEB;
5993;Pelican_SPB;United_States;Pelican;0;PEC;KPEC
5994;Pardubice;Czech_Republic;Pardubice;226;PED;LKPD
5995;Bolshoe_Savino;Russian_Federation;Perm;123;PEE;USPP
5996;Peenemuende;Germany;Peenemuende;;PEF;TUPJ
5997;Sant_Egidio;Italy;Perugia;211;PEG;LIRZ
5998;Pehuajo;Argentina;Pehuajo;85;PEH;SAZP
5999;Matecana;Colombia;Pereira;1347;PEI;SKPE
6000;Peschiei;Italy;Peschiei;;PEJ;LPBJ
6001;Beijing_Capital_Int.;China;Beijing;35;PEK;ZBAA
6002;Pelaneng;Lesotho;Pelaneng;2195;PEL;FXPG
6003;Puerto_Maldonado;Peru;Puerto_Maldonado;201;PEM;SPTU
6004;Penang_International;Malaysia;Penang;3;PEN;WMKP
6005;Peppimenarti;Australia;Peppimenarti;;PEP;
6006;Pecos_City;United_States;Pecos_City;796;PEQ;KPEQ
6007;Perth_International;Australia;Perth;20;PER;YPPH
6008;Petrozavodsk;Russian_Federation;Petrozavodsk;46;PES;ULPB
6009;Federal;Brazil;Pelotas;18;PET;SBPK
6010;Puerto_Lempira;Honduras;Puerto_Lempira;8;PEU;MHPL
6011;Peshawar;Pakistan;Peshawar;353;PEW;OPPS
6012;Pechora;Russian_Federation;Pechora;30;PEX;UUYP
6013;Penong;Australia;Penong;23;PEY;YPNG
6014;Penza;Russian_Federation;Penza;181;PEZ;UWPP
6015;Paf_Warren;United_States;Paf_Warren;;PFA;SAVJ
6016;Passo_Fundo;Brazil;Passo_Fundo;724;PFB;SBPF
6017;Pacific_City_State;United_States;Pacific_City_OH;2;PFC;KPFC
6018;Port_Frederick;United_States;Port_Frederick;;PFD;TNCE
6019;Patreksfjordur;Iceland;Patreksfjordur;3;PFJ;BIPA
6020;Bay_County;United_States;Panama_City;6;PFN;KPFN
6021;International;Cyprus;Paphos;12;PFO;LCPH
6022;Parsabad;Iran;Parsabad;77;PFQ;OITP
6023;Ilebo;Democratic_Republic_Of_Congo;Ilebo;442;PFR;FZVS
6024;Page;United_States;Page;1316;PGA;KPGA
6025;Pangoa;Papua_New_Guinea;Pangoa;45;PGB;
6026;Grant_County;United_States;Petersburg;294;PGC;
6027;Charlotte_County;United_States;Punta_Gorda;8;PGD;KPGD
6028;Yegepa;Papua_New_Guinea;Yegepa;1250;PGE;
6029;Llabanere;France;Perpignan;44;PGF;LFMP
6030;Progresso;Brazil;Sao_Paulo;;PGG;
6031;Pantnagar;India;Pantnagar;234;PGH;VIPT
6032;Chitato;Angola;Chitato;762;PGI;FNCH
6033;Pangkalpinang;Indonesia;Pangkalpinang;33;PGK;WIPK
6034;Jackson_County;United_States;Pascagoula;5;PGL;KPQL
6035;Port_Graham;United_States;Port_Graham;28;PGM;KPGM
6036;Pangia;Papua_New_Guinea;Pangia;1585;PGN;
6037;Stevens_Field;China;Pagosa_Springs;2336;PGO;KPSO
6038;Porto_Alegre;Sao_Tome_and_Principe;Porto_Alegre;10;PGP;FPPA
6039;Municipal;United_States;Paragould;88;PGR;KPGR
6040;Peach_Springs;United_States;Peach_Springs;1642;PGS;
6041;Pitt-Greenville;United_States;Greenville;8;PGV;KPGV
6042;Bassillac;France;Perigueux;100;PGX;LFBX
6043;Phan_Rang;Vietnam;Phan_Rang;31;PHA;VVPR
6044;Santos_Dumont;Brazil;Parnaiba;5;PHB;SBPB
6045;Port_Harcourt;Nigeria;Port_Harcourt;27;PHC;DNPO
6046;Harry_Clever;United_States;New_Philadelphia;272;PHD;KPHD
6047;Port_Hedland;Australia;Port_Hedland;10;PHE;YPPD
6048;Newport_News/williamsb;United_States;Newport_News;13;PHF;KPHF
6049;Port_Harcourt_City;Nigeria;Port_Harcourt;581;PHG;KPHG
6050;Phan_Thiet;Vietnam;Phan_Thiet;62;PHH;VVPT
6051;Pinheiro;Brazil;Pinheiro;38;PHI;SNYE
6052;Port_Hunter;Australia;Port_Hunter;;PHJ;
6053;Palm_Beach_Co_Glades;United_States;Pahokee;5;PHK;KPHK
6054;Philadelphia_International;United_States;Philadelphia;11;PHL;KPHL
6055;Boeblingen;Germany;Boeblingen;;PHM;
6056;St_Clair_County_Intl;United_States;Port_Huron;198;PHN;KPHN
6057;Point_Hope;United_States;Point_Hope;4;PHO;PAPO
6058;Philip;United_States;Philip;673;PHP;KPHP
6059;Pacific_Harbor;Fiji;Pacific_Harbor;6;PHR;NFND
6060;Phitsanulok;Thailand;Phitsanulok;47;PHS;VTPP
6061;Henry_County;United_States;Paris;177;PHT;KPHT
6062;Phu_Vinh;Vietnam;Phu_Vinh;55;PHU;VVVH
6063;Cape_Town;South_Africa;Phalaborwa;436;PHW;FAPH
6064;Sky_Harbor_Intl;United_States;Phoenix;346;PHX;KPHX
6065;Phetchabun;Thailand;Phetchabun;137;PHY;VTPB
6066;Phi_Phi_Island;Thailand;Phi_Phi_Island;;PHZ;
6067;Greater_Peoria;United_States;Peoria_IL;201;PIA;KPIA
6068;Hattiesburg-Laurel_Regional;United_States;Hattiesburg/Laurel_MS;91;PIB;KPIB
6069;Pine_Cay;Turks_and_Caicos_Islands;Pine_Cay;1;PIC;MBPI
6070;Paradise_Island;Bahamas;Nassau;;PID;MYPI
6071;St._Petersburg-Clearwater_International;United_States;Clearwater;3;PIE;KPIE
6072;Pingtung;China;Pingtung;30;PIF;RCSQ
6073;Pitinga;Brazil;Pitinga;;PIG;
6074;Pocatello;United_States;Pocatello;1357;PIH;KPIH
6075;Phillips_Field;United_States;Fairbanks;132;PII;
6076;Prestwick;United_Kingdom;Prestwick_South_Ayrshire;20;PIK;EGPK
6077;Pilar;Paraguay;Pilar;76;PIL;SGPI
6078;Garden_Harris_County;United_States;Pine_Mountain;275;PIM;KPIM
6079;Parintins;Brazil;Parintins;27;PIN;SWPI
6080;Pisco;Peru;Pisco;12;PIO;SPSO
6081;Pilot_Point;United_States;Pilot_Point;17;PIP;PAPN
6082;Pipillipai;Guyana;Pipillipai;;PIQ;SYPL
6083;Pierre;United_States;Pierre;532;PIR;KPIR
6084;Biard;France;Poitiers;129;PIS;LFBI
6085;Piura;Peru;Piura;37;PIU;SPUR
6086;Pirapora;Brazil;Pirapora;551;PIV;SNPX
6087;Pikwitonei;Canada;Pikwitonei;192;PIW;CZMN
6088;Pico_Island;Portugal;Pico_Island;33;PIX;LPPI
6089;Point_Lay_LRRS_Airport;United_States;Point_Lay;7;PIZ;PPIZ
6090;Pajala;Finland;Pajala;165;PJA;ESUP
6091;Payson;United_States;Payson;1572;PJB;KPAN
6092;Pedro_Juan_Caballero;Paraguay;Pedro_Juan_Caballero;660;PJC;SGPJ
6093;Panjgur;Pakistan;Panjgur;1002;PJG;OPPG
6094;Puerto_Jimenez;Costa_Rica;Puerto_Jimenez;2;PJM;MRPJ
6095;Port_San_Juan;United_States;Port_San_Juan;;PJS;LEMG
6096;Puerto_Vallarta;Mexico;Puerto_Juarez;9;PJZ;
6097;SPB;United_States;Napaskiak;7;PKA;PAPK
6098;Wood_County;United_States;Parkersburg;262;PKB;KPKB
6099;Yelizovo;Russian_Federation;Petropavlovsk-Kamchats;40;PKC;UHPP
6100;Park_Rapids;United_States;Park_Rapids;440;PKD;KPKD
6101;Parkes;Australia;Parkes;326;PKE;YPKS
6102;Park_Falls;United_States;Park_Falls;457;PKF;KPKF
6103;Pangkor_Airport;Malaysia;Pangkor;6;PKG;WMPA
6104;Alexion;Greece;Porto_Kheli;21;PKH;LGHL
6105;Playa_Grande;Guatemala;Playa_Grande;;PKJ;
6106;Pakokku;Myanmar;Pakokku;46;PKK;VYPU
6107;Pakatoa_Island;New_Zealand;Pakatoa_Island;0;PKL;
6108;Port_Kaituma;Guyana;Port_Kaituma;;PKM;
6109;Pangkalanbuun;Indonesia;Pangkalanbuun;23;PKN;WAOI
6110;Parakou;Benin;Parakou;386;PKO;DBBP
6111;Puka_Puka;French_Polynesia;Puka_Puka;2;PKP;NTGP
6112;Pokhara;Nepal;Pokhara;827;PKR;VNPK
6113;Paksane;Thailand;Paksane;;PKS;VLPS
6114;Port_Keats;Australia;Port_Keats;28;PKT;YPKT
6115;Sultan_Syarif_Kasim_Ii;Indonesia;Pekanbaru;31;PKU;WIBB
6116;Pskov;Russian_Federation;Pskov;47;PKV;ULOO
6117;Selebi-Phikwe;Botswana;Selebi-Phikwe;892;PKW;FBSP
6118;Palangkaraya;Indonesia;Palangkaraya;25;PKY;WAOP
6119;Pakse;Laos;Pakse;107;PKZ;VLPS
6120;Planadas;Colombia;Planadas;1097;PLA;
6121;Clinton_County;United_States;Plattsburgh;113;PLB;KPLB
6122;Planeta_Rica;Colombia;Planeta_Rica;81;PLC;
6123;Playa_Samara;Costa_Rica;Playa_Samara;;PLD;MRSR
6124;Paiela;Papua_New_Guinea;Paiela;;PLE;
6125;Pala;Chad;Pala;467;PLF;FTTP
6126;La_Plagne;France;La_Plagne;;PLG;
6127;Plymouth;United_Kingdom;Plymouth;145;PLH;EGHD
6128;Palm_Island;Saint_Vincent_and_the_Grenadines;Palm_Island;3;PLI;
6129;Placencia;Belize;Placencia;;PLJ;
6130;M_Graham_Clark;United_States;Branson/point_Lookout;287;PLK;KPLK
6131;Ponta_Pelada;Brazil;Ponta_Pelada;81;PLL;SBMN
6132;Mahmud_Badaruddin_Ii;Indonesia;Palembang;15;PLM;WIPP
6133;Emmet_County;United_States;Pellston;220;PLN;KPLN
6134;Port_Lincoln;Australia;Port_Lincoln;11;PLO;YPLC
6135;La_Palma;Panama;La_Palma;9;PLP;MPLP
6136;Palanga_International;Lithuania;Klaipeda/Palanga;10;PLQ;EYPA
6137;St_Clair_County;United_States;Pell_City;148;PLR;KPLR
6138;International;Turks_and_Caicos_Islands;Providenciales;6;PLS;MBPV
6139;Plato;Colombia;Plato;29;PLT;SKPL
6140;Pampulha;Brazil;Belo_Horizonte;789;PLU;SBBH
6141;Poltava;Ukraine;Poltava;154;PLV;UKHP
6142;Mutiara;Indonesia;Palu;87;PLW;WAML
6143;Semipalatinsk;Kazakhstan;Semipalatinsk;232;PLX;UASS
6144;Plymouth;United_States;Plymouth;244;PLY;
6145;Port_Elizabeth;South_Africa;Port_Elizabeth;69;PLZ;FAPE
6146;Wawi;Tanzania;Pemba;24;PMA;HTPE
6147;Intermediate;United_States;Pembina;242;PMB;KPMB
6148;Tepual;Chile;Puerto_Montt;90;PMC;SCTE
6149;La_Palmdale_Regional_Airport;United_States;Palmdale_Ca;775;PMD;KPMD
6150;Portsmouth;United_Kingdom;Portsmouth;4;PME;EGVF
6151;Giuseppe_Verdi;Italy;Parma;49;PMF;LIMP
6152;International;Brazil;Ponta_Pora;657;PMG;SBPP
6153;Greater_Portsmouth_Regional;United_States;Portsmouth_OH;202;PMH;KPMH
6154;Son_Sant_Joan_Airport;Spain;Palma_Mallorca;8;PMI;LEPA
6155;Palm_Island;Australia;Palm_Island;9;PMK;YPAM
6156;AFS;United_States;Port_Moller;6;PML;PAAL
6157;Phanom_Sarakham;Thailand;Phanom_Sarakham;46;PMM;
6158;Pumani;Papua_New_Guinea;Pumani;137;PMN;
6159;Punta_Raisi;Italy;Palermo;20;PMO;LICJ
6160;Pimaga;Papua_New_Guinea;Pimaga;792;PMP;
6161;Perito_Moreno;Argentina;Perito_Moreno;430;PMQ;SAWP
6162;Palmerston_North;New_Zealand;Palmerston_North;46;PMR;NZPM
6163;Palmyra;Syria;Palmyra;403;PMS;OSPR
6164;Paramakotoi;Guyana;Paramakotoi;853;PMT;SYPM
6165;SPB;United_States;Paimiut;10;PMU;VABB
6166;Del_Caribe_International_(Gen._Santiago_Marino);Venezuela;Porlamar;23;PMV;SVMG
6167;Palmas;Brazil;Palmas;236;PMW;SBPJ
6168;Metropolitan;United_States;Palmer;127;PMX;
6169;El_Tehuelche;Argentina;Puerto_Madryn;130;PMY;SAVY
6170;Palmar_Sur;Costa_Rica;Palmar;15;PMZ;MRPM
6171;Pamplona;Spain;Pamplona;458;PNA;LEPP
6172;Porto_Nacional;Brazil;Porto_Nacional;265;PNB;SBPN
6173;Ponca_City;United_States;Ponca_City;307;PNC;KPNC
6174;Punta_Gorda;Belize;Punta_Gorda;18;PND;
6175;North_Philadelphia;United_States;Philadelphia;37;PNE;KPNE
6176;Municipal;Brazil;Paranagua;5;PNG;SSPG
6177;Phnom_Penh_International;Cambodia;Phnom_Penh;12;PNH;VDPP
6178;Pohnpei;Federated_States_of_Micronesia;Pohnpei;2;PNI;PTPN
6179;Peng_Lai/Sha_He_Kou;China;Peng_Lai;;PNJ;LQBK
6180;Supadio;Indonesia;Pontianak;3;PNK;WIOO
6181;Pantelleria;Italy;Pantelleria;194;PNL;LICG
6182;Princeton;United_States;Princeton;81;PNN;KPNN
6183;Pinotepa_Nacional;Mexico;Pinotepa_Nacional;107;PNO;VAPO
6184;Girua;Papua_New_Guinea;Popondetta;95;PNP;AYGR
6185;Lohegaon;India;Pune;592;PNQ;VAPO
6186;Pointe_Noire;Congo;Pointe_Noire;17;PNR;FCPP
6187;Regional;United_States;Pensacola;37;PNS;KPNS
6188;Teniente_J._Gallardo;Chile;Puerto_Natales;66;PNT;SCNT
6189;Panguitch;United_States;Panguitch;2061;PNU;
6190;Panevezys;Lithuania;Panevezys;60;PNV;EYPP
6191;Grayson_County;United_States;Sherman-Denison;228;PNX;KGYI
6192;Pondicherry;India;Pondicherry;36;PNY;VOPC
6193;Internacional;Brazil;Petrolina;385;PNZ;SBPL
6194;Salgado_Filho;Brazil;Porto_Alegre;3;POA;SBPA
6195;Pope_AFB;United_States;Fayetteville_NC;66;POB;KPOB
6196;Brackett_Field;United_States;La_Verne;308;POC;KPOC
6197;Podor;Senegal;Podor;6;POD;GOSP
6198;Polk_AAF;United_States;Fort_Polk;101;POE;KPOE
6199;Earl_Fields_Memorial;United_States;Poplar_Bluff;101;POF;KPOF
6200;Port_Gentil;Gabon;Port_Gentil;4;POG;FOOG
6201;Municipal;United_States;Pocahontas;374;POH;KPOH
6202;Potosi;Bolivia;Potosi;3936;POI;SLPO
6203;Patos_De_Minas;Albania;Patos_De_Minas;;POJ;MRED
6204;Porto_Amelia;Mozambique;Pemba;101;POL;FQPB
6205;Jackson_Fld;Papua_New_Guinea;Port_Moresby;45;POM;AYPY
6206;Poptun;Guatemala;Poptun;549;PON;MGPP
6207;Pocos_De_Caldas;Brazil;Pocos_De_Caldas;1260;POO;SBPC
6208;La_Union;Dominican_Republic;Puerto_Plata;5;POP;MDPP
6209;Polk_Inlet;United_States;Polk_Inlet;;POQ;MRED
6210;Pori;Finland;Pori;13;POR;EFPO
6211;Piarco_International;Trinidad_And_Tobago;Port_Of_Spain;18;POS;TTPP
6212;Ken_Jones;Jamaica;Port_Antonio;6;POT;MKKJ
6213;Dutchess_County;United_States;Poughkeepsie;50;POU;KPOU
6214;Presov;Slovakia;Presov;321;POV;LZPW
6215;Portoroz;Slovenia;Portoroz;2;POW;LJPZ
6216;Paris_Cergy_Pontoise;France;Paris;99;POX;LFPT
6217;Powell;United_States;Powell;1552;POY;KPOY
6218;Lawica;Poland;Poznan;94;POZ;EPPO
6219;Perry_Lefors_Field;United_States;Pampa;989;PPA;KPPA
6220;Adhemar_De_Barros;Brazil;Presidente_Prudente;450;PPB;SBDN
6221;Prospect_Creek;United_States;Prospect_Creek;334;PPC;PAPR
6222;Palmas_Del_Mar;Puerto_Rico;Humacao;;PPD;
6223;Puerto_Penasco;Mexico;Puerto_Penasco;9;PPE;MMPE
6224;Tri-City;United_States;Parsons;274;PPF;KPPF
6225;International;American_Samoa;Pago_Pago;10;PPG;NSTU
6226;Peraitepuy;Venezuela;Peraitepuy;853;PPH;
6227;Port_Pirie;Australia;Port_Pirie;12;PPI;YPIR
6228;Pulau_Panjang;Indonesia;Pulau_Panjang;3;PPJ;WIIG
6229;Petropavlovsk;Kazakhstan;Petropavlovsk;126;PPK;UACP
6230;Phaplu;Nepal;Phaplu;2413;PPL;VNPL
6231;Pompano_Beach;United_States;Pompano_Beach;6;PPM;KPMP
6232;Machangara;Colombia;Popayan;1733;PPN;SKPP
6233;Powell_Point;Bahamas;Powell_Point;;PPO;
6234;Whitsunday_Coast;Australia;Proserpine;25;PPP;YBPN
6235;Paraparaumu;New_Zealand;Paraparaumu;7;PPQ;NZPP
6236;Pasir_Pangarayan;Indonesia;Pasir_Pangarayan;46;PPR;WIDE
6237;Puerto_Princesa;Philippines;Puerto_Princesa;22;PPS;RPVP
6238;"Faa&#039;a";French_Polynesia;Papeete;2;PPT;NTAA
6239;Papun;Myanmar;Papun;91;PPU;VBPP
6240;Port_Protection;United_States;Port_Protection;0;PPV;
6241;Papa_Westray;United_Kingdom;Papa_Westray;28;PPW;EGEP
6242;Param;Papua_New_Guinea;Param;1402;PPX;
6243;Pouso_Alegre;Brazil;Pouso_Alegre;885;PPY;SNZA
6244;Puerto_Paez;Venezuela;Puerto_Paez;75;PPZ;
6245;Duong_Dong;Vietnam;Phu_Quoc;7;PQC;YYPQ
6246;Municipal;United_States;Presque_Isle;163;PQI;KPQI
6247;Palenque;Mexico;Palenque;61;PQM;MMPQ
6248;Port_Macquarie;Australia;Port_Macquarie;4;PQQ;YPMQ
6249;Pilot_Station;United_States;Pilot_Station;93;PQS;
6250;Heliport;Greenland;Qeqertaq;;PQT;SKBO
6251;Parana;Argentina;Parana;74;PRA;SAAP
6252;Paso_Robles;United_States;Paso_Robles;256;PRB;KPRB
6253;Prescott;United_States;Prescott;1538;PRC;KPRC
6254;Pardoo;Australia;Pardoo;5;PRD;YPDO
6255;Pore;Colombia;Pore;297;PRE;
6256;Port_Johnson;United_States;Port_Johnson;;PRF;KPVU
6257;Ruzyne;Czech_Republic;Prague;380;PRG;LKPR
6258;Phrae;Thailand;Phrae;164;PRH;VTCP
6259;Praslin_Island;Seychelles;Praslin_Island;3;PRI;FSPP
6260;Capri;Italy;Capri;156;PRJ;LIQC
6261;Prieska;South_Africa;Prieska;945;PRK;FAPK
6262;Port_Oceanic;United_States;Port_Oceanic;;PRL;TGPG
6263;Portimao;Portugal;Portimao;2;PRM;LPPM
6264;Prishtina_International_Airport;Serbia;Prishtina;545;PRN;BKPR
6265;Municipal;Haiti;Perry;309;PRO;KPRO
6266;Propriano;France;Propriano;4;PRP;LFKO
6267;Pres._Roque_Saenz_Pena;Argentina;Pres._Roque_Saenz_Pena;94;PRQ;SARS
6268;Paruima;Guyana;Paruima;914;PRR;SYPR
6269;Parasi;Solomon_Islands;Parasi;30;PRS;AGGP
6270;Coast_Guard_Heliport;United_States;Point_Retreat;;PRT;LZKS
6271;Prome;Myanmar;Prome;37;PRU;VYPY
6272;Prerov;Czech_Republic;Prerov;206;PRV;LKPO
6273;Prentice;United_States;Prentice;481;PRW;
6274;Cox_Field;United_States;Paris;167;PRX;KPRX
6275;Wonderboom_Apt.;South_Africa;Pretoria;1248;PRY;FAWB
6276;Prineville;United_States;Prineville;991;PRZ;KPRZ
6277;Galileo_Galilei;Italy;Pisa;2;PSA;LIRP
6278;Bellefonte;United_States;Bellefonte;594;PSB;KPSB
6279;Tri-cities;United_States;Pasco_WA;125;PSC;KPSC
6280;Port_Said;Egypt;Port_Said;2;PSD;HEPS
6281;Mercedita;Puerto_Rico;Ponce;9;PSE;TJPS
6282;Pittsfield;United_States;Pittsfield;364;PSF;KPSF
6283;Petersburg_James_A_Johnson;United_States;Petersburg_AK;34;PSG;PAPG
6284;St_Peter;Germany;St_Peter;2;PSH;EDXO
6285;Pasni;Pakistan;Pasni;10;PSI;OPPI
6286;Poso;Indonesia;Poso;53;PSJ;WAMP
6287;New_River_Valley;United_States;Dublin;642;PSK;KPSK
6288;Perth;United_Kingdom;Perth;121;PSL;EGPT
6289;Palestine_Municipal_Airport;United_States;Palestine_TX;129;PSN;KPSN
6290;Cano;Colombia;Pasto;1814;PSO;SKPS
6291;Municipal;United_States;Palm_Springs;145;PSP;KPSP
6292;SPB;Egypt;Philadelphia;0;PSQ;KPSQ
6293;Liberi;Italy;Pescara;15;PSR;LIBP
6294;Posadas;Argentina;Posadas;131;PSS;SARP
6295;Preston;Cuba;Preston;20;PST;
6296;Putussibau;Indonesia;Putussibau;91;PSU;WIOP
6297;Papa_Stour;United_Kingdom;Papa_Stour;;PSV;
6298;Passos;Brazil;Passos;822;PSW;SNOS
6299;Palacios;United_States;Palacios;4;PSX;KPSX
6300;Port_Stanley;Falkland_Islands;Port_Stanley;23;PSY;SFAL
6301;Puerto_Suarez;Bolivia;Puerto_Suarez;134;PSZ;SLPS
6302;Port_Alsworth;United_States;Port_Alsworth;85;PTA;PALJ
6303;Municipal;United_States;Petersburg;59;PTB;KPTB
6304;Port_Alice;United_States;Port_Alice;0;PTC;
6305;Port_Alexander;United_States;Port_Alexander;0;PTD;PAAP
6306;Port_Stephens;Australia;Port_Stephens;;PTE;
6307;Malololailai;Fiji;Malololailai;3;PTF;NFFO
6308;Polokwane;South_Africa;Polokwane;1242;PTG;FAPP
6309;Port_Heiden;United_States;Port_Heiden;29;PTH;PAPH
6310;Port_Douglas;Australia;Port_Douglas;;PTI;
6311;Portland;Australia;Portland;81;PTJ;YPOD
6312;Pontiac;United_States;Pontiac;299;PTK;KPTK
6313;Port_Armstrong;United_States;Port_Armstrong;;PTL;KAZO
6314;Palmarito;Venezuela;Palmarito;106;PTM;SVPT
6315;Williams_Memorial;United_States;Patterson;3;PTN;KPTN
6316;Municipal;Brazil;Pato_Branco;822;PTO;SSPB
6317;Le_Raizet;Guadeloupe;Pointe-a-pitre;11;PTP;TFFR
6318;Porto_de_Moz;Brazil;Porto_de_Moz;16;PTQ;SNMZ
6319;Pleasant_Harbour;United_States;Pleasant_Harbour;;PTR;TFFR
6320;Municipal;United_States;Pittsburg;290;PTS;KPTS
6321;Pratt;United_States;Pratt;595;PTT;KPTT
6322;Platinum;United_States;Platinum;5;PTU;PAPM
6323;Porterville;United_States;Porterville;135;PTV;KPTV
6324;Pottstown/Limerick;United_States;Pottstown;94;PTW;KPTW
6325;Pitalito;Colombia;Pitalito;1284;PTX;SKPI
6326;Tocumen_International;Panama;Panama_City;41;PTY;MPTO
6327;Pastaza;Ecuador;Pastaza;1056;PTZ;SESM
6328;Puas;Papua_New_Guinea;Puas;6;PUA;
6329;Memorial;United_States;Pueblo;1441;PUB;KPUB
6330;Carbon_County;United_States;Price;1816;PUC;KPUC
6331;Puerto_Deseado;Argentina;Puerto_Deseado;81;PUD;SAWD
6332;Puerto_Obaldia;Panama;Puerto_Obaldia;4;PUE;MPOA
6333;Pau-Pyrénées;France;Pau;188;PUF;LFBP
6334;Port_Augusta;Australia;Port_Augusta;17;PUG;YPAG
6335;Pochutla;Mexico;Pochutla;152;PUH;
6336;Pureni;Papua_New_Guinea;Pureni;1585;PUI;
6337;Punta_Cana_International;Dominican_Republic;Higuey;14;PUJ;MDPC
6338;Pukarua;French_Polynesia;Pukarua;2;PUK;NTGQ
6339;Poulsbo;United_States;Poulsbo;0;PUL;
6340;Pomala;Indonesia;Pomala;9;PUM;WAAP
6341;Punia;Democratic_Republic_Of_Congo;Punia;531;PUN;FZOP
6342;Prudhoe_Bay;United_States;Prudhoe_Bay;3;PUO;
6343;Po;Burkina_Faso;Po;320;PUP;DFCP
6344;Pres_Ibanez;Chile;Punta_Arenas;42;PUQ;SCCI
6345;Puerto_Rico;Bolivia;Puerto_Rico;190;PUR;SLPR
6346;Gimhae;Korea_(South);Busan;2;PUS;RKPK
6347;Puttaprathe;India;Puttaparthi;475;PUT;VOPN
6348;Puerto_Asis;Colombia;Puerto_Asis;248;PUU;SKAS
6349;Poum;New_Caledonia;Poum;2;PUV;NWWP
6350;Pullman-Moscow_Regional_Airport;United_States;Pullman;779;PUW;KPUW
6351;Puerto_Varas;Chile;Puerto_Varas;;PUX;SCPV
6352;Pula;Croatia;Pula;84;PUY;LDPL
6353;Puerto_Cabezas;Nicaragua;Puerto_Cabezas;21;PUZ;MNPC
6354;Providencia;Colombia;Providencia;3;PVA;SKPV
6355;Provincetown;United_States;Provincetown;2;PVC;KPVC
6356;T._F._Green_Airport;United_States;Providence;17;PVD;KPVD
6357;El_Porvenir;Panama;El_Porvenir;3;PVE;MPVR
6358;Placerville;United_States;Placerville;788;PVF;KPVF
6359;Pu_Dong;China;Shanghai;4;PVG;ZSPD
6360;Governador_Jorge_Teixeira;Brazil;Porto_Velho;90;PVH;SBPV
6361;Paranavaí;Brazil;Paranavai;465;PVI;SSPI
6362;Aktion;Greece;Preveza/Lefkas;3;PVK;LGPZ
6363;Pleven;Bulgaria;Pleven;;PVN;LBPL
6364;Reales_Tamarindos;Ecuador;Portoviejo;40;PVO;SEPV
6365;Licenciado_Gustavo_Díaz_Ordaz_International;Mexico;Puerto_Vallarta;7;PVR;MMPR
6366;Provideniya_Bay;Russian_Federation;Provideniya;22;PVS;UHMD
6367;Provo;United_States;Provo;1371;PVU;KPVU
6368;Hale_County;United_States;Plainview;1028;PVW;KPVW
6369;Provedenia;Russian_Federation;Provideniya;;PVX;UHMD
6370;Pope_Vanoy;United_States;Pope_Vanoy;;PVY;KBUR
6371;Casement;United_States;Painesville;209;PVZ;LFOB
6372;Wiley_Post;United_States;Oklahoma_City;396;PWA;KPWA
6373;Sherwood;United_States;Plentywood;686;PWD;KPWD
6374;Pevek;Russian_Federation;Pevek;3;PWE;UHMP
6375;Beles;Ethiopia;Pawi;;PWI;HAPW
6376;Pal-Waukee;United_States;Chicago;197;PWK;KPWK
6377;Purwokerto;Indonesia;Purwokerto;50;PWL;
6378;Intl_Jetport;United_States;Portland;23;PWM;KPWM
6379;Pitts_Town;Turks_and_Caicos_Islands;Pitts_Town;2;PWN;MYCP
6380;Pweto;Democratic_Republic_Of_Congo;Pweto;1044;PWO;FZQC
6381;Pavlodar;Kazakhstan;Pavlodar;125;PWQ;UASP
6382;Port_Walter;United_States;Port_Walter;0;PWR;KPWR
6383;Bremerton;United_States;Bremerton;135;PWT;KPWT
6384;Polacca;United_States;Polacca;1699;PXL;
6385;Puerto_Escondido;Mexico;Puerto_Escondido;90;PXM;MMPS
6386;Porto_Santo;Portugal;Porto_Santo;104;PXO;LPPS
6387;Surin;Thailand;Surin;146;PXR;VTUJ
6388;Puerto_De_Santa_Maria;Spain;Puerto_De_Santa_Maria;;PXS;LEMG
6389;Pleiku;Vietnam;Pleiku;742;PXU;VVPK
6390;Puerto_Boyaca;Colombia;Puerto_Boyaca;173;PYA;SKVL
6391;Jeypore;India;Jeypore;595;PYB;VEJP
6392;Playon_Chico;Panama;Playon_Chico;3;PYC;
6393;Penrhyn_Island;Cook_Islands;Penrhyn_Island;2;PYE;NCPY
6394;Puerto_Ayacucho;Venezuela;Puerto_Ayacucho;75;PYH;SVPA
6395;Polyarnyj;Russian_Federation;Polyarnyj;506;PYJ;UERP
6396;Perry_SPB;United_States;Perry_Island;0;PYL;KPYL
6397;Plymouth;United_States;Plymouth;45;PYM;KPYM
6398;Payan;Colombia;Payan;;PYN;
6399;Putumayo;Ecuador;Putumayo;185;PYO;SEPT
6400;Andravida;Greece;Pyrgos;17;PYR;LGAD
6401;Yaviza;Panama;Yaviza;6;PYV;
6402;Pattaya;Thailand;Pattaya;30;PYX;VTBF
6403;Casanare;Colombia;Paz_De_Ariporo;274;PZA;SKPZ
6404;Pietermaritzburg_Oribi;South_Africa;Pietermaritzburg;739;PZB;FAPM
6405;Penzance;United_Kingdom;Penzance;4;PZE;EGHK
6406;Zhob;Pakistan;Zhob;1441;PZH;OPZB
6407;Pan_Zhi_Hua_Bao_AnYing;China;Pan_Zhi_Hua;1976;PZI;ZUZH
6408;Puka_Puka_Is/Attol;Estonia;Puka_Puka_Is/Attol;;PZK;SCIP
6409;Zulu_Inyala;South_Africa;Phinda;;PZL;FADQ
6410;Puerto_Ordaz;Venezuela;Puerto_Ordaz;144;PZO;SVPR
6411;Port_Sudan;Sudan;Port_Sudan;41;PZU;HSPN
6412;Piestany;Slovakia;Piestany;166;PZY;LZPP
6413;Ft_Mcclellan_Bus_Trml;United_States;Anniston;;QAW;LFOP
6414;Bella_Coola;Canada;Bella_Coola_BC;36;QBC;CYBD
6415;Vail_Van_Service;United_States;Vail/Eagle;;QBF;KQBF
6416;Van_Service;France;Copper_Mountain;;QCE;YYPQ
6417;Heliport;Greenland;Akunnaaq;;QCU;SASQ
6418;Shek_Mum;Hong_Kong;Shek_Mum;;QDM;
6419;Station;Germany;Dusseldorf;;QDU;
6420;Heliport;Greenland;Iginniarfik;;QFI;BGIG
6421;Harbour;Norway;Selje;;QFK;
6422;Harbour;Norway;Maloy;;QFQ;
6423;Heliport;Greenland;Attu;;QGQ;SASQ
6424;Neu_Isenburg;Germany;Frankfurt;;QGV;
6425;Husum;Germany;Husum;;QHU;VVPC
6426;Heliport;Greenland;Kitsissuarsuit;;QJE;SASQ
6427;Heliport;Greenland;Ikamiut;;QJI;SASQ
6428;Limousine_Service;Denmark;Skagen_Z7;;QJV;
6429;Van_Service;South_Africa;Breckenridge;;QKB;KQKB
6430;Van_Service;United_States;Keystone;;QKS;KQKS
6431;Lauterach;Austria;Lauterach;;QLX;
6432;Heliport;Greenland;Niaqornaarsuk;;QMK;BGQQ
6433;Marina_Di_Massa;Italy;Marina_Di_Massa;;QMM;
6434;Murzuq;Libya;Murzuq;;QMQ;BGQQ
6435;Montvale;France;Montvale;;QMV;
6436;Marine_Air_Terminal;Colombia;New_York;0;QNY;KQNY
6437;Paya_Lebar;Singapore;Singapore;20;QPG;WSAP
6438;Heliport;Greenland;Kangaatsiaq;;QPW;BGKA
6439;London_St._Pancras;United_Kingdom;Britrail_Rail_Zone_S;;QQS;
6440;London-Waterloo;United_Kingdom;London;;QQW;
6441;Rand/Germiston;South_Africa;Johannesburg;1671;QRA;FAGM
6442;Queretaro;Mexico;Queretaro;1919;QRO;MMQT
6443;Warri;Nigeria;Warri;;QRW;
6444;Heliport;Canada;Ikerasaarsuk;;QRY;HEEM
6445;Setif;Algeria;Setif;1015;QSF;DAAS
6446;Sonderborg;Denmark;Sonderborg;;QSG;
6447;Ubari;Libya;Ubari;423;QUB;
6448;Pirita_Harbour;Estonia;Tallinn;;QUF;
6449;Heliport;Greenland;Saqqaq;;QUP;BGSQ
6450;Victoria_Island;Nigeria;Victoria_Island;;QVL;
6451;Fort_Collins_Bus_Servi;Haiti;Fort_Collins/Loveland;;QWF;
6452;Wilgrove_Air_Park;Haiti;Charlotte;244;QWG;SASQ
6453;Van_Service;Benin;Winter_Park;;QWP;KQWP
6454;Vieux_Port;France;Cannes;;QYW;VVPC
6455;Rakanda;Papua_New_Guinea;Rakanda;2;RAA;
6456;Tokua;Papua_New_Guinea;Rabaul;10;RAB;AYTK
6457;Horlick;United_States;Racine;205;RAC;KRAC
6458;Road_Town;British_Virgin_Islands;Tortola;;RAD;ESFR
6459;Arar;Saudi_Arabia;Arar;554;RAE;OERR
6460;Raglan;New_Zealand;Raglan;4;RAG;NZRA
6461;Rafha;Saudi_Arabia;Rafha;449;RAH;OERF
6462;Francisco_Mendes;Cape_Verde;Praia;70;RAI;GVNP
6463;Civil;India;Rajkot;134;RAJ;VARK
6464;Menara;Morocco;Marrakech;471;RAK;GMMX
6465;Riverside_Municipal;United_States;Riverside;250;RAL;KRAL
6466;Ramingining;Australia;Ramingining;63;RAM;YRNG
6467;La_Spreta;Italy;Ravenna;0;RAN;LIDR
6468;Leite_Lopes;Brazil;Ribeirao_Preto;549;RAO;SBRP
6469;Regional;United_States;Rapid_City;977;RAP;KRAP
6470;Sugimanuru;Indonesia;Raha;4;RAQ;WAWR
6471;Rarotonga;Cook_Islands;Rarotonga;6;RAR;NCRG
6472;Rasht;Iran;Rasht;;RAS;OIGG
6473;Raduzhnyi;Russian_Federation;Raduzhnyi;76;RAT;USNR
6474;Rangpur;Bangladesh;Rangpur;33;RAU;VGRG
6475;Cravo_Norte;Colombia;Cravo_Norte;104;RAV;SKCN
6476;Arawa;Papua_New_Guinea;Arawa;4;RAW;
6477;Oram;Papua_New_Guinea;Oram;1097;RAX;
6478;Heliport;United_Kingdom;Rothesay;;RAY;
6479;Rawala_Kot;Pakistan;Rawala_Kot;1670;RAZ;OPRT
6480;Sale;Morocco;Rabat;84;RBA;GMME
6481;Borba;Brazil;Borba;90;RBB;SWBR
6482;Robinvale;Australia;Robinvale;86;RBC;YROI
6483;Redbird;United_States;Dallas;201;RBD;KRBD
6484;Ratanakiri;Cambodia;Ratanakiri;;RBE;KRBE
6485;Big_Bear_City_Arpt;United_States;Big_Bear;2058;RBF;
6486;Municipal;United_States;Roseburg;161;RBG;KRBG
6487;Brooks_Lodge;United_States;Brooks_Lodge;;RBH;EGPH
6488;Rabi;Fiji;Rabi;;RBI;NFFR
6489;Rebun;Japan;Rebun;27;RBJ;RJCR
6490;French_Valley;Bolivia;Rancho;411;RBK;
6491;Red_Bluff_Fss;United_States;Red_Bluff;107;RBL;KRBL
6492;Wallmuhle;Germany;Straubing;321;RBM;EDMS
6493;Fort_Jefferson;Haiti;Fort_Jefferson;;RBN;KRBN
6494;Robore;Bolivia;Robore;276;RBO;SLRB
6495;Rabaraba;Papua_New_Guinea;Rabaraba;15;RBP;
6496;Rurrenabaque;Bolivia;Rurrenabaque;274;RBQ;SLRQ
6497;Pres._Medici;Brazil;Rio_Branco;193;RBR;SBRB
6498;Orbost;Australia;Orbost;28;RBS;YORB
6499;Marsabit;Kenya;Marsabit;1340;RBT;HKMB
6500;Roebourne;Australia;Roebourne;8;RBU;YROE
6501;Ramata;Solomon_Islands;Ramata;;RBV;
6502;Municipal;United_States;Walterboro;31;RBW;KRBW
6503;Ruby;United_States;Ruby;201;RBY;PARY
6504;Ellsworth_Afb;United_States;Rapid_City;999;RCA;KRCA
6505;Richards_Bay;South_Africa;Richards_Bay;33;RCB;FARB
6506;Roche_Harbor;United_States;Roche_Harbor;30;RCE;
6507;Riohacha;Colombia;Riohacha;13;RCH;SKRH
6508;Coffield;United_States;Rockdale;144;RCK;KRCK
6509;Redcliffe;Vanuatu;Redcliffe;11;RCL;NVSR
6510;Richmond;Australia;Richmond;206;RCM;YRMD
6511;American_River;Australia;American_River;71;RCN;
6512;Saint_Agnant;France;Rochefort;17;RCO;LFDN
6513;Cinder_River;Angola;Cinder_River;;RCP;SBRF
6514;Reconquista;Argentina;Reconquista;49;RCQ;SATR
6515;Fulton_County;United_States;Rochester;241;RCR;KRCR
6516;Rochester;United_Kingdom;Rochester;133;RCS;EGTO
6517;Miller_Field;United_States;Reed_City;322;RCT;KRCT
6518;Rio_Cuarto;Argentina;Rio_Cuarto;421;RCU;SAOC
6519;Rum_Cay;Bahamas;Rum_Cay;5;RCY;MYRP
6520;Rockhampton_Downs;Australia;Rockhampton_Downs;225;RDA;
6521;Red_Dog;United_States;Red_Dog;295;RDB;PADG
6522;Redencao;Brazil;Redencao;204;RDC;SNDC
6523;Redding;United_States;Redding;154;RDD;KRDD
6524;Merdey;Indonesia;Merdey;133;RDE;WASM
6525;Municipal/Spaatz_Fld;United_States;Reading;105;RDG;KRDG
6526;Roberts_Field;United_States;Redmond;939;RDM;KRDM
6527;LTS_Pulau_Redang;Malaysia;Redang;3;RDN;WMPR
6528;Grand_Forks_AFB;United_States;Red_River;278;RDR;KRDR
6529;Rincon_de_los_Sauces;Tajikistan;Rincon_de_los_Sauces;600;RDS;SAHS
6530;Richard_Toll;Senegal;Richard_Toll;6;RDT;GOSR
6531;Raleigh-Durham_International_Airport;United_States;Raleigh/Durham;133;RDU;KRDU
6532;Red_Devil;United_States;Red_Devil;53;RDV;KRDV
6533;Marcillac;France;Rodez;582;RDZ;LFCR
6534;Reao;French_Polynesia;Reao;4;REA;NTGE
6535;Rechlin;Germany;Rechlin;67;REB;EDAX
6536;Guararapes_Intl;Brazil;Recife;10;REC;SBRF
6537;Mifflin_County;United_States;Reedsville;250;RED;KRVL
6538;Reese_AFB;United_States;Lubbock;;REE;LFBH
6539;Tito_Menniti;Italy;Reggio_Calabria;29;REG;LICR
6540;Rehoboth_Beach;United_States;Rehoboth_Beach;9;REH;
6541;Regina;French_Guiana;Regina;25;REI;SOOR
6542;Trelew;Argentina;Trelew;43;REL;SAVT
6543;Orenburg;Russian_Federation;Orenburg;118;REN;UWOO
6544;State;United_States;Rome;1235;REO;KREO
6545;Siem_Reap;Cambodia;Siem_Reap;18;REP;VDSR
6546;Base_Aerea_Del_Sur;Guatemala;Retalhuleu;200;RER;MGRT
6547;Resistencia;Argentina;Resistencia;53;RES;SARE
6548;Stolport;Norway;Rost;2;RET;ENRS
6549;Reus;Spain;Reus;71;REU;LERS
6550;Rewa;India;Rewa;;REW;
6551;Gen_Lucio_Blanco;Mexico;Reynosa;42;REX;MMRX
6552;Reyes;Bolivia;Reyes;285;REY;SLRY
6553;Resende;Brazil;Resende;402;REZ;SDRS
6554;Rafai;Central_African_Republic;Rafai;536;RFA;FEGR
6555;Greater_Rockford_Airport;United_States;Rockford;226;RFD;KRFD
6556;Rooke_Field;Chile;Refugio;17;RFG;KRFG
6557;Rollang_Field;Anguilla;Anguilla;32;RFK;KRFK
6558;Raufarhofn;Iceland;Raufarhofn;12;RFN;BIRG
6559;Raiatea;French_Polynesia;Raiatea;1;RFP;NTTR
6560;Rio_Frio;Costa_Rica;Rio_Frio;110;RFR;MRRF
6561;Rosita;Nicaragua;Rosita;;RFS;LIED
6562;Rio_Grande;Argentina;Rio_Grande;20;RGA;SAWE
6563;Porgera;Papua_New_Guinea;Porgera;2195;RGE;
6564;Balurghat;India;Balurghat;24;RGH;VEBG
6565;Rangiroa;French_Polynesia;Rangiroa;3;RGI;NTTG
6566;Internacional;Argentina;Rio_Gallegos;19;RGL;SAWG
6567;Mingaladon;Myanmar;Yangon;33;RGN;VYYY
6568;Ranger_Municipal;United_States;Ranger;448;RGR;
6569;Japura;Indonesia;Rengat;19;RGT;WIPR
6570;Reykholar;Iceland;Reykholar;18;RHA;BIRE
6571;Rio_Hondo;Argentina;Rio_Hondo;266;RHD;SANH
6572;Reims;France;Reims;96;RHE;LFSR
6573;Ruhengeri;Rwanda;Ruhengeri;1860;RHG;HRYU
6574;Oneida_County;United_States;Rhinelander;495;RHI;KRHI
6575;Roy_Hill;Australia;Roy_Hill;457;RHL;YRYH
6576;Rosh_Pina;Namibia;Rosh_Pina;;RHN;EDDF
6577;Diagoras;Greece;Rhodes;5;RHO;LGRP
6578;Ramechhap;Nepal;Ramechhap;474;RHP;VNRC
6579;Reid-hillview;Cuba;San_Jose;41;RHV;KRHV
6580;Base_Aerea_De_Santa_Maria;Brazil;Santa_Maria_Rs;87;RIA;SBSM
6581;Gen_Buech;Bolivia;Riberalta;141;RIB;SLRI
6582;Richmond_International_Airport;United_States;Richmond_VA;51;RIC;KRIC
6583;Richmond_Municipal_Airport;United_States;Richmond_IN;347;RID;KRID
6584;Rice_Lake;United_States;Rice_Lake;338;RIE;KRPD
6585;Reynolds;United_States;Richfield;1616;RIF;KRIF
6586;Rio_Grande;Brazil;Rio_Grande;8;RIG;SBRG
6587;Rioja;Peru;Rioja;825;RIJ;SPJA
6588;Carrillo;Costa_Rica;Carrillo;2;RIK;MRCR
6589;Garfield_County;United_States;Rifle;1688;RIL;KRIL
6590;Rodriguez_De_Mendoza;Peru;Rodriguez_De_Mendoza;1550;RIM;SPLN
6591;Ringi_Cove;Solomon_Islands;Ringi_Cove;6;RIN;AGRC
6592;Riverside_Fla-Bob;United_States;Riverside;233;RIR;KRIR
6593;Rishiri;Japan;Rishiri;34;RIS;RJER
6594;Rio_Tigre;Panama;Rio_Tigre;;RIT;
6595;March_ARB;United_States;Riverside;468;RIV;KRIV
6596;Riverton_Regional;United_States;Riverton_WY;1685;RIW;KRIW
6597;Riga;Latvia;Riga;10;RIX;EVRA
6598;Riyan_Mukalla;Yemen;Riyan_Mukalla;16;RIY;OYRN
6599;Rio_Alzucar;Panama;Rio_Alzucar;5;RIZ;
6600;Rajahmundry;India;Rajahmundry;46;RJA;VORY
6601;Rajbiraj;Nepal;Rajbiraj;76;RJB;VNRB
6602;Rajshahi;Bangladesh;Rajshahi;20;RJH;VGRJ
6603;Rajouri;India;Rajouri;914;RJI;
6604;Rijeka;Croatia;Rijeka;85;RJK;LDRI
6605;Agoncillo;Spain;Logrono;352;RJL;LELO
6606;Rafsanjan;Iran;Rafsanjan;1615;RJN;OIKR
6607;Yreka;United_States;Yreka;770;RKC;KRKC
6608;Knox_County_Regional;United_States;Rockland;17;RKD;KRKD
6609;Roskilde_Airport;Denmark;Copenhagen;45;RKE;EKRK
6610;Rock_Hill;United_States;Rock_Hill;203;RKH;KUZA
6611;Rokot;Indonesia;Rokot;;RKI;WIBR
6612;Sipora;Indonesia;Sipora;80;RKO;WIBR
6613;Aransas_County;United_States;Rockport;7;RKP;KRKP
6614;Robert_S_Kerr;United_States;Poteau;137;RKR;KRKR
6615;Sweetwater_County;United_States;Rock_Springs;2062;RKS;KRKS
6616;Ras_Al_Khaimah;United_Arab_Emirates;Ras_Al_Khaimah;31;RKT;OMRK
6617;Kairuku;Papua_New_Guinea;Yule_Island;8;RKU;
6618;Keflavik;Iceland;Reykjavik;15;RKV;BIRK
6619;Municipal;United_States;Rockwood;507;RKW;KRKW
6620;Rokeby;Australia;Rokeby;137;RKY;
6621;National;United_States;Rolla;301;RLA;
6622;Richland;United_States;Richland;120;RLD;KRLD
6623;Laage;Germany;Rostock-laage;42;RLG;ETNL
6624;Reilly_AHP;United_States;Anniston;;RLI;KRDU
6625;Valle_Del_Conlara;Argentina;Merlo;;RLO;
6626;Rosella_Plains;Australia;Rosella_Plains;607;RLP;
6627;Arlit;Niger;Arlit;428;RLT;DRZL
6628;Bornite_Upper;United_States;Bornite;191;RLU;KRDU
6629;Roma;Australia;Roma;315;RMA;YROM
6630;Buraimi;Oman;Buraimi;296;RMB;OOBR
6631;Machesney;South_Africa;Rockford;;RMC;
6632;Ramagundam;India;Ramagundam;;RMD;VORG
6633;Griffiss_AFB;United_States;Rome_NY;154;RME;KRME
6634;Marsa_Alam_Intl;Egypt;Marsa_Alam;77;RMF;HEMA
6635;Richard_B_Russell;United_States;Rome;196;RMG;KRMG
6636;Miramare;Italy;Rimini;12;RMI;LIPR
6637;Renmark;Australia;Renmark;35;RMK;YREN
6638;Rumginae;Papua_New_Guinea;Rumginae;91;RMN;
6639;Rampart;United_States;Rampart;92;RMP;KRMP
6640;Chingchuankang;Taiwan;Taichung;202;RMQ;RCMQ
6641;Ramstein;Germany;Ramstein;237;RMS;ETAR
6642;Ulawa_Airport;Madagascar;Arona;;RNA;AGAR
6643;Kallinge;Sweden;Ronneby;58;RNB;ESDF
6644;Warren_County;United_States;Mcminnville;315;RNC;KRNC
6645;Randolph_AFB;United_States;San_Antonio;232;RND;KRND
6646;Renaison;France;Roanne;337;RNE;LFLO
6647;Rangely;United_States;Rangely;1608;RNG;
6648;Municipal;United_States;New_Richmond;304;RNH;KRNH
6649;Corn_Island;Nicaragua;Corn_Island;8;RNI;MNCI
6650;Yoronjima;Japan;Yoronjima;16;RNJ;RORY
6651;Rennell;Solomon_Islands;Rennell;29;RNL;AGGR
6652;Bornholm;Denmark;Rønne;16;RNN;EKRN
6653;Rongelap_Island;Marshall_Islands;Rongelap_Island;;RNP;KRNP
6654;Robinson_River;Papua_New_Guinea;Robinson_River;24;RNR;
6655;St_Jacques;France;Rennes;38;RNS;LFRN
6656;Renton;United_States;Renton_WA;10;RNT;KRNT
6657;Ranau;Malaysia;Ranau;549;RNU;WBKR
6658;Rensselaer;United_States;Rensselaer;213;RNZ;KRZL
6659;Roanoke_Regional_Airport;United_States;Roanoke;358;ROA;KROA
6660;Roberts_Intl;Liberia;Monrovia;9;ROB;GLRB
6661;Greater_Rochester_International;United_States;Rochester_NY;170;ROC;KROC
6662;Robertson;South_Africa;Robertson;195;ROD;FARS
6663;Rogers;United_States;Rogers;414;ROG;KROG
6664;Robinhood;Australia;Robinhood;424;ROH;YROB
6665;Roi_Et_Airport;Thailand;Roi_Et;137;ROI;VTUV
6666;Rockhampton;Australia;Rockhampton;10;ROK;YBRK
6667;Roosevelt;United_States;Roosevelt;1576;ROL;KVIH
6668;Rondon;Colombia;Rondon;146;RON;
6669;Rondonopolis;Brazil;Rondonopolis;447;ROO;SWRD
6670;Rota;Northern_Mariana_Islands;Rota;185;ROP;PGRO
6671;Babelthuap/Koror;Palau;Koror;54;ROR;PTRO
6672;Fisherton;Argentina;Rosario;26;ROS;SAAR
6673;Rotorua;New_Zealand;Rotorua;285;ROT;NZRO
6674;Rousse;Bulgaria;Rousse;187;ROU;LBRS
6675;Rostov;Russian_Federation;Rostov;85;ROV;URRR
6676;Industrial;United_States;Roswell;1119;ROW;KROW
6677;Municipal;United_States;Roseau;323;ROX;KROX
6678;Rio_Mayo;Argentina;Rio_Mayo;544;ROY;SAWM
6679;Rolpa;Nepal;Rolpa;;RPA;VNRP
6680;Roper_Bar;Australia;Roper_Bar;38;RPB;YRRB
6681;Ngukurr;Australia;Ngukurr;14;RPM;YNGU
6682;Rosh_Pina;Israel;Rosh_Pina;281;RPN;LLIB
6683;Raipur;India;Raipur;317;RPR;VARP
6684;Roper_Valley;Australia;Roper_Valley;87;RPV;
6685;Roundup;United_States;Roundup;1064;RPX;KRPX
6686;Ronda;Spain;Ronda;;RRA;EDDL
6687;Marree;Australia;Marree;49;RRE;YMRE
6688;Rodrigues_Is;Mauritius;Rodrigues_Is;29;RRG;FIMR
6689;Barora;Solomon_Islands;Barora;1;RRI;
6690;Rourkela;India;Rourkela;201;RRK;VERK
6691;Municipal;Australia;Merrill;402;RRL;KRRL
6692;Marromeu;Mozambique;Marromeu;;RRM;
6693;Serra_Norte;Brazil;Serra_Norte;720;RRN;
6694;Sorrento;Italy;Naples;;RRO;
6695;Roros;Norway;Roros;626;RRS;ENRO
6696;Warroad;United_States;Warroad;328;RRT;KRAD
6697;Robinson_River;Australia;Robinson_River;41;RRV;YRBR
6698;Santa_Rosa;Argentina;Santa_Rosa;192;RSA;SAZR
6699;Roseberth;Australia;Roseberth;55;RSB;YRSB
6700;S_Eleuthera;Bahamas;Rock_Sound;3;RSD;MYER
6701;Rose_Bay;Australia;Sydney;;RSE;
6702;Serra_Pelada;Brazil;Serra_Pelada;;RSG;
6703;Russian_SPB;United_States;Russian_Mission;16;RSH;PARS
6704;Rio_Sidra;Panama;Rio_Sidra;3;RSI;
6705;Rosario_SPB;United_States;Rosario;0;RSJ;
6706;Ransiki;Indonesia;Ransiki;40;RSK;WASC
6707;Russell;United_States;Russell;568;RSL;KRSL
6708;Ruston;United_States;Ruston;95;RSN;KRSN
6709;Raspberry_Strait;United_States;Raspberry_Strait;;RSP;WSAC
6710;Roseires;Sudan;Roseires;478;RSS;
6711;International;United_States;Rochester;401;RST;KRST
6712;Yeosu;Korea_(South);Yeosu;16;RSU;RKJY
6713;Southwest_Florida_Reg;United_States;Fort_Myers;9;RSW;KRSW
6714;Rouses_Point;United_States;Rouses_Point;29;RSX;
6715;Rotuma_Island;Fiji;Rotuma_Island;7;RTA;NFNR
6716;Roatan;Honduras;Roatan;5;RTB;MHRO
6717;Ratnagiri;India;Ratnagiri;93;RTC;VARG
6718;Rotunda;United_States;Rotunda;1;RTD;OERK
6719;Marguerite_Bay;United_States;Marguerite_Bay;;RTE;KSXU
6720;Ruteng;Indonesia;Ruteng;1070;RTG;WATG
6721;Roti;Indonesia;Roti;46;RTI;WRKR
6722;Spirit_Lake;United_States;Spirit_Lake;437;RTL;KRTL
6723;Rotterdam_Zestienhoven;Netherlands;Rotterdam;-5;RTM;EHRD
6724;Crews_Field;United_States;Raton;1936;RTN;KRTN
6725;Rutland_Plains;Australia;Rutland_Plains;15;RTP;YRTP
6726;Rottnest_Island;Australia;Rottnest_Island;4;RTS;YRTI
6727;Saratov;Russian_Federation;Saratov;152;RTW;UWSS
6728;Merty;Australia;Merty;;RTY;YMYT
6729;Arua;Uganda;Arua;1204;RUA;HUAR
6730;Yuruf;Indonesia;Yuruf;;RUF;
6731;Rugao;China;Rugao;;RUG;ZSRG
6732;King_Khaled_Intl;Saudi_Arabia;Riyadh;625;RUH;OERK
6733;Municipal;United_States;Ruidoso;2077;RUI;KSRR
6734;Rukumkot;Nepal;Rukumkot;762;RUK;VNRK
6735;Rumjatar;Nepal;Rumjatar;1372;RUM;VNRT
6736;Gillot;Reunion;St_Denis_de_la_Reunion;20;RUN;FMEE
6737;Rupsi;India;Rupsi;40;RUP;VERU
6738;Rurutu;French_Polynesia;Rurutu;5;RUR;NTAR
6739;Marau_Sound;Solomon_Islands;Marau_Sound;1;RUS;AGGU
6740;Rutland;United_States;Rutland;240;RUT;KRUT
6741;Ruti;Papua_New_Guinea;Ruti;519;RUU;
6742;Rubelsanto;Guatemala;Rubelsanto;130;RUV;MGRB
6743;Copan;Honduras;Copan;615;RUY;MHRU
6744;Farafangana;Madagascar;Farafangana;8;RVA;FMSG
6745;Rivercess;Liberia;Rivercess;8;RVC;
6746;Rio_Verde;Brazil;Rio_Verde;751;RVD;SWLC
6747;Los_Colonizadores;Colombia;Saravena;65;RVE;SKSA
6748;Rzhevka;Russian_Federation;St_Petersburg;17;RVH;ULSS
6749;Ryumsjoen;Norway;Roervik;4;RVK;ENRM
6750;Rovaniemi;Finland;Rovaniemi;197;RVN;EFRO
6751;Reivilo;South_Africa;Reivilo;1430;RVO;FARI
6752;Green_River;United_States;Green_River;1288;RVR;
6753;R.Lloyd_Jones;United_States;Tulsa;194;RVS;KRVS
6754;Ravensthorpe;Croatia;Ravensthorpe;;RVT;KRAP
6755;Raivavae;French_Polynesia;Rairua;;RVV;SCIP
6756;Rivera;Uruguay;Rivera;217;RVY;SURV
6757;Rowan_Bay;United_States;Rowan_Bay;;RWB;SCIP
6758;Redwood_Falls_Muni;United_States;Redwood_Falls;312;RWF;KRWF
6759;Rocky_Mount-wilson;United_States;Rocky_Mount_;48;RWI;KRWI
6760;Rawlins;United_States;Rawlins;2077;RWL;KRWL
6761;Rovno;Ukraine;Rovno;230;RWN;UKLR
6762;Sumare;Brazil;Sumare;;RWS;LFPG
6763;Raudha;Yemen;Raudha;762;RXA;
6764;Roxas_City;Philippines;Roxas_City;3;RXS;RPVR
6765;Rybinsk;Russian_Federation;Rybinsk;129;RYB;UUBK
6766;Rahim_Yar_Khan;Pakistan;Rahim_Yar_Khan;83;RYK;OPRK
6767;Medis;France;Royan;22;RYN;LFCY
6768;Rio_Turbio;Argentina;Rio_Turbio;274;RYO;SAWT
6769;Santa_Cruz;Argentina;Santa_Cruz;111;RZA;SAWU
6770;Jasionka;Poland;Rzeszow;206;RZE;EPRZ
6771;Quartz_Hill;United_States;Lancaster;;RZH;
6772;Turlatovo;Russian_Federation;Ryazan;;RZN;UUWR
6773;CLR_Airport;Philippines;Taytay_Sandoval;;RZP;SBRF
6774;Ramsar;Iran;Ramsar;-23;RZR;OINR
6775;Sawan;Pakistan;Sawan;;RZS;LFPG
6776;Halifax_County;United_States;Roanoke_Rapids;78;RZZ;KRZZ
6777;Shively_Field;United_States;Saratoga;2138;SAA;KSAA
6778;J._Yrausquin;Netherlands_Antilles;Saba_Island;18;SAB;TNCS
6779;Executive;United_States;Sacramento;7;SAC;KSAC
6780;Safford;United_States;Safford;969;SAD;KSAD
6781;Sangir;Indonesia;Sangir;;SAE;
6782;Santa_Fe;United_States;Santa_Fe;1935;SAF;KSAF
6783;Sagwon;United_States;Sagwon;198;SAG;KSAG
6784;Sirajganj;India;Sirajganj;;SAJ;
6785;Saudarkrokur;Iceland;Saudarkrokur;2;SAK;BIKR
6786;El_Salvador_International;El_Salvador;San_Salvador;31;SAL;MSLP
6787;Salamo;Papua_New_Guinea;Salamo;15;SAM;
6788;San_Diego_International_Airport;United_States;San_Diego;5;SAN;KSAN
6789;Ramon_Villeda_Morales;Honduras;San_Pedro_Sula;28;SAP;MHLM
6790;San_Andros;Bahamas;San_Andros;2;SAQ;MYAN
6791;Sparta_Community;United_States;Sparta;164;SAR;KSAR
6792;Salton_City;United_States;Salton_City;-26;SAS;KSAS
6793;San_Antonio_International;United_States;San_Antonio;247;SAT;KSAT
6794;Sawu;Indonesia;Sawu;101;SAU;WRKS
6795;Savannah/Hilton_Head;United_States;Savannah;15;SAV;KSAV
6796;Sabiha_Gokcen;Turkey;Istanbul;95;SAW;LTFJ
6797;Sambu;Panama;Sambu;12;SAX;
6798;Siena;Italy;Siena;193;SAY;LIQS
6799;Sasstown;Liberia;Sasstown;2;SAZ;GLST
6800;Municipal;United_States;Santa_Barbara;4;SBA;KSBA
6801;Santa_Barbara_Ba;Venezuela;Santa_Barbara_Ba;180;SBB;SVSB
6802;Selbang;Papua_New_Guinea;Selbang;1402;SBC;
6803;Norton_Afb;United_States;San_Bernardino;353;SBD;KSBD
6804;Suabi;Papua_New_Guinea;Suabi;116;SBE;
6805;Sardeh_Band;Afghanistan;Sardeh_Band;2125;SBF;OADS
6806;Narita;Indonesia;Sabang;120;SBG;WITB
6807;St_Barthelemy;Guadeloupe;St_Barthelemy;15;SBH;TFFJ
6808;Sambailo;Guinea;Koundara;90;SBI;GUSB
6809;Sao_Mateus;Brazil;Sao_Mateus;30;SBJ;SNMX
6810;Saint_Brieuc-Armor;France;Tremuson;138;SBK;LFRT
6811;Yacuma;Bolivia;Santa_Ana;144;SBL;SLSA
6812;Memorial;United_States;Sheboygan;230;SBM;KSBM
6813;South_Bend_Regional;United_States;South_Bend;244;SBN;KSBN
6814;Salina;United_States;Salina;1572;SBO;KSBO
6815;San_Luis_County_Regional_Airport;United_States;San_Luis_Obispo;65;SBP;KSBP
6816;Sibi;Pakistan;Sibi;133;SBQ;OPSB
6817;Saibai_Island;Papua_New_Guinea;Saibai_Island;37;SBR;YSII
6818;Steamboat_Springs;United_States;Steamboat_Springs;2098;SBS;KSBS
6819;Tri-City;United_States;San_Bernardino;322;SBT;
6820;Springbok;South_Africa;Springbok;820;SBU;FASB
6821;Sabah;Papua_New_Guinea;Sabah;3;SBV;
6822;Sibu;Malaysia;Sibu;37;SBW;WBGS
6823;Shelby;United_States;Shelby;1049;SBX;KSBX
6824;Wicomico_Regional;United_States;Salisbury-Ocean_City;16;SBY;KSBY
6825;Sibiu;Romania;Sibiu;463;SBZ;LRSB
6826;Santa_Catalina;Colombia;Santa_Catalina;85;SCA;
6827;State;United_States;Scribner;404;SCB;KSCB
6828;Prudhoe_Bay/Deadhorse;United_States;Prudhoe_Bay/Deadhorse;20;SCC;PASC
6829;Sulaco;Honduras;Sulaco;420;SCD;
6830;University_Park;United_States;State_College;378;SCE;KUNV
6831;Scottsdale_Municipal;United_States;Phoenix;460;SCF;KSDL
6832;Spring_Creek;Australia;Spring_Creek;;SCG;YSPK
6833;Schenectady_County;United_States;Schenectady_NY;115;SCH;KSCH
6834;San_Cristobal;Venezuela;San_Cristobal;1010;SCI;SVPM
6835;Smith_Cove;United_States;Smith_Cove;;SCJ;KNTU
6836;Stockton_Metropolitan_Airport;United_States;Stockton;10;SCK;KSCK
6837;Arturo_Merino_Benitez;Chile;Santiago;474;SCL;SCEL
6838;SPB;United_States;Scammon_Bay;4;SCM;PACM
6839;Ensheim;Germany;Saarbruecken;322;SCN;EDDR
6840;Aktau;Kazakhstan;Aktau;22;SCO;UATE
6841;St_Crepin;France;St_Crepin;903;SCP;LFNC
6842;Santiago_De_Compostela;Spain;Santiago_De_Compostela;370;SCQ;LEST
6843;Municipal;United_States;Scranton;;SCR;
6844;Scatsta;United_Kingdom;Shetland_Islands;25;SCS;EGPM
6845;Socotra;Yemen;Socotra;45;SCT;OYSQ
6846;Antonio_Maceo;Cuba;Santiago;76;SCU;MUCU
6847;Salcea;Romania;Suceava;419;SCV;LRSV
6848;Syktyvkar;Russian_Federation;Syktyvkar;104;SCW;UUYY
6849;Salina_Cruz;Mexico;Salina_Cruz;23;SCX;MMSZ
6850;San_Cristobal;Ecuador;Puerto_Baquerizo_Moreno_San_Cristóbal_Island_Galápagos_Islands;19;SCY;SEST
6851;Santa_Cruz_Is;Solomon_Islands;Santa_Cruz_Is;5;SCZ;AGGL
6852;Baghdad_International;Iraq;Baghdad;35;SDA;ORBI
6853;Langebaanweg;South_Africa;Saldanha_Bay;33;SDB;FALW
6854;Sandcreek;Guyana;Sandcreek;134;SDC;
6855;Lubango;Angola;Lubango;1761;SDD;FNUB
6856;Santiago_Del_Estero;Argentina;Santiago_Del_Estero;200;SDE;SANE
6857;Louisville_International_(Standiford_Field);United_States;Louisville_KY;153;SDF;KSDF
6858;Sanandaj;Iran;Sanandaj;1378;SDG;OICS
6859;Santa_Rosa_Copan;Honduras;Santa_Rosa_Copan;1082;SDH;MHSR
6860;Saidor;Papua_New_Guinea;Saidor;23;SDI;
6861;Sendai;Japan;Sendai;5;SDJ;RJSS
6862;Sandakan;Malaysia;Sandakan;14;SDK;WBKS
6863;Sundsvall/harnosand;Sweden;Sundsvall;5;SDL;ESNN
6864;Brown_Field_Municipal;United_States;San_Diego;160;SDM;KSDM
6865;Sandane;Norway;Sandane;60;SDN;ENSD
6866;Ryotsu_Sado_Is;Japan;Ryotsu_Sado_Is;;SDO;
6867;Municipal;United_States;Sand_Point;6;SDP;PASD
6868;Las_Americas;Dominican_Republic;Santo_Domingo;18;SDQ;MDSD
6869;Santander;Spain;Santander;5;SDR;LEXJ
6870;Sado_Shima;Japan;Sado_Shima;27;SDS;RJSD
6871;Saidu_Sharif;Pakistan;Saidu_Sharif;970;SDT;OPSS
6872;Santos_Dumont;Brazil;Rio_De_Janeiro;3;SDU;SBRJ
6873;Sde_Dov;Israel;Tel_Aviv_Yafo;13;SDV;LLSD
6874;Sandwip;Bangladesh;Sandwip;;SDW;
6875;Sedona;United_States;Sedona;1472;SDX;KSEZ
6876;Richland_Municipal;United_States;Sidney;605;SDY;KSDY
6877;Seattle-Tacoma_International;United_States;Seattle_WA;132;SEA;KSEA
6878;Sebha;Libya;Sebha;435;SEB;HLLS
6879;Serre_Chevalier;France;Serre_Chevalier;;SEC;
6880;Gillespie_Field;United_States;San_Diego;118;SEE;KSEE
6881;Sebring_Regional_Airport;United_States;Sebring_Fl;19;SEF;KSEF
6882;Penn_Valley;United_States;Selinsgrove;141;SEG;KSEG
6883;Senggeh;Indonesia;Senggeh;250;SEH;WAJS
6884;Senhor_Do_Bonfim;Brazil;Senhor_Do_Bonfim;384;SEI;SNBF
6885;Seydisfjordur;Iceland;Seydisfjordur;43;SEJ;
6886;Er_Errachidia;Morocco;Ksar_Es_Souk;;SEK;
6887;Craig_AFB;United_States;Selma;51;SEM;KSEM
6888;London_Southend;United_Kingdom;Southend;15;SEN;EGMC
6889;Seguela;"Cote_D&#039;Ivoire";Seguela;322;SEO;DISG
6890;Clark_Field;United_States;Stephenville;403;SEP;KSEP
6891;Sungai_Pakning;Indonesia;Sungai_Pakning;1;SEQ;WIBS
6892;Freeman_Municipal;United_States;Seymour;178;SER;KSER
6893;Selfield;United_States;Selma;41;SES;SIPK
6894;San_Esteban;Honduras;San_Esteban;503;SET;
6895;Seronera;Tanzania;Seronera;1548;SEU;HTSN
6896;Severodoneck;Ukraine;Severodoneck;61;SEV;UKCS
6897;Siwa;Egypt;Siwa;101;SEW;
6898;Sembach;Germany;Sembach;321;SEX;ETAS
6899;Selibaby;Mauritania;Selibaby;80;SEY;GQNS
6900;Seychelles_International_Airport;Seychelles;Mahe_Island;3;SEZ;FSIA
6901;Sfax_Thyna;Tunisia;Sfax;26;SFA;DTTX
6902;Orlando_Sanford_Intl;United_States;Sanford;17;SFB;KSFB
6903;St_Francois;Guadeloupe;St_Francois;3;SFC;TFFC
6904;Las_Flecheras;Venezuela;San_Fernando_De_Apure;47;SFD;SVSR
6905;San_Fernando;Philippines;San_Fernando;4;SFE;RPUS
6906;Felts_Field;United_States;Spokane;595;SFF;KSFF
6907;Esperance;Netherlands;St_Martin;7;SFG;TFFG
6908;San_Felipe;Colombia;San_Felipe;45;SFH;MMSF
6909;Safi;Morocco;Safi;52;SFI;GMMS
6910;Kangerlussuaq;Greenland;Kangerlussuaq;50;SFJ;BGSF
6911;Soure;Brazil;Soure;13;SFK;SNSW
6912;Sao_Filipe;Cape_Verde;Sao_Filipe;188;SFL;GVSF
6913;Sanford;United_States;Sanford;74;SFM;KSFM
6914;Santa_Fe;Argentina;Santa_Fe;17;SFN;SAAV
6915;San_Francisco_International;United_States;San_Francisco_CA;4;SFO;KSFO
6916;Surfers_Paradise;Australia;Surfers_Paradise;;SFP;
6917;Sanliurfa;Turkey;Sanliurfa;452;SFQ;LTCH
6918;San_Fernando;Colombia;San_Fernando_CA;;SFR;
6919;Skelleftea;Sweden;Skelleftea;48;SFT;ESNS
6920;Safia;Papua_New_Guinea;Safia;146;SFU;
6921;Santa_Fe_Do_Sul;Brazil;Santa_Fe_Do_Sul;560;SFV;
6922;Santa_Fe;Panama;Santa_Fe;610;SFW;
6923;San_Felix;Venezuela;San_Felix;120;SFX;
6924;North_Central;United_States;Pawtucket_RI;134;SFZ;KSFZ
6925;Sheghnan;Tajikistan;Sheghnan;2042;SGA;OASN
6926;Singaua;Papua_New_Guinea;Singaua;;SGB;
6927;Surgut;Russian_Federation;Surgut;61;SGC;USRR
6928;Sonderborg;Denmark;Sonderborg;7;SGD;EKSB
6929;Siegerland_Airport;Germany;Siegen;599;SGE;EDGS
6930;Springfield-Branson_Rg;United_States;Springfield;386;SGF;KSGF
6931;Simanggang;Malaysia;Simanggang;11;SGG;WBGY
6932;Springfield;United_States;Springfield;320;SGH;KSGH
6933;Sargodha_Apt;Pakistan;Sargodha;187;SGI;OPSR
6934;Sagarai;Papua_New_Guinea;Sagarai;30;SGJ;
6935;Sangapi;Papua_New_Guinea;Sangapi;;SGK;
6936;Sangley_Point_NAS;Philippines;Cavite_City;;SGL;
6937;San_Ignacio;Mexico;San_Ignacio;244;SGM;
6938;Tan_Son_Nhat_International;Vietnam;Ho_Chi_Minh_City;10;SGN;VVTS
6939;St_George;Australia;St_George;200;SGO;YSGE
6940;Shay_Gap;Australia;Shay_Gap;189;SGP;YSHG
6941;Sanggata;Indonesia;Sanggata;;SGQ;WRLA
6942;Sugar_Land_Regional;United_States;Houston_TX;25;SGR;KSGR
6943;Sanga_Sanga;Philippines;Sanga_Sanga;5;SGS;RPMN
6944;Stuttgart_Municipal;United_States;Stuttgart_AR;68;SGT;KSGT
6945;Municipal;United_States;Saint_George;896;SGU;KSGU
6946;Sierra_Grande;Argentina;Sierra_Grande;260;SGV;SAVS
6947;Saginaw_Bay;United_States;Saginaw_Bay;0;SGW;
6948;Songea;Tanzania;Songea;1050;SGX;HTSO
6949;Municipal;United_States;Skagway;13;SGY;PAGY
6950;Songkhla;Thailand;Songkhla;4;SGZ;VTSH
6951;Hongqiao;China;Shanghai;3;SHA;ZSSS
6952;Nakashibetsu;Japan;Nakashibetsu;71;SHB;RJCN
6953;Indaselassie;Ethiopia;Indaselassie;;SHC;
6954;Shenandoah_Valley;United_States;Staunton;366;SHD;KSHD
6955;Shenyang;China;Shenyang;60;SHE;ZYTX
6956;Shanhaiguan;China;Shanhaiguan;;SHF;LLBS
6957;Shungnak;United_States;Shungnak;60;SHG;PAGH
6958;Shishmaref;United_States;Shishmaref;4;SHH;PASH
6959;Shimojishima;Japan;Shimojishima;16;SHI;RORS
6960;Sharjah;United_Arab_Emirates;Sharjah;34;SHJ;OMSJ
6961;Sehonghong;Lesotho;Sehonghong;1981;SHK;FXSH
6962;Barapani;India;Shillong;887;SHL;VEBI
6963;Shirahama;Japan;Shirahama;91;SHM;RJBD
6964;Sanderson_Field;United_States;Shelton;83;SHN;KSHN
6965;Seolak;Korea_(South);Sokcho;28;SHO;RKND
6966;Qinhuangdao;China;Qinhuangdao;;SHP;ZBSH
6967;Southport;Australia;Southport;3;SHQ;YSPT
6968;Sheridan;United_States;Sheridan;1226;SHR;KSHR
6969;Shashi;China;Shashi;;SHS;ZHSS
6970;Shepparton;Australia;Shepparton;114;SHT;YSHT
6971;Smith_Point;Australia;Smith_Point;305;SHU;YSMP
6972;Regional;United_States;Shreveport;79;SHV;KSHV
6973;Sharurah;Saudi_Arabia;Sharurah;720;SHW;OESH
6974;Shageluk;United_States;Shageluk;24;SHX;PAHX
6975;Shinyanga;Tanzania;Shinyanga;1158;SHY;HTSY
6976;Seshutes;Lesotho;Seshutes;2134;SHZ;FXSS
6977;Xiguan;China;Xi_An;479;SIA;ZLSN
6978;Sibiti;Congo;Sibiti;574;SIB;FCBS
6979;Sinop_Airport;Turkey;Sinop;7;SIC;LTCM
6980;Amilcar_Cabral_Intl;Cape_Verde;Sal;54;SID;GVAC
6981;Sines;Portugal;Sines;30;SIE;LPSI
6982;Simara;Nepal;Simara;137;SIF;VNSI
6983;Isla_Grande;Puerto_Rico;San_Juan;3;SIG;TJIG
6984;Silgadi_Doti;Nepal;Silgadi_Doti;640;SIH;VNDT
6985;Sidi_Ifni;Morocco;Sidi_Ifni;58;SII;GMMF
6986;Siglufjordur;Iceland;Siglufjordur;3;SIJ;BISI
6987;Memorial;United_States;Sikeston;96;SIK;KSIK
6988;Sila;Papua_New_Guinea;Sila;792;SIL;
6989;Simbai;Papua_New_Guinea;Simbai;1661;SIM;
6990;Changi;Singapore;Singapore;7;SIN;WSSS
6991;Smithton;Australia;Smithton;9;SIO;YSMI
6992;Simferopol;Ukraine;Simferopol;195;SIP;UKFF
6993;Dabo;Indonesia;Singkep;29;SIQ;WIDS
6994;Sion;Switzerland;Sion;483;SIR;LSGS
6995;Sishen;South_Africa;Sishen;1173;SIS;FASS
6996;Sitka;United_States;Sitka;6;SIT;PASI
6997;Siuna;Nicaragua;Siuna;146;SIU;MNSI
6998;County;United_States;Sullivan;165;SIV;KSIV
6999;Sibisa;Indonesia;Sibisa;930;SIW;WIMP
7000;Singleton;Australia;Singleton;381;SIX;YSGT
7001;Siskiyou_County;United_States;Montague;807;SIY;KSIY
7002;Sissano;Papua_New_Guinea;Sissano;3;SIZ;
7003;San_Juan;Peru;San_Juan;44;SJA;SPJN
7004;San_Joaquin;Bolivia;San_Joaquin;139;SJB;SLJO
7005;Mineta_San_Jose_International_Airport;United_States;San_Jose;19;SJC;KSJC
7006;Los_Cabos;Mexico;San_Jose_Del_Cabo;114;SJD;MMSD
7007;San_Jose_Del_Gua;Colombia;San_Jose_Del_Gua;184;SJE;SKSJ
7008;St_John_Island;US_Virgin_Islands;St_John_Island;;SJF;
7009;San_Pedro_Jagua;Colombia;San_Pedro_Jagua;750;SJG;
7010;San_Juan_Del_Cesar;Colombia;San_Juan_Del_Cesar;250;SJH;
7011;Mcguire_Fld;Philippines;San_Jose;4;SJI;RPUH
7012;Sarajevo;Bosnia_And_Herzegovina;Sarajevo;521;SJJ;LQSA
7013;Sao_Jose_Dos_Campos;Brazil;Sao_Jose_Dos_Campos;646;SJK;SBSJ
7014;Da_Cachoeira;Brazil;Sao_Gabriel;76;SJL;SBUA
7015;San_Juan;Dominican_Republic;San_Juan;434;SJM;MDSJ
7016;Municipal;United_States;St_Johns;1749;SJN;KSJN
7017;Juan_Santamaría_International;Costa_Rica;San_José;921;SJO;MROC
7018;Sao_Jose_Do_Rio_Preto;Brazil;Sao_Jose_Do_Rio_Preto;544;SJP;SBSR
7019;Sesheke;Zambia;Sesheke;945;SJQ;FLSS
7020;San_Juan_D_Ur;Colombia;San_Juan_D_Ur;3;SJR;
7021;San_Jose;Bolivia;San_Jose;297;SJS;SLJE
7022;Mathis_Fld;United_States;San_Angelo;585;SJT;KSJT
7023;Luis_Munoz_Marin_Intl;Puerto_Rico;San_Juan;3;SJU;TJSJ
7024;San_Javier;Bolivia;San_Javier;519;SJV;SLJV
7025;Daguocun;China;Shijiazhuang;71;SJW;ZBSJ
7026;Sartaneja;Belize;Sartaneja;3;SJX;
7027;Ilmajoki;Finland;Seinajoki;92;SJY;EFSI
7028;Sao_Jorge_Island;Portugal;Sao_Jorge_Island;95;SJZ;LPSJ
7029;Fairchild_AFB;United_States;Spokane;750;SKA;KSKA
7030;Robert_L_Bradshaw_International;Saint_Kitts_and_Nevis;Basseterre_St._Kitts_Island;52;SKB;TKPK
7031;Suki;Papua_New_Guinea;Suki;19;SKC;
7032;Samarkand;Uzbekistan;Samarkand;678;SKD;UTSS
7033;Skien;Norway;Skien;141;SKE;ENSN
7034;Kelly_AFB;United_States;San_Antonio;211;SKF;KSKF
7035;Macedonia_International;Greece;Thessaloniki;7;SKG;LGTS
7036;Kadmandu;Nepal;Surkhet;732;SKH;VNSK
7037;Skikda;Algeria;Skikda;8;SKI;DABP
7038;Sitkinak_Cgs;United_States;Sitkinak_Island;24;SKJ;KPHX
7039;Shaktoolik;United_States;Shaktoolik;7;SKK;PFSH
7040;Broadford;United_Kingdom;Isle_Of_Skye;7;SKL;
7041;Skeldon;Guyana;Skeldon;3;SKM;SYSK
7042;Skagen;Norway;Stokmarknes;3;SKN;ENSK
7043;Sokoto;Nigeria;Sokoto;308;SKO;DNSO
7044;Petrovec;Macedonia;Skopje;238;SKP;LWSK
7045;Sekakes;Lesotho;Sekakes;1737;SKQ;FXSK
7046;Shakiso;Ethiopia;Shakiso;;SKR;HASK
7047;Vojens;Denmark;Vojens;43;SKS;EKSP
7048;Sialkot_International;Pakistan;Sialkot;14;SKT;OPST
7049;Skiros;Greece;Skiros;13;SKU;LGSY
7050;Mount_Sinai;Egypt;Santa_Katarina;1331;SKV;HESC
7051;Intermediate;United_States;Skwentna;45;SKW;PASW
7052;Saransk;Russian_Federation;Saransk;206;SKX;UWPS
7053;Griffing_Sandusky;United_States;Sandusky;177;SKY;KSKY
7054;Sukkur;Pakistan;Sukkur;60;SKZ;OPSK
7055;Gen_Belgrano;Argentina;Salta;1246;SLA;SASA
7056;Municipal;United_States;Storm_Lake;454;SLB;KSLB
7057;Salt_Lake_City_International;United_States;Salt_Lake_City_UT;1288;SLC;KSLC
7058;Sliac;Slovakia;Sliac;318;SLD;LZSL
7059;Mcnary_Field;United_States;Salem;65;SLE;KSLE
7060;Sulayel;Saudi_Arabia;Sulayel;616;SLF;OESL
7061;Smith_Field;United_States;Siloam_Springs;363;SLG;KSLG
7062;Sola;Vanuatu;Sola;2;SLH;NVSC
7063;Solwezi;Zambia;Solwezi;1386;SLI;FLSW
7064;Stellar_Air_Park;United_States;Chandler;612;SLJ;YSOL
7065;Adirondack;United_States;Saranac_Lake;507;SLK;KSLK
7066;Salalah;Oman;Salalah;22;SLL;OOSA
7067;Matacan;Spain;Salamanca;791;SLM;LESA
7068;Salina;United_States;Salina;393;SLN;KSLN
7069;Leckrone;United_States;Salem;175;SLO;KSLO
7070;San_Luis_Potosi;Mexico;San_Luis_Potosi;1839;SLP;MMSP
7071;Sleetmute;United_States;Sleetmute;58;SLQ;PASL
7072;Sulphur_Springs;United_States;Sulphur_Springs;149;SLR;KSLR
7073;Silistra;Bulgaria;Silistra;107;SLS;LBSS
7074;Salida;United_States;Salida;2293;SLT;KANK
7075;George_F_L_Charles;Saint_Lucia;Castries;7;SLU;TLPC
7076;Simla;India;Simla;1546;SLV;VISM
7077;Saltillo;Mexico;Saltillo;1456;SLW;MMIO
7078;Salt_Cay;Turks_and_Caicos_Islands;Salt_Cay;1;SLX;MBSY
7079;Salekhard;Russian_Federation;Salekhard;67;SLY;USDD
7080;Marechal_Cunha_Machado;Brazil;São_Luis;54;SLZ;SBSL
7081;Vila_Do_Porto;Portugal;Santa_Maria;94;SMA;LPAZ
7082;Cerro_Sombrero;Chile;Cerro_Sombrero;32;SMB;SCSB
7083;Santa_Maria;Colombia;Santa_Maria;17;SMC;
7084;Smith_Field;United_States;Fort_Wayne_IN;255;SMD;KSMD
7085;Pulaski_County;United_States;Somerset;283;SME;KSME
7086;Sacramento_International;United_States;Sacramento_CA;8;SMF;KSMF
7087;Santa_Maria;Peru;Santa_Maria;;SMG;SPMR
7088;Sapmanga;Papua_New_Guinea;Sapmanga;853;SMH;
7089;Samos;Greece;Samos;6;SMI;LGSM
7090;Sim;Papua_New_Guinea;Sim;1530;SMJ;
7091;St_Michael;United_States;St_Michael;30;SMK;PAMK
7092;Estate_Airstrip;Bahamas;Stella_Maris;3;SML;MYLS
7093;Semporna;Malaysia;Semporna;18;SMM;WBKA
7094;Salmon;United_States;Salmon;1232;SMN;KSMN
7095;Santa_Monica;United_States;Santa_Monica;54;SMO;KSMO
7096;Stockholm;Papua_New_Guinea;Stockholm;3;SMP;
7097;Sampit;Indonesia;Sampit;15;SMQ;WAOS
7098;Simon_Bolivar;Colombia;Santa_Marta;7;SMR;SKSM
7099;Sainte_Marie;Madagascar;Sainte_Marie;2;SMS;FMMS
7100;Sun_Moon_Lake;Taiwan;Sun_Moon_Lake;;SMT;
7101;Sheep_Mountain;United_States;Sheep_Mountain;838;SMU;PASP
7102;Samedan;Switzerland;St_Moritz;1707;SMV;LSZS
7103;Smara;Western_Sahara;Smara;107;SMW;GMMA
7104;Public;United_States;Santa_Maria;80;SMX;KSMX
7105;Simenti;Senegal;Simenti;52;SMY;GOTS
7106;Stoelmans_Eiland;Suriname;Stoelmans_Eiland;53;SMZ;SMST
7107;John_Wayne;United_States;Orange_County;17;SNA;KSNA
7108;Snake_Bay;Australia;Snake_Bay;53;SNB;YSNB
7109;Salinas;Ecuador;Salinas;5;SNC;SESA
7110;Seno;Laos;Seno;185;SND;
7111;Preguica;Cape_Verde;Sao_Nicolau;204;SNE;GVSN
7112;San_Felipe;Venezuela;San_Felipe;232;SNF;SVSP
7113;San_Ignacio_De_Velasco;Bolivia;San_Ignacio_De_Velasco;413;SNG;SLSI
7114;Stanthorpe;Australia;Stanthorpe;896;SNH;YSPE
7115;R.E._Murray;Liberia;Sinoe;3;SNI;GLGE
7116;San_Julian;Cuba;San_Julian;30;SNJ;MUSJ
7117;Winston_Field;United_States;Snyder;741;SNK;KSNK
7118;Municipal;United_States;Shawnee;327;SNL;KSNL
7119;San_Ignacio_De_M;Bolivia;San_Ignacio_De_M;241;SNM;SLSM
7120;Shannon;Ireland;Shannon;14;SNN;EINN
7121;Sakon_Nakhon;Thailand;Sakon_Nakhon;161;SNO;VTUI
7122;Saint_Paul_Island;United_States;Saint_Paul_Island;19;SNP;PASN
7123;San_Quintin;Mexico;San_Quintin;16;SNQ;
7124;Montoir;France;St_Nazaire;4;SNR;LFRZ
7125;Salinas;United_States;Salinas;26;SNS;KSNS
7126;Sabana_De_Torres;Colombia;Sabana_De_Torres;134;SNT;
7127;Abel_Santa_Maria;Cuba;Santa_Clara;103;SNU;MUSC
7128;Santa_Elena;Venezuela;Santa_Elena;896;SNV;SVSE
7129;Thandwe;Myanmar;Thandwe;6;SNW;VYTD
7130;Sabana_De_Mar;Dominican_Republic;Sabana_De_Mar;3;SNX;MDSB
7131;Sidney;United_States;Sidney;1315;SNY;KSNY
7132;Santa_Cruz;Brazil;Santa_Cruz;3;SNZ;SBSC
7133;Soc_Trang;Vietnam;Soc_Trang;652;SOA;KSOA
7134;Saarmelleek/balaton;Hungary;Saarmelleek;124;SOB;LHSM
7135;Adi_Sumarmo;Indonesia;Solo_City;128;SOC;WARQ
7136;Sorocaba;Brazil;Sorocaba;633;SOD;SDCO
7137;Souanke;Congo;Souanke;525;SOE;FCOS
7138;Sofia;Bulgaria;Sofia;531;SOF;LBSF
7139;Haukasen;Norway;Sogndal;498;SOG;ENSG
7140;Solita;Colombia;Solita;213;SOH;
7141;South_Molle_Island;Australia;South_Molle_Island;;SOI;
7142;Sorkjosen;Norway;Sorkjosen;5;SOJ;ENSR
7143;Semongkong;Lesotho;Semongkong;2195;SOK;FXSM
7144;Solomon;United_States;Solomon;14;SOL;GVAN
7145;Edmundo_Barrios;Venezuela;San_Tome;255;SOM;SVST
7146;Pekoa;Vanuatu;Espiritu_Santo;56;SON;NVSS
7147;Soderhamn;Sweden;Soderhamn;27;SOO;ESNY
7148;Pinehurst-S._Pines;United_States;Southern_Pines;139;SOP;KSOP
7149;Jefman;Indonesia;Sorong;3;SOQ;WASS
7150;Al_Thaurah;Syria;Al_Thaurah;;SOR;
7151;Sodankyla;Finland;Sodankyla;183;SOT;EFSO
7152;Southampton_Airport;United_Kingdom;Eastleigh_near_Southampton;13;SOU;EGHI
7153;Seldovia;United_States;Seldovia;9;SOV;PASO
7154;Show_Low;United_States;Show_Low_AZ;1955;SOW;KSOW
7155;Alberto_Lleras_Camargo;Colombia;Sogamoso;2486;SOX;SKSO
7156;Stronsay;United_Kingdom;Stronsay;12;SOY;EGER
7157;Solenzara;France;Solenzara;9;SOZ;LFKS
7158;Spartanburg_Downtown_Memorial;United_States;Spartanburg_SC;245;SPA;KSPA
7159;SPB;US_Virgin_Islands;St_Thomas_Island;0;SPB;KSPB
7160;La_Palma;Spain;Santa_Cruz_De_La_Palma;33;SPC;GCLA
7161;Saidpur;Bangladesh;Saidpur;38;SPD;VGSD
7162;Sepulot;Malaysia;Sepulot;244;SPE;WBKO
7163;Black_Hills;United_States;Spearfish;1198;SPF;KSPF
7164;Whitted;United_States;Petersburg_AK;2;SPG;KSPG
7165;Sopu;Papua_New_Guinea;Sopu;1890;SPH;
7166;Capital;United_States;Springfield;182;SPI;KSPI
7167;Eleftherios_Venizelos;Greece;Athens;152;SPJ;LGSP
7168;Spangdahlem;Germany;Spangdahlem;365;SPM;ETAD
7169;International;Northern_Mariana_Islands;Saipan;66;SPN;PGSN
7170;San_Pablo;Spain;Sevilla;;SPO;
7171;Menongue;Angola;Menongue;1362;SPP;FNME
7172;Catalina_SPB;"Cote_D&#039;Ivoire";San_Pedro;2;SPQ;KSPQ
7173;San_Pedro;Belize;San_Pedro;1;SPR;
7174;Sheppard_AFB;United_States;Wichita_Falls;311;SPS;KSPS
7175;Sipitang;Malaysia;Sipitang;34;SPT;
7176;Split;Croatia;Split;24;SPU;LDSP
7177;Sepik_Plains;Papua_New_Guinea;Sepik_Plains;76;SPV;
7178;Municipal;United_States;Spencer;408;SPW;KSPW
7179;Spaceland;United_States;Houston;;SPX;KSPX
7180;San_Pedro;"Cote_D&#039;Ivoire";San_Pedro;8;SPY;DISP
7181;Springdale_Muni;United_States;Springdale;412;SPZ;KASG
7182;Santa_Ynez;United_States;Santa_Ynez;205;SQA;KIZA
7183;Santa_Ana;Colombia;Santa_Ana;900;SQB;
7184;Southern_Cross;Australia;Southern_Cross;354;SQC;YSCR
7185;Sinop;Turkey;Sinop;;SQD;SPSU
7186;San_Luis_De_Pale;Colombia;San_Luis_De_Pale;213;SQE;
7187;Solano;Colombia;Solano;262;SQF;
7188;Sintang;Indonesia;Sintang;30;SQG;WIOS
7189;Na-San;Vietnam;Son-La;650;SQH;VVNS
7190;Whiteside_County;United_States;Sterling_Rockfalls;198;SQI;KSQI
7191;Shehdi;Ethiopia;Shehdi;;SQJ;
7192;Sidi_Barani;Egypt;Sidi_Barani;98;SQK;
7193;San_Carlos;United_States;San_Carlos;2;SQL;KSQL
7194;Sao_Miguel_Azores;Brazil;Sao_Miguel_Araguaia;381;SQM;SWUA
7195;Sanana;Indonesia;Sanana;2;SQN;WAPN
7196;Gunnarn;Sweden;Storuman;279;SQO;ESUD
7197;Starcke;Australia;Starcke;;SQP;
7198;Siauliai_International;Lithuania;Siauliai;135;SQQ;EYSA
7199;Inco_Soroako_Waws;Indonesia;Soroako;423;SQR;WAWS
7200;Matthew_Spain;Colombia;San_Ignacio;;SQS;KCEW
7201;China_Straits_Airstrip;Papua_New_Guinea;Samarai_Island;;SQT;NZSP
7202;Saposoa;Peru;Saposoa;;SQU;KPHX
7203;Sequim_Valley_Arpt;United_States;Sequim;44;SQV;
7204;Skive_Airport;Denmark;Skive;23;SQW;EKSV
7205;Sao_Miguel_Do_Oeste;Brazil;Sao_Miguel_Do_Oeste;;SQX;KPHX
7206;Sao_Lourenco_Do_Sul;Brazil;Sao_Lourenco_Do_Sul;;SQY;KPHX
7207;RAF_Station;United_Kingdom;Scampton;62;SQZ;EGXP
7208;Santa_Rosa;Brazil;Santa_Rosa;300;SRA;SSZR
7209;Santa_Rosa;Bolivia;Santa_Rosa;199;SRB;SLSR
7210;Searcy;United_States;Searcy;81;SRC;KSRC
7211;San_Ramon;Bolivia;San_Ramon;213;SRD;SLRA
7212;Juana_Azurduy_de_Padilla;Bolivia;Sucre;2904;SRE;SLSU
7213;Hamilton_Field;United_States;San_Rafael;;SRF;KMDQ
7214;Achmad_Yani;Indonesia;Semarang;4;SRG;WARS
7215;Sarh;Chad;Sarh;365;SRH;FTTA
7216;Samarinda;Indonesia;Samarinda;10;SRI;WALS
7217;Capitan_G_Q_Guardia;Bolivia;San_Borja;240;SRJ;SLSB
7218;Sierra_Leone;Sierra_Leone;Sierra_Leone;;SRK;
7219;Santa_Rosalia;Mexico;Santa_Rosalia;104;SRL;
7220;Sandringham;Australia;Sandringham;;SRM;
7221;Strahan;Australia;Strahan;20;SRN;YSRN
7222;Santana_Ramos;Colombia;Santana_Ramos;;SRO;
7223;Stord_Airport;Norway;Stord;49;SRP;ENSO
7224;Sarasota-Bradenton_International_Airport;United_States;Sarasota_FL;9;SRQ;KSRQ
7225;Dunwich;Austria;Stradbroke_Island;2077;SRR;KSRR
7226;Santa_Fe_De_Bogota;Colombia;San_Marcos;41;SRS;SKSR
7227;Soroti;Uganda;Soroti;1110;SRT;HUSO
7228;Skypark;Colombia;Santa_Cruz;;SRU;
7229;Stony_River;United_States;Stony_River;70;SRV;KSRV
7230;Rowan_County;United_States;Salisbury;235;SRW;KRUQ
7231;Sert;Libya;Sert;81;SRX;HLGD
7232;Dashte_Naz;Iran;Sary;11;SRY;OINZ
7233;El_Trompillo;Bolivia;Santa_Cruz;418;SRZ;SLET
7234;Luis_Eduardo_Magalhaes;Brazil;Salvador_Bahia;20;SSA;SBSV
7235;SPB;US_Virgin_Islands;St_Croix_Island;0;SSB;
7236;Shaw_AFB;United_States;Sumter;73;SSC;KSSC
7237;San_Felipe;Colombia;San_Felipe;659;SSD;SCSF
7238;Sholapur;India;Sholapur;483;SSE;VASL
7239;Stinson_Municipal;Colombia;San_Antonio;176;SSF;KSSF
7240;Santa_Isabel;Equatorial_Guinea;Malabo;23;SSG;FGSL
7241;Ophira_International;Egypt;Sharm_El_Sheikh;44;SSH;HESH
7242;Mckinnon;United_States;Brunswick;6;SSI;KSSI
7243;Stokka;Norway;Sandnessjoen;17;SSJ;ENST
7244;Sturt_Creek;Australia;Sturt_Creek;366;SSK;
7245;Santa_Rosalia;Colombia;Santa_Rosalia;125;SSL;
7246;Sao_Lourenco;Brazil;Sao_Lourenco;875;SSO;SNLO
7247;Silver_Plains;Australia;Silver_Plains;73;SSP;
7248;La_Sarre;Canada;La_Sarre;319;SSQ;
7249;Sara;Vanuatu;Sara;113;SSR;NVSH
7250;Siassi;Papua_New_Guinea;Siassi;366;SSS;
7251;Santa_Teresita;Argentina;Santa_Teresita;3;SST;SAZL
7252;Greenbrier;United_States;White_Sulphur_Springs;;SSU;GMFF
7253;Siasi;Philippines;Siasi;60;SSV;
7254;Stuart_Island;Canada;Stuart_Island;3;SSW;
7255;Samsun;Turkey;Samsun/carsamba;2393;SSX;LTFH
7256;Santos;Brazil;Santos;3;SSZ;SBST
7257;Stauning_Vestjyllands_Airport;Denmark;Skjern;5;STA;EKVJ
7258;L_Delicias;Venezuela;Santa_Barbara_Ed;10;STB;SVSZ
7259;Municipal;United_States;Saint_Cloud;314;STC;KSTC
7260;Mayo_Guerrero;Venezuela;Santo_Domingo;330;STD;SVSO
7261;Stevens_Point;United_States;Stevens_Point;338;STE;KSTE
7262;Stephen_Island;Australia;Stephen_Island;;STF;
7263;St_George_Island;United_States;St_George_Island;38;STG;PAPB
7264;Strathmore;Australia;Strathmore;137;STH;YSMR
7265;Cibao_International_Airport;Dominican_Republic;Santiago;172;STI;MDST
7266;Rosecrans_Memorial;United_States;St_Joseph;252;STJ;KSTJ
7267;Crosson_Field;United_States;Sterling;1231;STK;KSTK
7268;Lambert-St._Louis_International;United_States;St_Louis;188;STL;KSTL
7269;Eduardo_Gomes;Brazil;Santarem;60;STM;SBSN
7270;London_Stansted;United_Kingdom;London;106;STN;EGSS
7271;Downtown;United_States;St_Paul;215;STP;KSTP
7272;St_Marys;United_States;St_Marys;589;STQ;KOYM
7273;Echterdingen;Germany;Stuttgart;389;STR;EDDS
7274;Sonoma_County;United_States;Santa_Rosa;39;STS;KSTS
7275;Cyril_E_King_Airport;US_Virgin_Islands;Charlotte_Amalie_St_Thomas;7;STT;TIST
7276;Santa_Cruz;Belize;Santa_Cruz;18;STU;
7277;Surat;India;Surat;5;STV;VASU
7278;Stavropol;Russian_Federation;Stavropol;453;STW;URMT
7279;Alex_Hamilton;US_Virgin_Islands;St_Croix_Island;23;STX;TISX
7280;Salto;Uruguay;Salto;57;STY;SUSO
7281;Confresa;Brazil;Santa_Terezinha;202;STZ;SWST
7282;Witham_Field;United_States;Stuart;5;SUA;KSUA
7283;Juanda;Indonesia;Surabaya;3;SUB;WARR
7284;Schloredt;United_States;Sundance;1503;SUC;SAAV
7285;Stroud;United_States;Stroud;274;SUD;KSUD
7286;Door_County;United_States;Sturgeon_Bay;221;SUE;KSUE
7287;S_Eufemia;Italy;Lamezia-terme;12;SUF;LICA
7288;Surigao;Philippines;Surigao;6;SUG;RPMS
7289;Sur;Oman;Sur;6;SUH;OOSR
7290;Babusheri;Georgia;Sukhumi;;SUI;UGSS
7291;Satu_Mare;Romania;Satu_Mare;123;SUJ;LRSM
7292;Samcheok;Korea_(South);Samcheok;2;SUK;RKNS
7293;Sui;Pakistan;Sui;233;SUL;OPSU
7294;Municipal;United_States;Sumter;55;SUM;KSMS
7295;Sun_Valley;United_States;Sun_Valley;1622;SUN;KSUN
7296;Sun_River;United_States;Sun_River;1269;SUO;KSUO
7297;Trunojoyo;Indonesia;Sumenep;3;SUP;WRST
7298;Sucua;Ecuador;Sucua;950;SUQ;SESC
7299;Summer_Beaver;Canada;Summer_Beaver;;SUR;
7300;Spirit_Of_St_Louis;United_States;St_Louis;141;SUS;KSUS
7301;Sumbawanga;Tanzania;Sumbawanga;1804;SUT;HTSU
7302;Travis_AFB;United_States;Fairfield;19;SUU;KSUU
7303;Nausori;Fiji;Suva;5;SUV;NFNA
7304;Richard_I_Bong_Arpt;United_States;Superior;205;SUW;KSUW
7305;Sioux_Gateway;United_States;Sioux_City;335;SUX;KSUX
7306;Sudureyri;Iceland;Sudureyri;18;SUY;
7307;Suria;Papua_New_Guinea;Suria;792;SUZ;
7308;Savoonga;United_States;Savoonga;16;SVA;PASA
7309;Sambava;Madagascar;Sambava;6;SVB;FMNS
7310;Grant_County;United_States;Silver_City;1660;SVC;KSVC
7311;E._T._Joshua;Saint_Vincent_and_the_Grenadines;St_Vincent;20;SVD;TVSV
7312;Susanville;United_States;Susanville;1265;SVE;KSVE
7313;Save;Benin;Save;;SVF;DBBS
7314;Sola;Norway;Stavanger;9;SVG;ENZV
7315;Municipal;United_States;Statesville;295;SVH;KSVH
7316;San_Vicente;Colombia;San_Vicente;280;SVI;SKSV
7317;Helle;Norway;Svolvaer;8;SVJ;ENSH
7318;Silver_Creek;Belize;Silver_Creek;;SVK;
7319;Savonlinna;Finland;Savonlinna;95;SVL;EFSA
7320;Hunter_AAF;United_States;Savannah_GA;12;SVN;KSVN
7321;Sheremetyevo;Russian_Federation;Moscow;190;SVO;UUEE
7322;Kuito_(Silva_Porto);Angola;Kuito;1712;SVP;FNKU
7323;San_Pablo;Spain;Sevilla;34;SVQ;LEZL
7324;Svay_Rieng;Cambodia;Svay_Rieng;8;SVR;
7325;Stevens_Village;United_States;Stevens_Village;100;SVS;KSVS
7326;Savuti;Botswana;Savuti;;SVT;
7327;Savusavu;Fiji;Savusavu;4;SVU;NFNS
7328;San_Salvador_De;Venezuela;San_Salvador_De;;SVV;
7329;Sparrevohn_AFS;United_States;Sparrevohn;483;SVW;PASV
7330;Koltsovo_International_Airport;Russian_Federation;Ekaterinburg;234;SVX;USSS
7331;Savo;Solomon_Islands;Savo;;SVY;
7332;San_Antonio;Venezuela;San_Antonio;400;SVZ;SVSA
7333;Shantou;China;Shantou;;SWA;ZGOW
7334;Shaw_River;Australia;Shaw_River;229;SWB;
7335;Stawell;Australia;Stawell;246;SWC;YSWL
7336;Seward;United_States;Seward;7;SWD;PAWD
7337;Siwea;Papua_New_Guinea;Siwea;1814;SWE;
7338;Stewart;United_States;Newburgh;150;SWF;KSWF
7339;Satwag;Papua_New_Guinea;Satwag;1311;SWG;
7340;Swan_Hill;Australia;Swan_Hill;71;SWH;YSWH
7341;Gypsy;United_Kingdom;Swindon;165;SWI;
7342;South_West_Bay;Vanuatu;South_West_Bay;3;SWJ;NVSX
7343;Segrate;Italy;Milan;;SWK;
7344;Spanish_Wells;Bahamas;Spanish_Wells;;SWL;
7345;Suia-Missu;Brazil;Suia-Missu;;SWM;
7346;Sahiwal;Pakistan;Sahiwal;174;SWN;OPSW
7347;Searcy_Fld;United_States;Stillwater;305;SWO;KSWO
7348;Swakopmund;Namibia;Swakopmund;52;SWP;FYSM
7349;Brang_Bidji;Indonesia;Sumbawa;5;SWQ;WADS
7350;Silur;Papua_New_Guinea;Silur;;SWR;
7351;Fairwood_Comm;United_Kingdom;Swansea;91;SWS;EGFH
7352;Strzhewoi;Russian_Federation;Strzhewoi;50;SWT;UNSS
7353;Suwon;Korea_(South);Suwon;27;SWU;RKSW
7354;Shikarpur;Pakistan;Shikarpur;;SWV;OPSP
7355;Sweetwater;United_States;Sweetwater;725;SWW;KSWW
7356;Shakawe;Botswana;Shakawe;1030;SWX;FBSW
7357;Sitiawan;Malaysia;Sitiawan;8;SWY;WMBA
7358;Sydney_West;Australia;Sydney;;SWZ;
7359;Sialum;Papua_New_Guinea;Sialum;34;SXA;
7360;Entzheim;France;Strasbourg;154;SXB;LFST
7361;Avalo_Vor/WP;United_States;Catalina_Island;;SXC;
7362;Sophia_Antipolis;France;Sophia_Antipolis;;SXD;
7363;Sale;Australia;Sale;28;SXE;YWSL
7364;Schoenefeld;Germany;Berlin;48;SXF;EDDB
7365;Senanga;Zambia;Senanga;1027;SXG;FLSN
7366;Sehulea;Papua_New_Guinea;Sehulea;9;SXH;
7367;Sirri_Island;Iran;Sirri_Island;13;SXI;OIBS
7368;Shanshan;China;Shanshan;;SXJ;ZWSS
7369;Saumlaki;Indonesia;Saumlaki;55;SXK;WAPI
7370;Collooney;Ireland;Sligo;3;SXL;EISG
7371;Princess_Juliana_International;Netherlands;Philipsburg_St._Maarten;4;SXM;TNCM
7372;Suapan;Botswana;Suapan;910;SXN;FBSN
7373;Sao_Felix_Do_Araguaia;Brazil;Sao_Felix_Do_Araguaia;198;SXO;SWFX
7374;Sheldon_SPB;United_States;Sheldon_Point;4;SXP;KSXP
7375;Soldotna;United_States;Soldotna;34;SXQ;PASX
7376;Srinagar;India;Srinagar;1655;SXR;VISR
7377;Sahabat_16;Malaysia;Sahabat_16;23;SXS;WBKH
7378;Taman_Negara;Malaysia;Taman_Negara;;SXT;WMAN
7379;Soddu;Ethiopia;Soddu;1951;SXU;HASD
7380;Salem;India;Salem;307;SXV;VOSM
7381;Sauren;Norway;Sauren;;SXW;
7382;Sao_Felix_Do_Xingu;Brazil;Sao_Felix_Do_Xingu;200;SXX;SNFX
7383;Sidney;United_States;Sidney;313;SXY;
7384;Siirt;Turkey;Siirt;610;SXZ;LTCL
7385;Shemya_AFB;United_States;Shemya;29;SYA;PASY
7386;Seal_Bay;United_States;Seal_Bay;;SYB;OOMS
7387;Shiringayoc;Peru;Shiringayoc;228;SYC;SPOV
7388;Kingsford_Smith;Australia;Sydney;6;SYD;YSSY
7389;Sadah;Yemen;Sadah;1810;SYE;OYSH
7390;Silva_Bay;Colombia;Silva_Bay;;SYF;KSYF
7391;Spitsberg;Norway;Svalbard;;SYG;KPHX
7392;Syangboche;Nepal;Syangboche;3748;SYH;VNSB
7393;Bomar_Field;United_States;Shelbyville;244;SYI;KSYI
7394;Sirjan;Iran;Sirjan;1782;SYJ;OIKY
7395;Stykkisholmur;Iceland;Stykkisholmur;13;SYK;BIST
7396;Roberts_AAF;Canada;San_Miguel;192;SYL;KSYL
7397;Simao;China;Simao;;SYM;ZPSM
7398;Carleton;United_States;Stanton;280;SYN;KSYN
7399;Shonai;Japan;Shonai;26;SYO;RJSY
7400;Santiago;Paraguay;Santiago;83;SYP;MPSA
7401;Syracuse_Hancock_International_Airport;United_States;Syracuse;128;SYR;KSYR
7402;Yeosu;Korea_(South);Suncheon;21;SYS;
7403;Charolais_Bourgogne_S.;France;Saint_Yan;243;SYT;LFLN
7404;Warraber_Island;Australia;Sue_Island;;SYU;YWBS
7405;Sylvester;United_States;Sylvester;123;SYV;KSYV
7406;Sehwen_Sharif;Liberia;Sehwen_Sharif;8;SYW;SBGR
7407;Fenghuang_International_(Phoenix_International);China;Sanya;28;SYX;ZJSY
7408;Stornoway;United_Kingdom;Stornoway;8;SYY;EGPO
7409;Shiraz;Iran;Shiraz;1500;SYZ;OISS
7410;Soyo;Angola;Soyo;5;SZA;FNSO
7411;Sultan_Abdul_Aziz_Shah;Malaysia;Kuala_Lumpur;27;SZB;WMSA
7412;Guanacaste;Costa_Rica;Santa_Cruz;60;SZC;MRTM
7413;Sheffield_City_Airport;United_Kingdom;Sheffield;70;SZD;EGSY
7414;Semera_Airport;Malaysia;Semera;;SZE;URSS
7415;Carsamba;Turkey;Samsun;5;SZF;LTFH
7416;W._A._Mozart;Austria;Salzburg;430;SZG;LOWS
7417;Senipah;Indonesia;Senipah;11;SZH;WRLY
7418;Zaisan;Kazakhstan;Zaisan;572;SZI;URSS
7419;Siguanea;Cuba;Siguanea;;SZJ;KNTU
7420;Skukuza;South_Africa;Skukuza;311;SZK;FASZ
7421;Whiteman_AFB;United_States;Warrensburg;265;SZL;KSZL
7422;Sesriem;Namibia;Sesriem;;SZM;ZUUU
7423;Santa_Cruz_Island;Colombia;Santa_Barbara;15;SZN;KSZN
7424;Shanzhou;China;Shanzhou;;SZO;
7425;Oxnard;United_States;Santa_Paula;74;SZP;KSZP
7426;Saenz_Pena;Argentina;Saenz_Pena;;SZQ;
7427;Stara_Zagora;Bulgaria;Stara_Zagora;170;SZR;LBSZ
7428;Stewart_Island;New_Zealand;Stewart_Island;88;SZS;NZRC
7429;San_Cristobal_Airport;Mexico;S.Cristobal_deL_Casas;2349;SZT;MMSC
7430;Segou;Mali;Segou;289;SZU;GASG
7431;Suzhou;China;Suzhou;;SZV;ZSSZ
7432;Parchim_Airport;Germany;Schwerin;51;SZW;EDOP
7433;Shenzhen;China;Shenzhen;4;SZX;ZGSZ
7434;Mazury;Poland;Szymany;141;SZY;EPSY
7435;Goleniow;Poland;Szczecin;47;SZZ;EPSC
7436;Tarapaina;Solomon_Islands;Tarapaina;;TAA;
7437;Crown_Point_Airport;Trinidad_And_Tobago;Tobago;11;TAB;TTCP
7438;D.Z._Romualdez;Philippines;Tacloban;3;TAC;RPVA
7439;Las_Animas;United_States;Trinidad;1756;TAD;KTAD
7440;Daegu;Korea_(South);Daegu;35;TAE;RKTN
7441;Tafaraoui;Algeria;Oran;112;TAF;DAOL
7442;Tagbilaran;Philippines;Tagbilaran;12;TAG;RPVT
7443;Tanna;Vanuatu;Tanna;6;TAH;NVVW
7444;Al_Janad;Yemen;Taiz;1475;TAI;OYTZ
7445;Tadji;Papua_New_Guinea;Aitape;;TAJ;
7446;Takamatsu;Japan;Takamatsu;185;TAK;RJOT
7447;Ralph_Calhoun;United_States;Tanana;72;TAL;PATA
7448;Gen_F_Javier_Mina;Mexico;Tampico;24;TAM;MMTM
7449;Tangalooma;Australia;Tangalooma;4;TAN;YTGA
7450;Qingdao;China;Qingdao;10;TAO;ZSQD
7451;Tapachula_International;Mexico;Tapachula;30;TAP;MMTP
7452;Tarcoola;Australia;Tarcoola;125;TAQ;YTAR
7453;M._A._Grottag;Italy;Taranto;66;TAR;LIBG
7454;Yuzhny;Uzbekistan;Tashkent;432;TAS;UTTT
7455;Poprad/tatry;Slovakia;Poprad;718;TAT;LZTT
7456;Tauramena;Colombia;Tauramena;;TAU;SKTA
7457;Tau;American_Samoa;Tau;56;TAV;
7458;Tacuarembo;Uruguay;Tacuarembo;134;TAW;SUTB
7459;Taliabu;Indonesia;Taliabu;0;TAX;WAPT
7460;Tartu;Estonia;Tartu;67;TAY;EETU
7461;Dashoguz;Turkmenistan;Dashoguz;83;TAZ;UTAT
7462;Tabibuga;Papua_New_Guinea;Tabibuga;;TBA;
7463;Tuy_Hoa;Vietnam;Tuy_Hoa;6;TBB;VVTH
7464;Tuba_City;Gambia;Tuba_City;1376;TBC;
7465;Timbiqui;Colombia;Timbiqui;;TBD;
7466;Timbunke;Papua_New_Guinea;Timbunke;;TBE;
7467;Tabiteuea_North;Kiribati;Tabiteuea_North;2;TBF;NGTE
7468;Tabubil;Papua_New_Guinea;Tabubil;457;TBG;AYTB
7469;Romblon;Philippines;Tablas;3;TBH;RPVU
7470;New_Bright;Bahamas;The_Bight;;TBI;
7471;Tabarka;Tunisia;Tabarka;70;TBJ;DTKA
7472;Timber_Creek;New_Zealand;Timber_Creek;16;TBK;YTBR
7473;Tableland;Australia;Tableland;36;TBL;YTAB
7474;Tumbang_Samba;Indonesia;Tumbang_Samba;;TBM;
7475;Forney_AAF;United_States;Fort_Leonard_Wood;353;TBN;KTBN
7476;Tabora;Tanzania;Tabora;1179;TBO;HTTB
7477;Tumbes;Peru;Tumbes;35;TBP;SPME
7478;Tarabo;Sudan;Tarabo;;TBQ;KFOE
7479;Statesboro-Bulloch_County_Airport;United_States;Statesboro_GA;57;TBR;KTBR
7480;Lochini_(novo_Alexeyevka);Georgia;Tbilisi;495;TBS;UGTB
7481;Internacional;Brazil;Tabatinga;85;TBT;SBTT
7482;Tabal;Chile;Tabal;;TBV;
7483;Tambov;Russian_Federation;Tambov;126;TBW;UUOT
7484;Taabo;"Cote_D&#039;Ivoire";Taabo;;TBX;KFOE
7485;Tsabong;Botswana;Tsabong;930;TBY;FBTS
7486;Tabriz;Iran;Tabriz;1359;TBZ;OITT
7487;Tennant_Creek;Australia;Tennant_Creek;377;TCA;YTNK
7488;Treasure_Cay;Bahamas;Treasure_Cay_Ibaco_Islands;2;TCB;MYAT
7489;Tucumcari;United_States;Tucumcari;1239;TCC;KTCC
7490;Tarapaca;Colombia;Tarapaca;;TCD;
7491;Tulcea;Romania;Tulcea;61;TCE;LRTC
7492;Tocoa;Honduras;Tocoa;;TCF;
7493;Tacheng;China;Tacheng;;TCG;ZWTC
7494;Tchibanga;Gabon;Tchibanga;82;TCH;FOOT
7495;Torembi_Airport;Papua_New_Guinea;Torembi;;TCJ;DAAJ
7496;Tinboli_Airport;Papua_New_Guinea;Tinboli;;TCK;EDTN
7497;Van_De_Graaf;United_States;Tuscaloosa;52;TCL;KTCL
7498;McChord_AFB;United_States;Tacoma_WA;98;TCM;KTCM
7499;Tehuacan;Mexico;Tehuacan;1679;TCN;MMHC
7500;La_Florida;Colombia;Tumaco;2;TCO;SKCO
7501;Taba_International;Egypt;Taba;736;TCP;HETB
7502;Tacna;Peru;Tacna;469;TCQ;SPTN
7503;Tuticorin;India;Tuticorin;;TCR;SBPV
7504;Municipal;United_States;Truth_Or_Consequences;1479;TCS;KTCS
7505;Takotna;United_States;Takotna;251;TCT;KTCT
7506;Thaba_Nchu;South_Africa;Thaba_Nchu;1501;TCU;FATN
7507;Tete;Mozambique;Tete;;TCV;FQTE
7508;Tocumwal;Australia;Tocumwal;113;TCW;YTOC
7509;Tabas;Iran;Tabas;705;TCX;OIMT
7510;Terrace_Bay;Canada;Terrace_Bay;59;TCY;KTCY
7511;Trinidad;Colombia;Trinidad;198;TDA;SKTD
7512;Tetabedi;Kiribati;Tetabedi;;TDB;
7513;Trinidad;Bolivia;Trinidad;155;TDD;SLTR
7514;Tandag;Philippines;Tandag;5;TDG;RPMW
7515;Tadjoura;Djibouti;Tadjoura;75;TDJ;HDTJ
7516;Taldy-Kurgan;Kazakhstan;Taldy-Kurgan;591;TDK;UAAT
7517;Tandil;Argentina;Tandil;175;TDL;SAZT
7518;Theda_Station;Turkey;Theda;;TDN;GMTN
7519;Winlock;Colombia;Toledo;114;TDO;KTDO
7520;Theodore;United_Kingdom;Theodore;39;TDR;YTDR
7521;Sasereme;Papua_New_Guinea;Sasereme;;TDS;
7522;Tanda_Tula;South_Africa;Tanda_Tula;;TDT;FATD
7523;Tanandava;Madagascar;Tanandava;27;TDV;FMSN
7524;Tradewind;United_States;Amarillo;1112;TDW;KTDW
7525;Trat;Thailand;Trat;32;TDX;VTBO
7526;Toledo;United_States;Toledo;190;TDZ;KTDZ
7527;Tela;Honduras;Tela;2;TEA;MHTE
7528;Teterboro;United_States;Teterboro;3;TEB;KTEB
7529;Telemaco_Borba;Brazil;Telemaco_Borba;796;TEC;SBTL
7530;Thisted;Denmark;Thisted;7;TED;EKTS
7531;Tbessa;Algeria;Tbessa;811;TEE;DABS
7532;Telfer;Australia;Telfer;296;TEF;YTEF
7533;Tenkodogo;Burkina_Faso;Tenkodogo;310;TEG;DFET
7534;Tetlin;United_States;Tetlin;;TEH;OATW
7535;Tezu;India;Tezu;244;TEI;VETJ
7536;Tatitlek;United_States;Tatitlek;19;TEK;
7537;Telupid;Malaysia;Telupid;;TEL;WBKE
7538;Temora;Australia;Temora;281;TEM;YTEM
7539;Tongren;China;Tongren;;TEN;ZUTR
7540;Terapo;Papua_New_Guinea;Terapo;;TEO;
7541;Teptep;Papua_New_Guinea;Teptep;;TEP;
7542;Corlu;Turkey;Tekirdag;175;TEQ;LTBU
7543;Lajes_Ab;Portugal;Terceira_Island;55;TER;LPLA
7544;Tessenei;Eritrea;Tessenei;615;TES;HHTS
7545;Matundo;Mozambique;Tete;160;TET;FQTT
7546;Manapouri;New_Zealand;Te_Anau;209;TEU;NZMO
7547;Tohid;Madagascar;Tohid;280;TEW;KTEW
7548;Telluride;United_States;Telluride;2765;TEX;KTEX
7549;Thingeyri;Iceland;Thingeyri;20;TEY;BITE
7550;Salonibari;India;Tezpur;73;TEZ;VETZ
7551;Tifalmin;Papua_New_Guinea;Tifalmin;;TFB;RCTP
7552;Taormina_Harbour;Italy;Taormina;;TFC;MRPV
7553;Tefe;Brazil;Tefe;56;TFF;SBTF
7554;Tufi;Papua_New_Guinea;Tufi;;TFI;
7555;Teofilo_Otoni;Brazil;Teofilo_Otoni;479;TFL;SNTO
7556;Telefomin;Papua_New_Guinea;Telefomin;;TFM;
7557;Tenerife_Norte_(Los_Rodeos);Spain;Tenerife;632;TFN;GCXO
7558;Ramadan;Egypt;Ramadan;;TFR;LFDT
7559;Sur_Reina_Sofia;Spain;Tenerife;64;TFS;GCTS
7560;Taftan;Sweden;Taftan;;TFT;OPTT
7561;Tarfaya;Morocco;Tarfaya;;TFY;
7562;Tagbita;Philippines;Tagbita;;TGB;
7563;Golubovci;Montenegro;Podgorica;43;TGD;LYPG
7564;Sharpe_Field;United_States;Tuskegee;80;TGE;
7565;Tignes;France;Tignes;;TGF;
7566;Sultan_Mahmood;Malaysia;Kuala_Terengganu;6;TGG;WMKN
7567;Tongoa;Vanuatu;Tongoa;135;TGH;NVST
7568;Tingo_Maria;Peru;Tingo_Maria;613;TGI;SPGM
7569;Tiga;Montenegro;Tiga;39;TGJ;NWWA
7570;Tagula;Papua_New_Guinea;Tagula;;TGL;
7571;Transilvania;Romania;Tirgu_Mures;294;TGM;LRTM
7572;La_Trobe__Regional;Australia;Traralgon;55;TGN;YLTV
7573;Tongliao;China;Tongliao;;TGO;ZBTL
7574;Tangara_da_Serra;Brazil;Tangara_da_Serra;;TGQ;RJAA
7575;Touggourt;Algeria;Touggourt;85;TGR;DAUK
7576;Chokwe;Mozambique;Chokwe;50;TGS;
7577;Tanga;Tanzania;Tanga;39;TGT;HTTG
7578;Toncontin;Honduras;Tegucigalpa;1004;TGU;MHTG
7579;Targovishte;Burkina_Faso;Targovishte;;TGV;
7580;Tingrela;"Cote_D&#039;Ivoire";Tingrela;;TGX;MMTG
7581;Llano_San_Juan;Mexico;Tuxtla_Gutierrez;457;TGZ;MMTG
7582;Tullahoma/William_Northern_Field;United_States;Tullahoma_TN;330;THA;KTHA
7583;Thaba-Tseka;Lesotho;Thaba-Tseka;2286;THB;FXTA
7584;Tchien;Liberia;Tchien;241;THC;GLTN
7585;Senador_Petrônio_Portella;Brazil;Teresina;67;THE;SBTE
7586;Tempelhof;Germany;Berlin;50;THF;EDDI
7587;Thangool;Australia;Thangool;196;THG;YTNG
7588;Taharoa;New_Zealand;Taharoa;16;THH;NZTS
7589;Tichitt;Mauritania;Tichitt;171;THI;GQNC
7590;Thakhek;Thailand;Thakhek;137;THK;VLTK
7591;Tachilek;Myanmar;Tachilek;390;THL;VYTL
7592;Thompsonfield;United_States;Thompsonfield;752;THM;KTHM
7593;Trollhattan;Sweden;Trollhattan;42;THN;ESGT
7594;Thorshofn;Iceland;Thorshofn;20;THO;BITN
7595;Hot_Springs;United_States;Thermopolis;1400;THP;KTHP
7596;Mehrabad/ghaleh_Morghi;Iran;Tehran;1208;THR;OIII
7597;Sukhothai;Thailand;Sukhothai_(sawankolok);55;THS;VTPO
7598;Tamchakett;Mauritania;Tamchakett;189;THT;GQNT
7599;Pituffik;Greenland;Pituffik;77;THU;BGTL
7600;York_Airport;United_States;York;151;THV;KTHV
7601;Thohoyandou;Egypt;Thohoyandou;1;THY;FATH
7602;Tahoua;Niger;Tahoua;386;THZ;DRRT
7603;Rinas_Mother_Teresa;Albania;Tirana;38;TIA;LATI
7604;Tibu;Colombia;Tibu;59;TIB;SKTB
7605;Tinak_Island;Marshall_Islands;Tinak_Island;1;TIC;
7606;Bouchekif_Abde_Al-hafidh_Boussof;Senegal;Tiaret;989;TID;DAOB
7607;Tippi;Ethiopia;Tippi;335;TIE;HATP
7608;Taif;Saudi_Arabia;Taif;1478;TIF;OETF
7609;Tingwon;Papua_New_Guinea;Tingwon;;TIG;
7610;Tikehau_Atoll;French_Polynesia;Tikehau_Atoll;2;TIH;NTGC
7611;Tirinkot;Afghanistan;Tirinkot;1370;TII;OATN
7612;General_A._L._Rodriguez_Intl;Mexico;Tijuana;149;TIJ;MMTJ
7613;Tinker_AFB;United_States;Oklahoma_City;393;TIK;KTIK
7614;Inverlake;Canada;Inverlake;;TIL;
7615;Timika;Indonesia;Tembagapura;31;TIM;WABP
7616;Tindouf;Algeria;Tindouf;443;TIN;DAOF
7617;Tilin;Myanmar;Tilin;422;TIO;VYHN
7618;International;Libya;Tripoli;80;TIP;HLLT
7619;Tinian;Northern_Mariana_Islands;Tinian;83;TIQ;PGWT
7620;Tirupati;India;Tirupati;107;TIR;VOTP
7621;Thursday_Island;Australia;Thursday_Island;13;TIS;YHID
7622;Timaru;New_Zealand;Timaru;27;TIU;NZTU
7623;Tivat;Montenegro;Tivat;6;TIV;LYTV
7624;Industrial;United_States;Tacoma;90;TIW;KTIW
7625;Space_Center_Exect.;United_States;Titusville;10;TIX;KTIX
7626;Tidjikja;Mauritania;Tidjikja;401;TIY;GQND
7627;Tari;Papua_New_Guinea;Tari;;TIZ;AYTA
7628;Tarija;Bolivia;Tarija;1854;TJA;SLTJ
7629;Tanjung_Balai;Indonesia;Tanjung_Balai;1;TJB;WIBT
7630;Ticantiki;Panama;Ticantiki;;TJC;KLBX
7631;Tanjung_Warukin;Indonesia;Tanjung_Warukin;60;TJG;WAON
7632;Tajima;Japan;Toyooka;178;TJH;RJBT
7633;Capiro;Honduras;Trujillo;1;TJI;MHTJ
7634;Tokat;Turkey;Tokat;558;TJK;LTAW
7635;Roschino;Russian_Federation;Tyumen;115;TJM;USTR
7636;Takume;French_Polynesia;Takume;;TJN;KSEA
7637;Bulutumbang;Indonesia;Tanjung_Pandan;50;TJQ;WIOD
7638;Tanjung_Selor;Indonesia;Tanjung_Selor;3;TJS;WALG
7639;Thanjavur;India;Thanjavur;77;TJV;VOTJ
7640;Talkeetna;United_States;Talkeetna;109;TKA;PATK
7641;Tekadu;Papua_New_Guinea;Tekadu;;TKB;
7642;Tiko;Cameroon;Tiko;46;TKC;FKKC
7643;Takoradi;Ghana;Takoradi;6;TKD;DGTK
7644;Tenakee_SPB;United_States;Tenakee_Springs;0;TKE;KTKE
7645;Truckee-Tahoe;United_States;Truckee_CA;1798;TKF;KTRK
7646;Branti;Indonesia;Bandar_Lampung;86;TKG;WILL
7647;Nakhon_Sawan;Thailand;Takhli;33;TKH;VTPI
7648;Tokeen;United_States;Tokeen;0;TKI;KTKI
7649;Tok;United_States;Tok;509;TKJ;PATJ
7650;Truk;Federated_States_of_Micronesia;Truk;3;TKK;PTKK
7651;Taku_SPB;United_States;Taku_Lodge;0;TKL;KTKL
7652;El_Peten;Guatemala;Tikal;;TKM;MGTK
7653;Tokunoshima;Japan;Tokunoshima;5;TKN;RJKN
7654;Tlokoeng;Lesotho;Tlokoeng;2134;TKO;FXTK
7655;Takapoto;French_Polynesia;Takapoto;4;TKP;NTGT
7656;Kigoma;Tanzania;Kigoma;823;TKQ;HTKA
7657;Thakurgaon;Bangladesh;Thakurgaon;54;TKR;VGSG
7658;Tokushima;Japan;Tokushima;8;TKS;RJOS
7659;Tak;Thailand;Tak;146;TKT;VTPT
7660;Turku;Finland;Turku;49;TKU;EFTU
7661;Tatakoto;French_Polynesia;Tatakoto;4;TKV;NTGO
7662;Tekin;Papua_New_Guinea;Tekin;;TKW;
7663;Takaroa;French_Polynesia;Takaroa;4;TKX;NTKR
7664;Turkey_Creek;Australia;Turkey_Creek;533;TKY;YTKY
7665;Tokoroa;New_Zealand;Tokoroa;371;TKZ;NZTO
7666;Teller;United_States;Teller;90;TLA;PATE
7667;Tarbela;Pakistan;Tarbela;340;TLB;OPTA
7668;Licenciado_Adolfo_Lopez_Mateos_International;Mexico;Toluca;2580;TLC;MMTO
7669;Limpopo_Valley;Botswana;Tuli_Block;625;TLD;FBTL
7670;Tulear;Madagascar;Tulear;9;TLE;FMST
7671;Telida;United_States;Telida;198;TLF;
7672;Tulagi_Island;Solomon_Islands;Tulagi_Island;;TLG;
7673;Tallahassee_Regional_Airport;United_States;Tallahassee;25;TLH;KTLH
7674;Tolitoli;Indonesia;Tolitoli;;TLI;WAMI
7675;Tatalina_AFS;United_States;Tatalina;294;TLJ;PATL
7676;Talknafjordur;Iceland;Talknafjordur;;TLK;
7677;Ulemiste;Estonia;Tallinn;40;TLL;EETN
7678;Zenata;Algeria;Tlemcen;248;TLM;DAON
7679;Le_Palyvestre;France;Hyeres;2;TLN;LFTH
7680;Tol;Argentina;Tol;;TLO;
7681;Tumolbil;Papua_New_Guinea;Tumolbil;;TLP;
7682;Mefford_Field;United_States;Tulare_CA;81;TLR;KTLR
7683;Blagnac;France;Toulouse;152;TLS;LFBO
7684;Tuluksak;United_States;Tuluksak;9;TLT;KTLT
7685;Tolu;Colombia;Tolu;;TLU;SKTL
7686;Ben_Gurion_Intl;Israel;Tel_Aviv_Yafo;41;TLV;LLBG
7687;Talasea;Morocco;Talasea;;TLW;
7688;Talca;Ethiopia;Talca;113;TLX;SCTL
7689;Catalao;Brazil;Catalao;796;TLZ;SWKT
7690;Henry_Tift_Myers;United_States;Tifton_GA;108;TMA;KTMA
7691;Tamiami;United_States;Miami;2;TMB;KTMB
7692;Tjilik_Riwut;Indonesia;Tambolaka;49;TMC;WADT
7693;Timbedra;Mauritania;Timbedra;211;TMD;GQNH
7694;Tame;Colombia;Tame;320;TME;SKTM
7695;Tomanggong;Malaysia;Tomanggong;8;TMG;WBKM
7696;Tanahmerah;China;Tanahmerah;;TMH;WAKT
7697;Tumling_Tar;Nepal;Tumling_Tar;518;TMI;VNTR
7698;Termez;Uzbekistan;Termez;313;TMJ;UTST
7699;Tamky;Vietnam;Tamky;;TMK;
7700;Tamale;Ghana;Tamale;169;TML;DGLE
7701;Tamatave;Madagascar;Tamatave;7;TMM;FMMT
7702;Tamana_Island;Kiribati;Tamana_Island;;TMN;NGTM
7703;Tumeremo;Venezuela;Tumeremo;105;TMO;SVTM
7704;Tampere-pirkkala;Finland;Tampere;119;TMP;EFTP
7705;Tambao;Burkina_Faso;Tambao;250;TMQ;DFEM
7706;Aguemar;Algeria;Tamanrasset;1377;TMR;DAAT
7707;Sao_Tome_Is;Sao_Tome_and_Principe;Sao_Tome_Is;10;TMS;FPST
7708;Trombetas;Brazil;Trombetas;87;TMT;SBTB
7709;Tambor;Costa_Rica;Tambor;10;TMU;MRTR
7710;Tamworth_Regional_Airport;Australia;Tamworth;407;TMW;YSTW
7711;Timimoun;Algeria;Timimoun;313;TMX;DAUT
7712;Tiom;Indonesia;Tiom;;TMY;
7713;Thames;New_Zealand;Thames;2;TMZ;NZTH
7714;Jinan;China;Jinan;23;TNA;ZSJN
7715;Tanah_Grogot;Indonesia;Tanah_Grogot;;TNB;WRLH
7716;Tin_City_Afs;United_States;Tin_City_AK;83;TNC;PATC
7717;Trinidad;Cuba;Trinidad;38;TND;MUTD
7718;Tanegashima;Japan;Tanegashima;234;TNE;RJFG
7719;Toussus-le-noble;France;Toussus-Le-Noble;164;TNF;LFPN
7720;Boukhalef;Morocco;Tangier;19;TNG;GMTT
7721;Tonghua_Liuhe;China;Tonghua;;TNH;ZYTN
7722;Satna;India;Satna;323;TNI;VIST
7723;Kidjang;Indonesia;Tanjung_Pinang;16;TNJ;WIDN
7724;Tununak;United_States;Tununak;4;TNK;
7725;Ternopol;Ukraine;Ternopol;327;TNL;UKLT
7726;Teniente_R._Marsh_Martin;Antarctica;Teniente_R._Marsh_Martin;45;TNM;KTRI
7727;Tainan;Taiwan;Tainan;19;TNN;RCNN
7728;Tamarindo;Costa_Rica;Tamarindo;13;TNO;MRTM
7729;Twentynine_Palms;United_States;Twentynine_Palms;575;TNP;KTNP
7730;Teraina;Kiribati;Teraina;;TNQ;
7731;Antananarivo;Madagascar;Antananarivo;1280;TNR;FMMI
7732;Tungsten;Canada;Tungsten;1067;TNS;
7733;Dade_Collier;United_States;Miami;4;TNT;KTNT
7734;Municipal;United_States;Newton;290;TNU;KTNU
7735;Tabuaeran;Kiribati;Tabuaeran;;TNV;PLFA
7736;Stung_Treng;Cambodia;Stung_Treng;62;TNX;VDST
7737;Tosontsengel;Mongolia;Tosontsengel;;TNZ;DTTA
7738;Torrance_Airport;United_States;Torrance;31;TOA;KTOA
7739;Tobruk;Libya;Tobruk;158;TOB;HLGN
7740;Toccoa;Italy;Toccoa;304;TOC;KTOC
7741;Tioman;Malaysia;Tioman;5;TOD;WMBT
7742;Tozeur;Tunisia;Tozeur;87;TOE;DTTZ
7743;Bogashevo;Russian_Federation;Tomsk;182;TOF;UNTT
7744;Togiak_Village;United_States;Togiak_Village;6;TOG;PATG
7745;Torres_Airstrip;Venezuela;Torres;;TOH;NVSD
7746;Municipal;Kazakhstan;Troy;121;TOI;KTOI
7747;Torrejon_Afb;Spain;Madrid;618;TOJ;LETO
7748;Torokina;Papua_New_Guinea;Torokina;;TOK;
7749;Toledo_Express;United_States;Toledo_OH;208;TOL;KTOL
7750;Tombouctou;Mali;Tombouctou;263;TOM;GATB
7751;Tonu;Turkey;Tonu;;TON;
7752;San_Vito;Italy;San_Vito;984;TOO;MRSV
7753;Philip_Billard;United_States;Topeka;269;TOP;KTOP
7754;Barriles;Chile;Tocopilla;1059;TOQ;SCBE
7755;Municipal;United_States;Torrington;1282;TOR;KTOR
7756;Tromso/langnes;Norway;Tromso;9;TOS;ENTC
7757;Coronie;Suriname;Totness;;TOT;SMCO
7758;Touho;New_Caledonia;Touho;3;TOU;NWWU
7759;West_End_SPB;British_Virgin_Islands;Tortola;;TOV;
7760;Toledo;Peru;Toledo;562;TOW;SBTD
7761;Tobolsk;Russian_Federation;Tobolsk;51;TOX;USTO
7762;Toyama;Japan;Toyama;29;TOY;RJNT
7763;Touba;"Cote_D&#039;Ivoire";Touba;;TOZ;DITM
7764;Tampa_International;United_States;Tampa;8;TPA;KTPA
7765;Tarapoa;Ecuador;Tarapoa;248;TPC;SETR
7766;Taiwan_Taoyuan_International_(Chiang_Kai_Shek_International);Taiwan;Taipei;32;TPE;RCTP
7767;Taiping;Malaysia;Taiping;12;TPG;WMBI
7768;Tonopah_Arpt;United_States;Tonopah;1655;TPH;KTPH
7769;Tapini;Papua_New_Guinea;Tapini;;TPI;
7770;Taplejung_Suketar;Nepal;Taplejung;;TPJ;VNTJ
7771;Tapaktuan;Indonesia;Tapaktuan;;TPK;WITA
7772;Draughon-miller_Central_Texas_Regional;United_States;Temple_TX;208;TPL;KTPL
7773;Tiputini;Ecuador;Tiputini;304;TPN;SETI
7774;Tanalian_Point;United_States;Tanalian_Point;85;TPO;PALJ
7775;Tarapoto;Peru;Tarapoto;265;TPP;SPST
7776;Tepic;Mexico;Tepic;920;TPQ;MMEP
7777;Tom_Price;Australia;Tom_Price;;TPR;
7778;Birgi;Italy;Trapani;7;TPS;LICT
7779;Tapeta;Liberia;Tapeta;;TPT;
7780;Tikapur;Nepal;Tikapur;243;TPU;VNTP
7781;Tupai;French_Polynesia;Tupai;;TPX;KFOE
7782;Taluqan;Afghanistan;Taluqan;816;TQN;OATQ
7783;San_Domino_Island;Italy;San_Domino_Island;;TQR;SBPV
7784;Tres_Esquinas;Colombia;Tres_Esquinas;178;TQS;SKTQ
7785;Tarama;Japan;Taramajima;11;TRA;RORT
7786;Gonzalo;Colombia;Turbo;2;TRB;SKTU
7787;Francisco_Sarabia;Mexico;Torreon;1124;TRC;MMTC
7788;Vaernes;Norway;Trondheim;17;TRD;ENVA
7789;Tiree;United_Kingdom;Tiree;12;TRE;EGPU
7790;Sandefjord;Norway;Torp;87;TRF;ENTO
7791;Tauranga_City;New_Zealand;Tauranga;4;TRG;NZTG
7792;Trona;United_States;Trona;523;TRH;KTRH
7793;Tri-cities_Regional;United_States;Blountville;463;TRI;KTRI
7794;Tarakbits;Papua_New_Guinea;Tarakbits;;TRJ;
7795;Juwata;Indonesia;Tarakan;6;TRK;WALR
7796;Terrell_Field;Australia;Terrell;144;TRL;KTRL
7797;Thermal;United_States;Thermal;-35;TRM;KTRM
7798;Sandro_Pertini_(caselle);Italy;Turin;301;TRN;LIMF
7799;Taree;Australia;Taree;12;TRO;YTRE
7800;Coast_Guard_Heliport;Greece;Tree_Point;;TRP;KTRP
7801;Tarauaca;Brazil;Tarauaca;197;TRQ;SBTK
7802;China_Bay;Sri_Lanka;Trincomalee;2;TRR;VCCT
7803;Ronchi_Dei_Legionari;Italy;Trieste;11;TRS;LIPQ
7804;Tremonton;Brazil;Tremonton;;TRT;KTRI
7805;Trujillo;Peru;Trujillo;32;TRU;SPRU
7806;Thiruvananthapuram_International;India;Trivandrum;5;TRV;VOTV
7807;Bonriki;Kiribati;Tarawa;3;TRW;NGTA
7808;Memorial;Canada;Trenton;231;TRX;KTRX
7809;Tororo;Kenya;Tororo;1189;TRY;HUTO
7810;Civil;India;Tiruchirapally;88;TRZ;VOTR
7811;Sung_Shan;Taiwan;Taipei;5;TSA;RCSS
7812;Tsumeb;Namibia;Tsumeb;1327;TSB;FYTM
7813;Taisha;Ecuador;Taisha;509;TSC;SETH
7814;Tshipise;Democratic_Republic_Of_Congo;Tshipise;;TSD;
7815;Astana;Kazakhstan;Astana;355;TSE;UACC
7816;S._Angelo;Italy;Treviso;18;TSF;LIPH
7817;Intermediate;United_States;Tanacross;472;TSG;KTSG
7818;Tshikapa;Democratic_Republic_Of_Congo;Tshikapa;486;TSH;FZUK
7819;Tsili_Tsili;Papua_New_Guinea;Tsili_Tsili;;TSI;
7820;Tsushima;Japan;Tsushima;65;TSJ;RJDT
7821;Taskul;Papua_New_Guinea;Taskul;;TSK;
7822;Tamuin;Mexico;Tamuin;50;TSL;MMTN
7823;Taos;United_States;Taos;2163;TSM;KSKX
7824;Tianjin_Binhai_International;China;Tianjin;3;TSN;ZBTJ
7825;Tresco;United_Kingdom;Isles_Of_Scilly;6;TSO;EGHT
7826;Kern_County;United_States;Tehachapi_CA;1220;TSP;KTSP
7827;Torres;Venezuela;Torres;;TSQ;FXTA
7828;Timisoara_(traian_Vuia)_International;Romania;Timisoara;106;TSR;LRTR
7829;East_34th_St_Heliport;United_States;New_York;3;TSS;
7830;Trang;Thailand;Trang;20;TST;VTST
7831;Tabiteuea_South;Kiribati;Tabiteuea_South;;TSU;NGTS
7832;Townsville_International;Australia;Townsville;5;TSV;YBTL
7833;Tsewi;Papua_New_Guinea;Tsewi;;TSW;
7834;Tanjung_Santan;Indonesia;Tanjung_Santan;37;TSX;WALT
7835;Tasikmalaya;Indonesia;Tasikmalaya;350;TSY;WICM
7836;Tsetserleg;Mongolia;Tsetserleg;;TSZ;ZMTG
7837;Tan_Tan;Peru;Tan_Tan;199;TTA;GMAT
7838;Arbatax;Italy;Tortoli;7;TTB;LIET
7839;Taltal;Chile;Taltal;786;TTC;SCTT
7840;Troutdale;United_States;Troutdale;12;TTD;KTTD
7841;Babullah;Indonesia;Ternate;15;TTE;WAMT
7842;Tartagal;Argentina;Tartagal;449;TTG;SAST
7843;Thumrait;Oman;Thumrait;479;TTH;OOTH
7844;Tetiaroa_Is;French_Polynesia;Tetiaroa_Is;2;TTI;NTTE
7845;Tottori;Japan;Tottori;20;TTJ;RJOR
7846;Turtle_Island;Fiji;Turtle_Island;;TTL;NFUL
7847;Tablon_De_Tamara;Colombia;Tablon_De_Tamara;;TTM;
7848;Trenton_Mercer_Airport;United_States;Trenton_NJ;65;TTN;KTTN
7849;Municipal;United_States;Britton;402;TTO;KBTN
7850;Tortuquero;Costa_Rica;Tortuquero;2;TTQ;MRBT
7851;Tana_Toraja;Indonesia;Tana_Toraja;879;TTR;WAWT
7852;Tsaratanana;Madagascar;Tsaratanana;327;TTS;FMNT
7853;Taitung;Taiwan;Taitung;44;TTT;RCFN
7854;Sania_Ramel;Morocco;Tetuan;3;TTU;GMTN
7855;Tulcan;Ecuador;Tulcan;2941;TUA;SETU
7856;Tubuai;French_Polynesia;Tubuai;2;TUB;NTAT
7857;Benj_Matienzo;Argentina;Tucuman;456;TUC;SANT
7858;Tambacounda;Senegal;Tambacounda;49;TUD;GOTT
7859;Tupile;Panama;Tupile;;TUE;
7860;St_Symphorien;France;Tours;109;TUF;LFOT
7861;Tuguegarao;Philippines;Tuguegarao;21;TUG;RPUT
7862;Arnold_AFS;United_States;Tullahoma;;TUH;
7863;Turaif;Saudi_Arabia;Turaif;854;TUI;OETR
7864;Tum;Ethiopia;Tum;;TUJ;
7865;Turbat;Pakistan;Turbat;152;TUK;OPTU
7866;Tulsa_International;United_States;Tulsa;206;TUL;KTUL
7867;Tumut;Australia;Tumut;268;TUM;YTMU
7868;Carthage;Tunisia;Tunis;7;TUN;DTTA
7869;Taupo;New_Zealand;Taupo;407;TUO;NZAP
7870;Lemons_Municipal;United_States;Tupelo;105;TUP;KTUP
7871;Tougan;Burkina_Faso;Tougan;300;TUQ;DFOT
7872;Tucurui;Brazil;Tucurui;253;TUR;SBTU
7873;Tucson_International_Airport;United_States;Tucson_AZ;806;TUS;KTUS
7874;Tauta;Papua_New_Guinea;Tauta;;TUT;
7875;Tabuk;Saudi_Arabia;Tabuk;778;TUU;OETB
7876;Tucupita;Venezuela;Tucupita;32;TUV;SVTC
7877;Tubala;Indonesia;Tubala;;TUW;
7878;Tumbler_Ridge;United_Kingdom;Tumbler_Ridge;937;TUX;
7879;Tulum;Mexico;Tulum;2;TUY;MMTU
7880;Tucuma;Brazil;Tucuma;;TUZ;
7881;Morafenobe;Madagascar;Morafenobe;228;TVA;FMMR
7882;Cherry_Capital_Airport;United_States;Traverse_City;190;TVC;KTVC
7883;Regional;United_States;Thief_River_Falls;341;TVF;KTVF
7884;Municipal;United_States;Thomasville;80;TVI;KTVI
7885;South_Lake_Tahoe;United_States;South_Lake_Tahoe;1909;TVL;KTVL
7886;Matei;Fiji;Taveuni;;TVU;NFNM
7887;Dawe;Myanmar;Dawe;26;TVY;VYDW
7888;Twin_Hills;United_States;Twin_Hills;25;TWA;
7889;Toowoomba;Australia;Toowoomba;636;TWB;YTWB
7890;Port_Townsend;United_States;Port_Townsend;33;TWD;
7891;Taylor;United_States;Taylor;134;TWE;
7892;Joslin_Field_-_Magic_Valley_Regional;United_States;Twin_Falls_ID;1266;TWF;KTWF
7893;Two_Harbors;United_States;Catalina_Island;0;TWH;
7894;Tewantin;Australia;Tewantin;;TWN;
7895;Torwood;Australia;Torwood;;TWP;
7896;Tawitawi;Philippines;Tawitawi;;TWT;KTWT
7897;Tawau;Malaysia;Tawau;17;TWU;WBKW
7898;Tawa;Poland;Tawa;;TWY;
7899;Pukaki/Twizel;New_Zealand;Mount_Cook;;TWZ;EGNV
7900;Teixeira_de_Freitas;Brazil;Teixeira_de_Freitas;;TXF;NZTL
7901;Taichung;Taiwan;Taichung;112;TXG;RCLG
7902;Municipal;United_States;Texarkana;119;TXK;KTXK
7903;Berlin-tegel_/_Otto_Lilienthal;Germany;Berlin;37;TXL;EDDT
7904;Teminabuan;Indonesia;Teminabuan;;TXM;WAST
7905;Tunxi;China;Tunxi;;TXN;ZSTX
7906;Tanbar;Australia;Tanbar;;TXR;
7907;Tabou;"Cote_D&#039;Ivoire";Tabou;12;TXU;DITB
7908;Tula;Russian_Federation;Tula;219;TYA;UUBT
7909;Tibooburra;Australia;Tibooburra;178;TYB;YTIB
7910;Tynda;Russian_Federation;Tynda;610;TYD;UHBW
7911;Tyonek;United_States;Tyonek;34;TYE;KTYE
7912;Torsby_Airport;Sweden;Torsby;120;TYF;ESST
7913;Thylungra;Australia;Thylungra;39;TYG;YTHY
7914;Talara;Peru;Talara;86;TYL;SPYL
7915;Staniel_Cay;Bahamas;Staniel_Cay;2;TYM;MYES
7916;Taiyuan;China;Taiyuan;785;TYN;ZBYN
7917;Tobermorey;Australia;Tobermorey;;TYP;YTMY
7918;Tyler_Pounds_Regional_Airport;United_States;Tyler;166;TYR;KTYR
7919;Mc_Ghee_Tyson;United_States;Knoxville;299;TYS;KTYS
7920;Treinta-y-Tres;France;Treinta-y-Tres;103;TYT;SUTR
7921;Taylor;United_States;Taylor;1775;TYZ;KTYL
7922;Municipal;Belize;Belize_City;2;TZA;MZBE
7923;Tuzla_International;Bosnia_And_Herzegovina;Tuzla;239;TZL;LQTZ
7924;Tizimin;Mexico;Tizimin;;TZM;
7925;South_Andros;Bahamas;South_Andros;5;TZN;
7926;Trabzon;Turkey;Trabzon;32;TZX;LTCG
7927;Adana-Incirlik_Airbase;Turkey;Adana;73;UAB;LTAG
7928;San_Luis_Rio_Colorado;Mexico;San_Luis_Rio_Colorado;15;UAC;
7929;Mount_Aue;Papua_New_Guinea;Mount_Aue;1295;UAE;
7930;Ua_Huka;French_Polynesia;Ua_Huka;49;UAH;NTMU
7931;Suai;Indonesia;Suai;29;UAI;WPDB
7932;Narsarsuaq;Greenland;Narsarsuaq;34;UAK;BGBW
7933;Luau;Angola;Luau;1100;UAL;FNUA
7934;Andersen_AFB;Guam_(USA);Andersen_Mariana_Island;187;UAM;PGUA
7935;Ua_Pou;French_Polynesia;Ua_Pou;5;UAP;NTMP
7936;San_Juan;Argentina;San_Juan;597;UAQ;SANU
7937;Samburu;Kenya;Samburu;1004;UAS;HKSB
7938;Uaxactun;Guatemala;Uaxactun;152;UAX;
7939;Uberaba;Brazil;Uberaba;809;UBA;SBUR
7940;Mabuiag_Island;Australia;Mabuiag_Island;;UBB;YMAA
7941;Buin;Papua_New_Guinea;Buin;61;UBI;
7942;Ube;Japan;Ube;7;UBJ;RJDC
7943;Muang_Ubon;Thailand;Ubon_Ratchathni;124;UBP;VTUU
7944;Ubrub;Indonesia;Ubrub;;UBR;WAJU
7945;Lowndes_County;United_States;Columbus;57;UBS;KUBS
7946;Ubatuba;Brazil;Ubatuba;4;UBT;SDUB
7947;Kalumburu;Australia;Kalumburu;30;UBU;YKAL
7948;Oneida_County;United_States;Utica;226;UCA;KUCA
7949;Yucca_Flat;United_States;Yucca_Flat;1195;UCC;KUCC
7950;Eunice;United_States;Eunice;13;UCE;
7951;Lutsk;Ukraine;Lutsk;;UCK;UKLC
7952;Buchanan;Liberia;Buchanan;9;UCN;GLLB
7953;Ukhta;Russian_Federation;Ukhta;147;UCT;UUYH
7954;Everett-Stewart;United_States;Union_City;102;UCY;KUCY
7955;Undarra;Australia;Undarra;;UDA;YUDA
7956;Bermuda_Dunes;United_States;Palm_Springs;22;UDD;KUDD
7957;Volkel;Netherlands;Uden;22;UDE;EHVK
7958;Eduardo_Gomes;Brazil;Uberlandia;943;UDI;SBUL
7959;Uzhgorod;Ukraine;Uzhgorod;117;UDJ;UKLU
7960;Airfield;Italy;Udine;93;UDN;LIPD
7961;Udomxay;Laos;Udomxay;;UDO;
7962;Dabok;India;Udaipur;513;UDR;VAUD
7963;Queenstown;Australia;Queenstown;264;UEE;YQNS
7964;Quelimane;Mozambique;Quelimane;11;UEL;FQQL
7965;Kumejima;Japan;Kumejima;7;UEO;ROKJ
7966;Puertollano;Spain;Puertollano;;UER;ZWWW
7967;Waukesha;United_States;Waukesha;278;UES;KUES
7968;Quetta;Pakistan;Quetta;1605;UET;OPQT
7969;Ufa;Russian_Federation;Ufa;137;UFA;UWUU
7970;Bulgan;Mongolia;Bulgan;1315;UGA;ZMBN
7971;Ugashik_Bay;United_States;Pilot_Point;40;UGB;KUGB
7972;Urgench;Uzbekistan;Urgench;98;UGC;UTNU
7973;Uganik;United_States;Uganik;;UGI;ZMUB
7974;Memorial;United_States;Waukegan;222;UGN;KUGN
7975;Uige;Angola;Uige;829;UGO;FNUG
7976;Ugashik;United_States;Ugashik;8;UGS;
7977;Umnugobitour;Mongolia;Umnugobitour;;UGT;UUYH
7978;Zugapa;Turkey;Zugapa;;UGU;
7979;Kunovice;Czech_Republic;Uherske_Hradiste;177;UHE;LKKU
7980;RAF_Station;United_Kingdom;Upper_Heyford;;UHF;
7981;Quibdo;Colombia;Quibdo;62;UIB;SKUI
7982;Qui_Nhon;Vietnam;Qui_Nhon;24;UIH;VVPC
7983;Utila;Honduras;Utila;5;UII;MHUT
7984;Ust-Ilimsk;Russian_Federation;Ust-Ilimsk;408;UIK;UIBS
7985;Quillayute_State;United_States;Quillayute;59;UIL;KUIL
7986;Municipal;United_States;Quincy;234;UIN;KUIN
7987;Mariscal_Sucre;Ecuador;Quito;2813;UIO;SEQU
7988;Pluguffan;France;Quimper;91;UIP;LFRQ
7989;Quine_Hill;Vanuatu;Quine_Hill;5;UIQ;NVVQ
7990;Quirindi;Australia;Quirindi;321;UIR;YQDI
7991;Jaluit_Island;Marshall_Islands;Jaluit_Island;1;UIT;
7992;Berz-Macomb;Tunisia;Utica;;UIZ;KUIZ
7993;Ujae_Island;Marshall_Islands;Ujae_Island;;UJE;UJAP
7994;Ukunda;Kenya;Ukunda;30;UKA;HKKA
7995;Kobe;Japan;Kobe;7;UKB;RJBE
7996;Ukiah;United_States;Ukiah;187;UKI;KUKI
7997;Ust-kamenogorsk;Kazakhstan;Ust-kamenogorsk;286;UKK;UASK
7998;Municipal;United_States;Waukon;390;UKN;
7999;Mukeiras;Yemen;Mukeiras;2149;UKR;OYMK
8000;Belbek;Ukraine;Sevastopol;;UKS;
8001;Upper_Bucks;United_States;Quakertown;160;UKT;KUKT
8002;Nuku;Papua_New_Guinea;Nuku;290;UKU;
8003;Ust-Kut;Russian_Federation;Ust-Kut;667;UKX;UITT
8004;Kansai;Japan;Kyoto;;UKY;
8005;San_Julian;Argentina;San_Julian;58;ULA;SAWJ
8006;Ulei;Vanuatu;Ulei;38;ULB;NVSU
8007;Los_Cerrillos;Chile;Santiago;;ULC;SCTI
8008;Ulundi;South_Africa;Ulundi;524;ULD;FAUL
8009;Sule;Papua_New_Guinea;Sule;6;ULE;
8010;Ulgit;Mongolia;Ulgit;;ULG;ZMUL
8011;Ulithi;Federated_States_of_Micronesia;Ulithi;2;ULI;
8012;Mull;United_Kingdom;Mull;5;ULL;
8013;New_Ulm;United_States;New_Ulm;308;ULM;KULM
8014;Chinggis_Khaan_International;Mongolia;Ulaanbaatar;1330;ULN;ZMUB
8015;Ulaangom;Mongolia;Ulaangom;;ULO;ZMUG
8016;Quilpie;Australia;Quilpie;200;ULP;YQLP
8017;Farfan;Colombia;Tulua;955;ULQ;SKUL
8018;Mulatos;Colombia;Mulatos;6;ULS;
8019;Gulu;Uganda;Gulu;1070;ULU;HUGU
8020;Ulusaba;South_Africa;Ulusaba;387;ULX;
8021;Vostochny;Russian_Federation;Ulyanovsk;77;ULY;UWLW
8022;Uliastai;Mongolia;Uliastai;;ULZ;
8023;Punta_De_Maisi;Cuba;Punta_De_Maisi;15;UMA;MUMA
8024;North_Shore;United_States;Umnak_Island;43;UMB;OMUQ
8025;Umba;Papua_New_Guinea;Umba;1753;UMC;
8026;Uummannaq;Greenland;Uummannaq;15;UMD;BGUM
8027;Umea;Sweden;Umea;7;UME;ESNU
8028;Quincemil;Peru;Quincemil;624;UMI;SPIL
8029;Summit;United_States;Summit;734;UMM;PAST
8030;Woomera;Australia;Woomera;167;UMR;YPWR
8031;Umiat;United_States;Umiat;81;UMT;PAUM
8032;Ernesto_Geisel;Brazil;Umuarama;475;UMU;SSUM
8033;Sumy;Ukraine;Sumy;181;UMY;UKHS
8034;Una;Brazil;Una;6;UNA;SBTC
8035;Unguia;Colombia;Unguia;37;UNC;
8036;Kunduz;Afghanistan;Kunduz;435;UND;OAUZ
8037;Qachas_Nek;Lesotho;Qachas_Nek;1859;UNE;FXQN
8038;Kiunga;Papua_New_Guinea;Kiunga;31;UNG;AYKI
8039;Union_Island;Saint_Vincent_and_the_Grenadines;Union_Island;4;UNI;TVSU
8040;Unalakleet;United_States;Unalakleet;8;UNK;PAUN
8041;Ranong;Thailand;Ranong;17;UNN;VTSR
8042;Underkhaan;Mongolia;Underkhaan;;UNR;ZMUH
8043;Umnak;United_States;Umnak_Island;;UNS;ZMUH
8044;Baltasound;United_Kingdom;Unst_Shetland_Is;19;UNT;EGPW
8045;Dodge_County;United_States;Juneau__WI;285;UNU;KUNU
8046;Buol;Indonesia;Buol;5;UOL;WAFY
8047;Muong_Sai;Laos;Muong_Sai;630;UON;
8048;Franklin_County;United_States;Sewanee;595;UOS;KUOS
8049;University-Oxford;United_States;Oxford;138;UOX;KUOX
8050;Punta_Alegre;Cuba;Punta_Alegre;;UPA;MUPA
8051;Playa_Baracoa;Cuba;Havana;;UPB;UWUU
8052;Puerto_La_Cruz;Spain;Puerto_La_Cruz;;UPC;
8053;Pforheim;Germany;Pforheim;;UPF;
8054;Hasanudin;Indonesia;Ujung_Pandang;14;UPG;WAAA
8055;Upala;Costa_Rica;Upala;56;UPL;MRUP
8056;Uruapan;Mexico;Uruapan;1603;UPN;MMPN
8057;Upolu_Point;United_States;Upolu_Point;29;UPP;PHUP
8058;Upiara;Papua_New_Guinea;Upiara;12;UPR;
8059;Upavon;United_Kingdom;Upavon;;UPV;EGDJ
8060;Queen;United_States;Queen;9;UQE;ZMUB
8061;Uralsk;Kazakhstan;Uralsk;38;URA;UARR
8062;Ernesto_Pochler;Brazil;Urubupunga;356;URB;SBUP
8063;Urumqi;China;Urumqi;648;URC;ZWWW
8064;Burg_Feuerstein;Germany;Burg_Feuerstein;;URD;
8065;Kuressaare;Estonia;Kuressaare;4;URE;EEKE
8066;Ruben_Berta;Brazil;Uruguaiana;78;URG;SBUG
8067;Uribe;Colombia;Uribe;;URI;
8068;Uraj;Russian_Federation;Uraj;58;URJ;USHU
8069;Uriman;Venezuela;Uriman;350;URM;SVUM
8070;Urgoon;Afghanistan;Urgoon;2262;URN;OAOG
8071;Boos;France;Rouen;156;URO;LFOP
8072;Urrao;Colombia;Urrao;1760;URR;SKUR
8073;Kursk;Russian_Federation;Kursk;209;URS;UUOK
8074;Surat_Thani;Thailand;Surat_Thani;6;URT;VTSB
8075;Uroubi;Papua_New_Guinea;Uroubi;;URU;AGAT
8076;Gurayat;Saudi_Arabia;Gurayat;510;URY;OEGT
8077;Uruzgan;Afghanistan;Uruzgan;2050;URZ;OARG
8078;Islas_Malvinas;Argentina;Ushuaia;22;USH;SAWH
8079;Mabaruma;Guyana;Mabaruma;;USI;SYMB
8080;Usinsk;Russian_Federation;Usinsk;80;USK;UUYS
8081;Useless_Loop;Australia;Useless_Loop;15;USL;YUSL
8082;Koh_Samui;Thailand;Koh_Samui;20;USM;VTSM
8083;Ulsan;Korea_(South);Ulsan;14;USN;RKPU
8084;Usino;Papua_New_Guinea;Usino;122;USO;
8085;Usak;Turkey;Usak;883;USQ;LTBO
8086;Sancti_Spiritus;Cuba;Sancti_Spiritus;90;USS;MUSS
8087;St_Augustine;United_States;St_Augustine;3;UST;KSGJ
8088;Puerto_Princessa;Philippines;Busuanga;45;USU;RPVV
8089;Mutare;Zimbabwe;Mutare;1039;UTA;FVMU
8090;Muttaburra;Australia;Muttaburra;229;UTB;YMTB
8091;Soesterberg;Netherlands;Utrecht;20;UTC;EHSB
8092;Nutwood_Downs;Australia;Nutwood_Downs;37;UTD;YNUT
8093;Butterworth;South_Africa;Butterworth;655;UTE;FABU
8094;Quthing;South_Africa;Quthing;1631;UTG;FXQG
8095;Udon_Thani;Thailand;Udon_Thani;176;UTH;VTUD
8096;Utti;Finland;Valkeala;103;UTI;EFUT
8097;Utirik_Island;Marshall_Islands;Utirik_Island;1;UTK;
8098;Torremolinos;Spain;Torremolinos;;UTL;
8099;Upington;South_Africa;Upington;848;UTN;FAUP
8100;Indian_Mountain_AFS;United_States;Utopia_Creek;388;UTO;PAIM
8101;Utapao;Thailand;Utapao;13;UTP;VTBU
8102;Uttaradit;Thailand;Uttaradit;80;UTR;VTPU
8103;Umtata;South_Africa;Umtata;732;UTT;FAUT
8104;Ustupo;Panama;Ustupo;3;UTU;
8105;Queenstown;South_Africa;Queenstown;1109;UTW;FAQT
8106;Bugulma;Russian_Federation;Bugulma;302;UUA;UWKB
8107;Mukhino;Russian_Federation;Ulan-ude;515;UUD;UIUU
8108;Kuparuk;United_States;Kuparuk;20;UUK;PAKU
8109;Baruun-Urt;Mongolia;Baruun-Urt;977;UUN;ZMBU
8110;Yuzhno-Sakhalinsk;Russian_Federation;Yuzhno-Sakhalinsk;18;UUS;UHSS
8111;Manumu;Papua_New_Guinea;Manumu;518;UUU;
8112;Garner_Fld;United_States;Uvalde;287;UVA;KUVA
8113;Ouvea;New_Caledonia;Ouvea;7;UVE;NWWV
8114;Hewanorra;Saint_Lucia;St_Lucia;4;UVF;TLPL
8115;Kharga;Egypt;Kharga;59;UVL;HEKG
8116;Uvol;Papua_New_Guinea;Uvol;3;UVO;
8117;Ware;United_States;Ware;147;UWA;KUWA
8118;Nyala;Sudan;Nyala;642;UYL;HSNN
8119;Yulin;China;Yulin;;UYN;ZLYL
8120;Ponikve;Serbia;Uzice;904;UZC;LYUZ
8121;Unayzah;Saudi_Arabia;Unayzah;;UZH;
8122;Curuzu_Cuatia;Argentina;Curuzu_Cuatia;70;UZU;SATU
8123;Vaasa;Finland;Vaasa;6;VAA;EFVA
8124;Yavarate;Colombia;Yavarate;;VAB;
8125;Varrelbusch;Germany;Varrelbusch;39;VAC;EDWU
8126;Moody_AFB;United_States;Valdosta;71;VAD;KVAD
8127;Chabeuil;France;Valence;160;VAF;LFLU
8128;Maj._Brig._Trompowsky;Brazil;Varginha;923;VAG;SBVG
8129;Vallegrande;Italy;Vallegrande;1997;VAH;SLVG
8130;Vanimo;Papua_New_Guinea;Vanimo;3;VAI;AYVN
8131;Chevak;United_States;Chevak;18;VAK;PAVA
8132;Valenca;Brazil;Valenca;6;VAL;SNVB
8133;Ferit_Melen_Airport;Turkey;Van;1670;VAN;LTCI
8134;Suavanao_Airstrip;Solomon_Islands;Suavanao;;VAO;AGGV
8135;Valparaiso;Chile;Valparaiso;335;VAP;SCRD
8136;Varna;Bulgaria;Varna;70;VAR;LBWN
8137;Sivas;Turkey;Sivas;1596;VAS;LTAR
8138;Vatomandry;Madagascar;Vatomandry;12;VAT;FMMY
8139;Vatukoula;Fiji;Vatukoula;48;VAU;NFNV
8140;Vardoe;Norway;Vardoe;13;VAW;ENSS
8141;Vandenberg_AFB;United_States;Lompoc;112;VBG;KVBG
8142;Brescia_Montichiari;Italy;Brescia;109;VBS;LIPO
8143;Vanuabalavu;Fiji;Vanuabalavu;48;VBV;NFVB
8144;Visby;Sweden;Visby;50;VBY;ESSV
8145;Can_Tho;Vietnam;Can_Tho;3;VCA;VVCT
8146;View_Cove;United_States;View_Cove;36;VCB;KVCB
8147;Limbe;Cameroon;Limbe;;VCC;
8148;Victoria_River_Downs;Australia;Victoria_River_Downs;89;VCD;YVRD
8149;Marco_Polo;Italy;Venice;2;VCE;LIPZ
8150;Valcheta;Argentina;Valcheta;192;VCF;
8151;Vichadero;Uruguay;Vichadero;149;VCH;SUVO
8152;Chulai;Vietnam;Tamky;3139;VCL;CWVO
8153;Viracopos_(Campinas_International);Brazil;Campinas_Sao_Paulo;661;VCP;SBKP
8154;Carora;Venezuela;Carora;438;VCR;SVCO
8155;Coong;Vietnam;Con_Dao;;VCS;TAPA
8156;County-Foster;United_States;Victoria;35;VCT;KVCT
8157;Southern_California_Logistics;United_States;Victorville_CA;879;VCV;KVCV
8158;Ovda;Israel;Eilat;455;VDA;LLOV
8159;Valdres;Norway;Fagernes;822;VDB;ENFG
8160;Vitoria_Da_Conquista;Brazil;Vitoria_Da_Conquista;914;VDC;SBQV
8161;Vienna_Danubepier_Hov;Austria;Vienna;;VDD;NFND
8162;Hierro;Spain;Valverde;31;VDE;GCHI
8163;Municipal;United_States;Vidalia;84;VDI;KVDI
8164;Viedma;Argentina;Viedma;6;VDM;SAVV
8165;Valle_De_Pascua;Venezuela;Valle_De_Pascua;125;VDP;SVVP
8166;Villa_Dolores;Argentina;Villa_Dolores;584;VDR;SAOD
8167;Vadso;Norway;Vadso;39;VDS;ENVD
8168;Municipal;United_States;Valdez;37;VDZ;PAVD
8169;Venetie;United_States;Venetie;175;VEE;PAVE
8170;Maikwak;Guyana;Maikwak;;VEG;
8171;Vejle;Denmark;Vejle;;VEJ;
8172;Vernal;United_States;Vernal_UT;1609;VEL;KVEL
8173;Las_Bajadas;Mexico;Veracruz;27;VER;MMVR
8174;Barakoma;Solomon_Islands;Barakoma;3;VEV;AGBA
8175;Municipal;United_States;Tioga;692;VEX;
8176;Vestmannaeyjar;Iceland;Vestmannaeyjar;99;VEY;BIVM
8177;Victoria_Falls;Zimbabwe;Victoria_Falls;1064;VFA;FVFA
8178;Vijayawada;India;Vijayawada;25;VGA;VOBZ
8179;Vologda;Russian_Federation;Vologda;118;VGD;ULWW
8180;Vangrieng;Norway;Vangrieng;;VGG;
8181;Vigo;Spain;Vigo;261;VGO;LEVX
8182;General_Villegas;Argentina;General_Villegas;117;VGS;
8183;North_Air_Terminal;United_States;Las_Vegas;672;VGT;KVGT
8184;Villagarzon;Colombia;Villagarzon;799;VGZ;SKGZ
8185;Saurimo;Angola;Saurimo;1092;VHC;FNSA
8186;Vilhelmina;Sweden;Vilhelmina;347;VHM;ESNV
8187;Culberson_County;United_States;Van_Horn;1206;VHN;KVHN
8188;Charmeil;France;Vichy;249;VHY;LFLV
8189;Vahitahi;French_Polynesia;Vahitahi;3;VHZ;NTUV
8190;Vienna;Brazil;Videira;;VIA;KNUQ
8191;Villa_Constitucion;Mexico;Villa_Constitucion;43;VIB;
8192;Vicenza;Italy;Vicenza;39;VIC;LIPT
8193;Vidin;Bulgaria;Vidin;61;VID;LBVD
8194;Schwechat_International;Austria;Vienna;183;VIE;LOWW
8195;Vieste;Italy;Vieste;;VIF;NFTV
8196;El_Vigia;Venezuela;El_Vigia;76;VIG;SVVG
8197;Rolla_National;United_States;Vichy;350;VIH;KVIH
8198;Vinh_City;Vietnam;Vinh_City;7;VII;VVVH
8199;Virgin_Gorda;British_Virgin_Islands;Spanish_Town/Virgin_Gorda;4;VIJ;TUPW
8200;Airstrip;United_States;Kavik;;VIK;
8201;Dakhla;Western_Sahara;Dakhla;11;VIL;GMMH
8202;Vinnica;Ukraine;Vinnica;297;VIN;UKWW
8203;Viqueque;Indonesia;Viqueque;152;VIQ;WPVQ
8204;Virginia;South_Africa;Durban;6;VIR;FAVG
8205;Visalia;United_States;Visalia;90;VIS;KVIS
8206;Vitoria.;Spain;Vitoria.;513;VIT;LEVT
8207;Viru_Harbour_Airstrip;Solomon_Islands;Viru;;VIU;
8208;Vivigani;Papua_New_Guinea;Vivigani;30;VIV;
8209;Eurico_Sales;Brazil;Vitoria;3;VIX;SBVT
8210;Villa_Coublay;France;Paris;;VIY;KNUQ
8211;Xai_Xai;Mozambique;Xai_Xai;4;VJB;FQXA
8212;Virginia_Highlands;Ecuador;Abingdon;636;VJI;KVJI
8213;Gurue;Mozambique;Gurue;685;VJQ;
8214;Rach_Gia;Vietnam;Rach_Gia;2;VKG;VVRG
8215;Vnukovo;Russian_Federation;Moscow;209;VKO;UUWW
8216;Vicksburg;United_States;Vicksburg;32;VKS;KVKS
8217;Vorkuta;Russian_Federation;Vorkuta;184;VKT;UUYW
8218;West_Kavik;United_States;West_Kavik;195;VKW;TLPL
8219;Vandalia;United_States;Vandalia;164;VLA;KVLA
8220;Manises;Spain;Valencia;69;VLC;LEVC
8221;Regional;United_States;Valdosta;62;VLD;KVLD
8222;J_t_Robidoux;United_States;Valle;1828;VLE;
8223;Villa_Gesell;Argentina;Villa_Gesell;10;VLG;SAZV
8224;Bauerfield;Vanuatu;Port_Vila;21;VLI;NVVV
8225;Volgodonsk;Russian_Federation;Volgodonsk;;VLK;URRY
8226;Valladolid;Spain;Valladolid;846;VLL;LEVD
8227;Villamontes;Bolivia;Villamontes;398;VLM;SLVM
8228;Valencia;Venezuela;Valencia;432;VLN;SVVA
8229;Stolport;United_States;Vallejo;;VLO;MUCL
8230;Municipal;Brazil;Vila_Rica;;VLP;SWVC
8231;Vallenar;Chile;Vallenar;526;VLR;SCLL
8232;Valesdir;Vanuatu;Valesdir;3;VLS;NVSV
8233;Velikiye_Luki;Russian_Federation;Velikiye_Luki;100;VLU;ULOL
8234;Carvajal;Venezuela;Valera;577;VLV;SVVL
8235;Villa_Mercedes;Argentina;Villa_Mercedes;485;VME;SAOR
8236;INC;Paraguay;Vallemi;;VMI;LOWW
8237;Baimuru;Papua_New_Guinea;Baimuru;3;VMU;AYBA
8238;Saravane;Laos;Saravane;175;VNA;VLSV
8239;Venice_Municipal;United_States;Venice_FL;5;VNC;KVNC
8240;Vangaindrano;Madagascar;Vangaindrano;;VND;LIVV
8241;Meucon;France;Vannes;136;VNE;LFRV
8242;Viengxay;Laos;Viengxay;220;VNG;VLVV
8243;Vilnius;Lithuania;Vilnius;197;VNO;EYVI
8244;Vanrook;Australia;Vanrook;43;VNR;YVRS
8245;Varanasi;India;Varanasi;81;VNS;VIBN
8246;Ventspils;Latvia;Ventspils;6;VNT;NFND
8247;Vilanculos;Mozambique;Vilanculos;14;VNX;FQVL
8248;Van_Nuys;United_States;Los_Angeles;244;VNY;KVNY
8249;Volgograd;Russian_Federation;Volgograd;147;VOG;URWW
8250;Vohemar;Madagascar;Vohemar;6;VOH;FMNV
8251;Voinjama;Liberia;Voinjama;427;VOI;GLVA
8252;Volk_Field;United_States;Camp_Douglas;278;VOK;KVOK
8253;Nea_Anchialos;Greece;Volos;25;VOL;LGBL
8254;Votuporanga;Brazil;Votuporanga;508;VOT;SDVG
8255;Chertovitskoye;Russian_Federation;Voronezh;157;VOZ;UUOO
8256;Ongiva;Angola;Ongiva;1087;VPE;FNGI
8257;Vopnafjordur;Iceland;Vopnafjordur;9;VPN;BIVO
8258;Eglin_AFB;United_States;Valparaiso_FL;27;VPS;KVPS
8259;Chimoio;Sudan;Chimoio;697;VPY;FQCH
8260;Porter_County;United_States;Valparaiso;235;VPZ;KVPZ
8261;Cecil_Field;United_States;Jacksonville;25;VQQ;KVQQ
8262;Vieques;Puerto_Rico;Vieques;15;VQS;TJVQ
8263;Juan_Gualberto_Gomez;Cuba;Varadero;64;VRA;MUVR
8264;Municipal;United_States;Vero_Beach;7;VRB;KVRB
8265;Virac;Philippines;Virac;37;VRC;RPUV
8266;Vredendal;South_Africa;Vredendal;101;VRE;FAVR
8267;Varkaus;Finland;Joroinen;87;VRK;EFVR
8268;Vila_Real;Portugal;Vila_Real;550;VRL;LPVR
8269;Valerio_Catullo;Italy;Verona;73;VRN;LIPX
8270;Kawama;Cuba;Matanzas;;VRO;KVRB
8271;Versailles;United_States;Versailles;314;VRS;KVRS
8272;Vryburg;South_Africa;Vryburg;1195;VRU;FAVB
8273;Stolport;Norway;Vaeroy;11;VRY;ENVR
8274;Capitan_Carlos_Rovirosa;Mexico;Villahermosa;14;VSA;MMVA
8275;Viseu;Portugal;Viseu;628;VSE;LPVZ
8276;State;United_States;Springfield;176;VSF;KVSF
8277;Lugansk;Ukraine;Lugansk;194;VSG;UKCW
8278;Phuoclong;Vietnam;Phuoclong;243;VSO;
8279;Vasteras/Hasslo;Sweden;Stockholm;6;VST;ESOW
8280;Victoria;Honduras;Victoria;362;VTA;
8281;Vostochny;Belarus;Vitebsk;208;VTB;UMII
8282;Wattay;Laos;Vientiane;172;VTE;VLVT
8283;Vatulele;Fiji;Vatulele;;VTF;NFVL
8284;Vung_Tau;Vietnam;Vung_Tau;4;VTG;VVVT
8285;Vittel;France;Vittel;328;VTL;LFSZ
8286;Miller_Field;United_States;Valentine;791;VTN;KVTN
8287;Las_Tunas;Cuba;Las_Tunas;100;VTU;MUVT
8288;Vishakhapatnam;India;Vishakhapatnam;5;VTZ;VEVZ
8289;Valledupar;Colombia;Valledupar;139;VUP;SKVP
8290;Velikij_Ustyug;Russian_Federation;Velikij_Ustyug;;VUS;ULWU
8291;Mvuu_Camp;Malawi;Mvuu_Camp;;VUU;LRTR
8292;Mahanoro;Madagascar;Mahanoro;5;VVB;FMMH
8293;La_Vanguardia;Colombia;Villavicencio;425;VVC;SKVV
8294;Viru_Viru_Intl;Bolivia;Santa_Cruz;373;VVI;SLVR
8295;Vastervik;Sweden;Vastervik;39;VVK;ESSW
8296;Vladivostok;Russian_Federation;Vladivostok;14;VVO;UHWW
8297;Illizi;Algeria;Illizi;542;VVZ;DAAP
8298;Lichinga;Mozambique;Lichinga;1373;VXC;FQLC
8299;San_Pedro;Cape_Verde;Sao_Vicente;20;VXE;GVSV
8300;Vaxjo;Sweden;Växjö;186;VXO;ESMX
8301;Vryheid;South_Africa;Vryheid;1158;VYD;FAVY
8302;Illinois_Valley_Regnl;United_States;Peru;199;VYS;KVYS
8303;Wales;United_States;Wales;7;WAA;PAIW
8304;Wabag;Papua_New_Guinea;Wabag;1981;WAB;
8305;Waca;Ethiopia;Waca;1280;WAC;HAWC
8306;Andriamena;Madagascar;Andriamena;792;WAD;
8307;Wadi_Ad_Dawasir;Saudi_Arabia;Wadi_Ad_Dawasir;628;WAE;OEWD
8308;Wana;Pakistan;Wana;1387;WAF;OPWN
8309;Wanganui;New_Zealand;Wanganui;8;WAG;NZWU
8310;Wahpeton;United_States;Wahpeton;295;WAH;KBWP
8311;Antsohihy;Madagascar;Antsohihy;28;WAI;FMNW
8312;Wawoi_Falls;Papua_New_Guinea;Wawoi_Falls;9;WAJ;
8313;Ankazoabo;Madagascar;Ankazoabo;430;WAK;FMSZ
8314;Wallops_Flight_Center;United_States;Chincoteague;12;WAL;KWAL
8315;Ambatondrazaka;Madagascar;Ambatondrazaka;766;WAM;FMMZ
8316;Waverney;Australia;Waverney;168;WAN;
8317;Wabo;Papua_New_Guinea;Wabo;107;WAO;
8318;Alto_Palena;Chile;Alto_Palena;300;WAP;SCAP
8319;Antsalova;Madagascar;Antsalova;168;WAQ;FMMG
8320;Waris;Indonesia;Waris;500;WAR;WAJR
8321;Waterford;Ireland;Waterford;36;WAT;EIWF
8322;Wauchope;Australia;Wauchope;;WAU;
8323;Kalkgurung;Australia;Wave_Hill;197;WAV;YWAV
8324;Frederic_Chopin;Poland;Warsaw;110;WAW;EPWA
8325;Zwara;United_States;Zwara;0;WAX;HLZW
8326;Greene_County;United_States;Waynesburg;326;WAY;KWAY
8327;Warwick;Australia;Warwick;457;WAZ;YWCK
8328;Wahai;Australia;Wahai;;WBA;KTXK
8329;Stebbins;United_States;Stebbins;4;WBB;KWBB
8330;Wapolu;Papua_New_Guinea;Wapolu;;WBC;CYWK
8331;Befandriana;Madagascar;Befandriana;250;WBD;FMNF
8332;Bealanana;Madagascar;Bealanana;1120;WBE;FMNB
8333;Schleswig-jagel;Germany;Schleswig-jagel;21;WBG;ETNS
8334;Broker_Inn;Australia;Boulder;;WBI;KTXK
8335;Wapenamanda;Papua_New_Guinea;Wapenamanda;1795;WBM;AYWD
8336;Cummings_Park;United_States;Woburn;;WBN;KWBN
8337;Beroroha;Madagascar;Beroroha;250;WBO;FMSB
8338;Beaver;United_States;Beaver;111;WBQ;PAWB
8339;Big_Rapids;United_States;Big_Rapids;301;WBR;KRQB
8340;Municipal;United_States;Boulder;1612;WBU;KBDU
8341;Wilkes-Barre/Wyoming_Valley;United_States;Wilkes-Barre_PA;166;WBW;KWBW
8342;Gamboa;Chile;Castro;44;WCA;SCST
8343;Chaiten;Chile;Chaiten;29;WCH;SCTN
8344;Chandalar;United_States;Chandalar;585;WCR;PALR
8345;Wadi_Ain;Yemen;Wadi_Ain;1201;WDA;
8346;Deep_Bay;United_States;Deep_Bay;3;WDB;WAEH
8347;Enid_Woodring_Mun.;United_States;Enid;356;WDG;KWDG
8348;Wondai;Australia;Wondai;320;WDI;YWND
8349;Waldron_Island;China;Waldron_Island;;WDN;KSUA
8350;Winder;United_States;Winder;287;WDR;KWDR
8351;Kodiak_Fss;United_States;Kodiak;;WDY;KWDY
8352;Parker_County;United_States;Weatherford;302;WEA;KWEA
8353;Wedau;Papua_New_Guinea;Wedau;18;WED;
8354;Weifang;China;Weifang;;WEF;ZSWF
8355;Weihai;China;Weihai;44;WEH;ZSWH
8356;Weipa;Australia;Weipa;19;WEI;YBWP
8357;Welkom;South_Africa;Welkom;1341;WEL;FAWM
8358;West_Malling;United_Kingdom;West_Malling;99;WEM;
8359;Weam;Papua_New_Guinea;Weam;41;WEP;
8360;Weasua;Liberia;Weasua;122;WES;
8361;Wagethe;Indonesia;Wagethe;1800;WET;WABG
8362;Wee_Waa;Australia;Wee_Waa;190;WEW;YWWA
8363;Castlebridge;Ireland;Wexford;73;WEX;EICD
8364;Waterfront_SPB;United_States;Ketchikan;0;WFB;
8365;Woodford;United_Kingdom;Woodford;;WFD;
8366;Fianarantsoa;Madagascar;Fianarantsoa;1115;WFI;FMSF
8367;Frenchville;United_States;Frenchville;301;WFK;KFVE
8368;Forrest_Hill;Australia;Wagga_Wagga;221;WGA;YSWG
8369;Bahawalnagar;Pakistan;Bahawalnagar;;WGB;OPBR
8370;Warangal;India;Warangal;285;WGC;VOWA
8371;Walgett;Australia;Walgett;134;WGE;YWLG
8372;Off_Line_Point;Lesotho;Manama;;WGF;
8373;Waitangi;New_Zealand;Waitangi;0;WGN;NZWA
8374;Municipal;United_States;Winchester;221;WGO;KOKV
8375;Waingapu;Indonesia;Waingapu;10;WGP;WADW
8376;Wangaratta;Australia;Wangaratta;154;WGT;YWGT
8377;Wagau;Papua_New_Guinea;Wagau;;WGU;
8378;Wagny;Gabon;Wagny;450;WGY;
8379;Off_Line_Point;Australia;Manly;;WGZ;KUES
8380;SPB;United_States;Hyder;0;WHD;
8381;Wadi_Halfa;Sudan;Wadi_Halfa;293;WHF;HSSW
8382;Hiltons_Har_H;Australia;Boulder;;WHH;LOWS
8383;Whakatane;New_Zealand;Whakatane;6;WHK;NZWK
8384;Welshpool;Australia;Welshpool;;WHL;
8385;Franz_Josef;New_Zealand;Franz_Josef;137;WHO;NZFJ
8386;Whiteman;United_States;Los_Angeles;306;WHP;KWHP
8387;Whalsay;United_Kingdom;Whalsay;30;WHS;EGEH
8388;Wharton;United_States;Wharton;30;WHT;KARM
8389;Wuhu;Democratic_Republic_Of_Congo;Wuhu;;WHU;ZSWU
8390;Wick;United_Kingdom;Wick;38;WIC;EGPC
8391;Wildenrath;Germany;Wildenrath;89;WID;
8392;Air_Base;Germany;Wiesbaden;141;WIE;ETOU
8393;Surfdale;New_Zealand;Surfdale;0;WIK;NZKE
8394;Wilson;Kenya;Nairobi;1690;WIL;HKNW
8395;Winton;Australia;Winton;194;WIN;YWTN
8396;Wilcannia;Australia;Wilcannia;76;WIO;YWCA
8397;Wairoa;New_Zealand;Wairoa;13;WIR;NZWO
8398;Wittenoom;Australia;Wittenoom;444;WIT;YWIT
8399;Witu;Papua_New_Guinea;Witu;8;WIU;
8400;Woja;Marshall_Islands;Woja;;WJA;
8401;William_J_Fox;United_States;Lancaster;717;WJF;KWJF
8402;Wajir;Kenya;Wajir;235;WJR;HKWJ
8403;WonJu;Korea_(South);WonJu;100;WJU;RKNW
8404;Wanaka;New_Zealand;Wanaka;348;WKA;NZWF
8405;Warracknabeal;Australia;Warracknabeal;121;WKB;YWKB
8406;Waterkloof_AFB;South_Africa;Waterkloof;1506;WKF;ZPPP
8407;Hwange;Zimbabwe;Hwange;762;WKI;FVWT
8408;Hokkaido;Japan;Wakkanai;9;WKJ;RJCW
8409;Aleknagik;United_States;Aleknagik;19;WKK;
8410;Waikoloa_Airport;United_States;Waikoloa;33;WKL;
8411;Wakunai;Papua_New_Guinea;Wakunai;3;WKN;
8412;Wallal;Australia;Wallal;2;WLA;YWAL
8413;Labouchere_Bay;United_States;Labouchere_Bay;;WLB;KWLB
8414;Walcha;Australia;Walcha;1141;WLC;YWCH
8415;Arkansas_City;United_States;Winfield;354;WLD;KWLD
8416;Wellington_International;New_Zealand;Wellington;12;WLG;NZWN
8417;Walaha;Vanuatu;Walaha;46;WLH;NVSW
8418;Selawik;United_States;Selawik;5;WLK;PASK
8419;Wollogorang;Australia;Wollogorang;59;WLL;YWOR
8420;Waltham;United_States;Waltham;82;WLM;KWLM
8421;Little_Naukati;United_States;Little_Naukati;;WLN;EGNL
8422;Waterloo;Australia;Waterloo;132;WLO;YWTL
8423;Loring;United_States;Loring;0;WLR;KWLR
8424;Wallis_Island;Wallis_and_Futuna_Islands;Wallis_Island;23;WLS;NLWW
8425;Glenn_County;United_States;Willows;43;WLW;KWLW
8426;Mandritsara;Madagascar;Mandritsara;307;WMA;FMNX
8427;Warrnambool;Australia;Warrnambool;74;WMB;YWBL
8428;Winnemucca;United_States;Winnemucca;1313;WMC;KWMC
8429;Mandabe;Madagascar;Mandabe;290;WMD;FMSC
8430;Mount_Keith;Australia;Mount_Keith;546;WME;YMNE
8431;Mountain_Home;United_States;Mountain_Home;283;WMH;KBPK
8432;SPB;United_States;Meyers_Chuck;0;WMK;KWMK
8433;Malaimbandy;Madagascar;Malaimbandy;182;WML;FMMC
8434;Maroantsetra;Madagascar;Maroantsetra;4;WMN;FMNR
8435;White_Mountain;United_States;White_Mountain;81;WMO;PAWM
8436;Mampikony;Madagascar;Mampikony;;WMP;FMNP
8437;Mananara;Madagascar;Mananara;3;WMR;FMNC
8438;Madirovalo;Madagascar;Madirovalo;82;WMV;
8439;Wamena;Indonesia;Wamena;1550;WMX;WAJW
8440;Napakiak_SPB;United_States;Napakiak;5;WNA;PANA
8441;Nichen_Cove_SPB;United_States;Tuxekan_Island;0;WNC;KWNC
8442;Windarra;Australia;Windarra;503;WND;YWDA
8443;Wora_Na_Ye;Gabon;Wora_Na_Ye;40;WNE;
8444;Wunnummin_Lake;Canada;Wunnummin_Lake;250;WNN;
8445;Naga;Philippines;Naga;43;WNP;RPUN
8446;Windorah;Australia;Windorah;138;WNR;YWDH
8447;Nawabshah;Pakistan;Nawabshah;29;WNS;OPNH
8448;Wanuma;Papua_New_Guinea;Wanuma;671;WNU;
8449;Wenzhou;China;Wenzhou;;WNZ;ZSWZ
8450;Wonenara;Papua_New_Guinea;Wonenara;1554;WOA;
8451;Woodbridge_RAF;United_Kingdom;Suttonheath;;WOB;
8452;Wood_River;United_States;Wood_River;;WOD;KWOD
8453;Woensdrecht;Netherlands;Woensdrecht;;WOE;
8454;Woodgreen;Australia;Woodgreen;;WOG;
8455;Wologissi;Liberia;Wologissi;550;WOI;
8456;Wonken;Venezuela;Wonken;869;WOK;
8457;Wollongong;Australia;Wollongong;9;WOL;YWOL
8458;Wondoola;Australia;Wondoola;58;WON;YWDL
8459;Woodchopper;United_States;Woodchopper;290;WOO;KAHQ
8460;Moramba;Madagascar;Ankorefo;;WOR;KAYS
8461;Wonan;Taiwan;Wonan;35;WOT;RCWA
8462;Willow;United_States;Willow;67;WOW;PAUO
8463;Puerto_Aisen;Chile;Puerto_Aisen;9;WPA;SCAS
8464;Port_Berge;Madagascar;Port_Berge;65;WPB;FMNG
8465;Pincher_Creek;Canada;Pincher_Creek;1190;WPC;CZPC
8466;Wrotham_Park;Australia;Wrotham_Park;152;WPK;YWMP
8467;Powell_Lake;Canada;Powell_Lake;56;WPL;
8468;Wipim;Papua_New_Guinea;Wipim;30;WPM;
8469;North_Fork_Valley;United_States;Paonia;1767;WPO;KWPO
8470;Porvenir;Chile;Porvenir;32;WPR;SCFM
8471;Puerto_Williams;Chile;Puerto_Williams;27;WPU;SCGZ
8472;Warder;Ethiopia;Warder;;WRA;HAWR
8473;Robins_AFB;United_States;Macon;90;WRB;KWRB
8474;Whangarei;New_Zealand;Whangarei;41;WRE;NZWR
8475;Wrangell_SPB;United_States;Wrangell;15;WRG;PAWG
8476;Wrench_Creek;United_States;Wrench_Creek;;WRH;
8477;Mc_Guire_Afb;United_States;Wrightstown_New_Jersey;40;WRI;KWRI
8478;Worland;United_States;Worland_WY;1288;WRL;KWRL
8479;Copernicus_Airport;Poland;Wroclaw;123;WRO;EPWR
8480;Warrawagine;Australia;Warrawagine;37;WRW;YWWG
8481;Westray;United_Kingdom;Westray;9;WRY;EGEW
8482;Wirawila;Sri_Lanka;Wirawila;15;WRZ;VCCW
8483;Wasua;Papua_New_Guinea;Wasua;6;WSA;
8484;SPB;United_States;Steamboat_Bay;0;WSB;KWSB
8485;Condron_AAF;United_States;White_Sands;1199;WSD;KWSD
8486;Sarichef;Algeria;Sarichef;;WSF;YWAC
8487;County;United_States;Washington;361;WSG;KAFJ
8488;Brookhaven;United_States;Shirley;25;WSH;KHWV
8489;San_Juan_SPB;United_States;San_Juan;0;WSJ;KWSJ
8490;Wiseman;United_States;Wiseman;360;WSM;KWSM
8491;South_Naknek;United_States;South_Naknek;49;WSN;PFWS
8492;Washabo;Suriname;Washabo;44;WSO;
8493;Waspam;Nicaragua;Waspam;28;WSP;MNWP
8494;Wasior;Indonesia;Wasior;15;WSR;WASW
8495;Westerly_State;United_States;Westerly;25;WST;KWST
8496;Wasu;Papua_New_Guinea;Wasu;8;WSU;
8497;Westsound;United_States;Westsound;0;WSX;KWSX
8498;Whitsunday_Airstrip;Australia;Airlie_Beach;12;WSY;YSHR
8499;Westport;New_Zealand;Westport;4;WSZ;NZWS
8500;Tambohorano;Madagascar;Tambohorano;7;WTA;FMMU
8501;World_Trade_Center;United_States;New_York;;WTC;WATC
8502;West_End;Bahamas;West_End;2;WTD;MYGW
8503;Wotje_Island;Marshall_Islands;Wotje_Island;1;WTE;
8504;Noatak;United_States;Noatak;27;WTK;PAWN
8505;Tuntutuliak;United_States;Tuntutuliak;5;WTL;KWTL
8506;RAF_Station;United_Kingdom;Waddington;;WTN;KSUA
8507;Wotho_Island;Marshall_Islands;Wotho_Island;;WTO;
8508;Woitape;Papua_New_Guinea;Woitape;1494;WTP;
8509;White_River;United_States;White_River;1571;WTR;KWTR
8510;Tsiroanomandidy;Madagascar;Tsiroanomandidy;846;WTS;FMMX
8511;Wantoat;Papua_New_Guinea;Wantoat;1158;WTT;
8512;Whitianga;New_Zealand;Whitianga;4;WTZ;NZWT
8513;Wu_Hai;China;Wu_Hai;;WUA;ZBUH
8514;Wudinna;Australia;Wudinna;94;WUD;YWUD
8515;Wau;Papua_New_Guinea;Wau;1059;WUG;
8516;Tianhe_International;China;Wuhan;34;WUH;ZHHH
8517;Off_Line_Point;United_Kingdom;Hammersmith;;WUK;ZGNN
8518;Wasum;Papua_New_Guinea;Wasum;;WUM;EDXQ
8519;Wiluna;Australia;Wiluna;503;WUN;YWLU
8520;Wuyishan;China;Wuyishan;187;WUS;ZSWY
8521;Wau;Sudan;Wau;433;WUU;HSWW
8522;Wuvulu_Is;Papua_New_Guinea;Wuvulu_Is;1;WUV;
8523;Wuxi;China;Wuxi;;WUX;ZSWX
8524;Changzhoudao;China;Wuzhou;27;WUZ;ZGWZ
8525;Rooikop;Namibia;Walvis_Bay;91;WVB;FYWB
8526;Watsonville;United_States;Watsonville;50;WVI;KWVI
8527;Manakara;Madagascar;Manakara;10;WVK;FMSK
8528;Robert_Lafleur;United_States;Waterville;101;WVL;KWVL
8529;Wilhelmshaven;Germany;Wilhelmshaven;6;WVN;EDWI
8530;Wasilla;United_States;Wasilla;108;WWA;PAWS
8531;Cape_May_County;United_States;Wildwood;6;WWD;KWWD
8532;Al_Koude;Sudan;Al_Koude;;WWG;PWAK
8533;Woodie_Woodie;Australia;Woodie_Woodie;;WWI;YWWI
8534;Boram;Papua_New_Guinea;Wewak;6;WWK;AYWK
8535;Whale_Pass;United_States;Whale_Pass;0;WWP;KWWP
8536;West_Woodward;United_States;Woodward;667;WWR;KWWR
8537;USAF_Heliport;United_Kingdom;Wildwood;;WWS;ZBYN
8538;Newtok;United_States;Newtok;8;WWT;PAEW
8539;West_Wyalong;Australia;West_Wyalong;262;WWY;YWWL
8540;Weathersfield_Raf;United_Kingdom;Braintree;98;WXF;EGVT
8541;Wanxian;China;Wanxian;;WXN;ZUWX
8542;Whyalla;Australia;Whyalla;12;WYA;YWHA
8543;SPB;United_States;Yes_Bay;0;WYB;KWYB
8544;Yengema;Sierra_Leone;Yengema;396;WYE;GFYE
8545;Wyndham;Australia;Wyndham;4;WYN;YWYM
8546;Yellowstone;United_States;West_Yellowstone;2027;WYS;KWYS
8547;Paradise_Island_Seaplane_Base;Bahamas;Nassau;;WZY;
8548;Alamos;Mexico;Alamos;400;XAL;
8549;Aeroporto_Municipal_Chapeco;Brazil;Chapeco;654;XAP;SBCH
8550;Aribinda;Burkina_Faso;Aribinda;342;XAR;DFOY
8551;Saul;French_Guiana;Saul;200;XAU;SOOS
8552;Xayabury;Laos;Xayabury;;XAY;VLSB
8553;Blubber_Bay;Canada;Blubber_Bay;;XBB;
8554;Bearskin_Lake;Canada;Bearskin_Lake;252;XBE;
8555;Bogande;Burkina_Faso;Bogande;300;XBG;DFEB
8556;Birjand;Iran;Birjand;1509;XBJ;OIMB
8557;Buno_Bedelle;Ethiopia;Buno_Bedelle;1999;XBL;HABB
8558;Biniguni;Papua_New_Guinea;Biniguni;61;XBN;
8559;Boulsa;Burkina_Faso;Boulsa;300;XBO;DFEA
8560;Brockville;Canada;Brockville;123;XBR;
8561;Killineq;Canada;Killineq;;XBW;
8562;Christmas_Island;Christmas_Island;Christmas_Island;279;XCH;YPXM
8563;Cluff_Lake;Canada;Cluff_Lake;336;XCL;
8564;Chatham;Canada;Chatham;197;XCM;CYCK
8565;Coron_Airport;Philippines;Coron;;XCN;RPVV
8566;Colac;Australia;Colac;137;XCO;YOLA
8567;Vatry_International;France;Chalons_Sur_Marne;179;XCR;LFOK
8568;Lille_Europe_Rail_Svc;France;Lille;;XDB;
8569;Diebougou;Burkina_Faso;Diebougou;300;XDE;DFOU
8570;Djibo;Burkina_Faso;Djibo;305;XDJ;DFCJ
8571;C.de_G._/TGV_Rail_Svc;France;Paris;;XDT;
8572;Pr._George_Rail_Stn;United_Kingdom;Prince_George;;XDV;
8573;Pr._Rupert_Rail_Stn;United_Kingdom;Prince_Rupert;;XDW;
8574;Sudbury_Jct_Rail_Stn;Canada;Sudbury;;XDY;
8575;Vancouver_Rail_Stn.;France;Vancouver;;XEA;
8576;Xingcheng;China;Xingcheng;;XEN;ZYXC
8577;Harbour;Greenland;Oqatsut;;XEO;VLOS
8578;Harbour;Greenland;Tasiuasaq;;XEQ;SNXQ
8579;Municipal;United_States;Lake_Geneva;255;XES;
8580;Aerogare;France;Paris;;XEX;SNXQ
8581;Lille_Flanders_Rail_Sv;France;Lille;;XFA;
8582;Xiangfan;China;Xiangfan;;XFN;ZHXF
8583;Finkenwerder;Germany;Hamburg;7;XFW;EDHI
8584;Sainte-Foy_Rail_Svce.;Canada;Quebec;;XFY;
8585;Charny;Canada;Quebec;;XFZ;
8586;Gaoua;Burkina_Faso;Gaoua;278;XGA;DFOG
8587;Gare_Montparnasse;France;Paris;;XGB;FBXB
8588;Gorom-Gorom;Burkina_Faso;Gorom-Gorom;285;XGG;DFEG
8589;Granville_Lake;Canada;Granville_Lake;;XGL;
8590;Xangongo;Angola;Xangongo;1108;XGN;FNXA
8591;Kangiqsualujjuaq;Canada;Kangiqsualujjuaq;60;XGR;CYLU
8592;Guillemins_Raiway_Stn;Belgium;Liege;;XHN;ZLXY
8593;Adelaide_Keswick_Rail;Australia;Adelaide;;XHX;SNXQ
8594;Xichang;China;Xichang;1558;XIC;ZUXC
8595;Xienglom;Laos;Xienglom;625;XIE;VLXL
8596;Municipal;Ethiopia;Xinguara;;XIG;
8597;Khan_Al_Baghdadi;Iraq;Khan_Al_Baghdadi;;XIH;VLOS
8598;Ahmed_Al_Jaber;Kuwait;Ahmed_Al_Jaber;;XIJ;SNXQ
8599;Central_Station;Italy;Milan;;XIK;SNXQ
8600;Xilinhot;China;Xilinhot;;XIL;ZBXH
8601;Xingning;China;Xingning;;XIN;ZGXN
8602;Harbour;Greenland;Ilimanaq;;XIQ;SNXQ
8603;Porta_Nuova_Rail;Italy;Verona;;XIX;SNXQ
8604;Xianyang;China;Xi_An;479;XIY;ZLXY
8605;Al_Udeid_AB;Qatar;Al_Udeid;40;XJD;
8606;Rialway_Service;Denmark;Vojens;;XJE;SNXQ
8607;Mangla;Pakistan;Mangla;;XJM;ZLSN
8608;Kantchari;Burkina_Faso;Kantchari;268;XKA;DFEL
8609;Sandnes_Rail_St.;Norway;Sandnes;;XKC;
8610;Xieng_Khouang;Laos;Xieng_Khouang;1050;XKH;VLXK
8611;Kemano;Canada;Kemano;61;XKO;
8612;Kasabonika;Canada;Kasabonika;199;XKS;CYAQ
8613;Kaya;Burkina_Faso;Kaya;300;XKY;DFCA
8614;Lac_Brochet;Canada;Lac_Brochet;369;XLB;CZWH
8615;Leaf_Bay;Canada;Leaf_Bay;;XLF;
8616;Quebec_Stn._Rail_Svce.;Canada;Quebec;;XLJ;
8617;St_Lambert_Rail_Svce.;Canada;Montreal;;XLM;
8618;Long_Xuyen;Vietnam;Long_Xuyen;5;XLO;
8619;St_Louis;Senegal;St_Louis;3;XLS;GOSS
8620;Leo;Burkina_Faso;Leo;360;XLU;DFCL
8621;Lemwerder;Germany;Lemwerder;6;XLW;EDWD
8622;Maramag;Philippines;Maramag;;XMA;
8623;Mallacoota;Australia;Mallacoota;31;XMC;YMCO
8624;Madison;United_States;Madison;524;XMD;KMDS
8625;Mahendranagar;Nepal;Mahendranagar;198;XMG;VNMN
8626;Manihi;French_Polynesia;Manihi;4;XMH;NTGI
8627;Masasi;Tanzania;Masasi;518;XMI;HTMI
8628;Minlaton;Australia;Minlaton;;XML;YMIN
8629;Xiamen;China;Xiamen;18;XMN;ZSAM
8630;Macmillan_Pass;Canada;Macmillan_Pass;1161;XMP;
8631;Macas;Ecuador;Macas;1052;XMS;SEMC
8632;Yam_Island;Australia;Yam_Island;;XMY;YYMI
8633;Northwest_Arkansas_Regional;United_States;Fayetteville_AR;392;XNA;KXNA
8634;Quang_Ngai;Vietnam;Quang_Ngai;11;XNG;
8635;Nasiriyah;Iraq;Nasiriyah;;XNH;ZLXY
8636;Xining;China;Xining;2173;XNN;ZLXN
8637;Xingtai;China;Xingtai;;XNT;ZBXT
8638;Nouna;Burkina_Faso;Nouna;270;XNU;DFON
8639;Doha_Free_Zone;Qatar;Doha;;XOZ;ZSXZ
8640;Pama;Burkina_Faso;Pama;213;XPA;DFEP
8641;Gare_du_Nord_Rail_Stn;France;Paris;;XPG;
8642;Pukatawagan;Canada;Pukatawagan;292;XPK;CZFG
8643;Coronel_Enrique_Soto_Cano_AB;Honduras;Comayagua;628;XPL;MHSC
8644;Poplar_River;Canada;Poplar_River;222;XPP;CZNG
8645;Ferry;Malaysia;Port_Klang;;XPQ;
8646;Pine_Ridge;United_States;Pine_Ridge;1016;XPR;KIEN
8647;West_Kuparuk;United_States;West_Kuparuk;12;XPU;KXPU
8648;Harbour;France;Saint_Tropez;;XPZ;
8649;Balad;Iraq;Balad;49;XQC;ORBD
8650;Quepos;Costa_Rica;Pavones;26;XQP;MRQP
8651;Qualicum;Canada;Qualicum;58;XQU;
8652;Baqubah;Iraq;Baqubah;;XQV;FBXB
8653;Richmond_AFB;Canada;Richmond;;XRH;
8654;Termini_Rail_Stn.;Italy;Rome;;XRJ;
8655;Ross_River;Canada;Ross_River;705;XRR;CYDM
8656;Jerez_De_La_Frontera;Spain;Jerez_De_La_Frontera;28;XRY;LEJR
8657;AFC;China;Sinoe;41;XSA;KXSA
8658;International;Turks_and_Caicos_Islands;South_Caicos;3;XSC;MBSC
8659;Test_Range;United_States;Tonopah;1691;XSD;KTNX
8660;Sebba;Burkina_Faso;Sebba;270;XSE;DFES
8661;South_Indian_Lake;Canada;South_Indian_Lake;290;XSI;CZSN
8662;St_Marys;United_States;St_Marys;;XSM;ZSHC
8663;Siocon;Philippines;Siocon;18;XSO;RPNO
8664;Seletar;Singapore;Singapore;11;XSP;WSSL
8665;Econ/Tech_Dev._Area;China;Tianjin;1360;XTA;KXTA
8666;Port_Free_Trade_Zone;China;Tianjin;;XTF;
8667;Thargomindah;Australia;Thargomindah;132;XTG;YTGM
8668;Tadoule_Lake;Canada;Tadoule_Lake;281;XTL;CYBQ
8669;Ramadi;Iraq;Ramadi;;XTM;
8670;Taroom;Australia;Taroom;240;XTO;YTAM
8671;Tara;Australia;Tara;360;XTR;YTAA
8672;Etoile;France;Paris;;XTT;
8673;Tikrit;Iraq;Tikrit;35;XTV;
8674;Xuzhou;China;Xuzhou;;XUZ;ZSXZ
8675;Vinh_Long;Vietnam;Vinh_Long;3;XVL;
8676;Santa_Lucia_Rail;Italy;Venice;;XVQ;
8677;Mestre_Rail_Stn.;Italy;Rome;;XVY;
8678;Suedbahnhof_Rail;Austria;Vienna;;XWC;ZSXZ
8679;Karlskrona_Rail_Svc.;Sweden;Ronneby;;XWK;SNXQ
8680;Gothenburg_Rail;Sweden;Gothenburg;;XWL;
8681;Hassleholm;Sweden;Hassleholm;32;XWP;ESFA
8682;Enkoping;Sweden;Enkoping;;XWQ;
8683;Westbahnhof_Rail;Austria;Vienna;;XWW;VLOS
8684;Nykoping;Sweden;Nykoping;;XWZ;ZSXZ
8685;Alvesta;Sweden;Alvesta;;XXA;SNXQ
8686;Katrineholm;Sweden;Katrineholm;;XXK;SNXQ
8687;Hedemora;Sweden;Hedemora;;XXU;SNXQ
8688;Yandina;Solomon_Islands;Yandina;6;XYA;AGGY
8689;Herrljunga;Sweden;Herrljunga;146;XYC;ZSXZ
8690;Lyon_Part-dieu_Rail_Sv;France;Lyon;;XYD;
8691;Ye;Myanmar;Ye;9;XYE;VYYE
8692;Flen;Sweden;Flen;;XYI;VLOS
8693;Lyon_Perrache_Rail_Svc;France;Lyon;;XYL;
8694;Falkenberg_Rail;Poland;Falkenberg;;XYM;ZLXY
8695;Kristinehamn_Rail;Sweden;Kristinehamn;;XYN;ZLXY
8696;Karlshamn;Germany;Karlshamn;;XYO;VLOS
8697;Avesta_Krylbo;Sweden;Avesta_Krylbo;;XYP;
8698;Yellow_River;Papua_New_Guinea;Yellow_River;30;XYR;
8699;Montaudran;France;Toulouse;;XYT;LFIO
8700;Solvesborg;Sweden;Solvesborg;;XYU;VLOS
8701;Lyon_Satolas_Rail_Svc;France;Lyon;;XYV;
8702;Sala;Serbia;Sala;;XYX;SNXQ
8703;Zabre;Burkina_Faso;Zabre;270;XZA;DFEZ
8704;Off_line_Point;Turkey;Rail_(Generic);;XZE;ZSXZ
8705;Dammam_Port;Saudi_Arabia;Dammam;;XZF;
8706;Off_line_Point;Turkey;Rail_(Generic);;XZJ;
8707;Pass_Rail;Turkey;Rail_(Generic);;XZQ;
8708;Off_line_Point;Turkey;Rail_(Generic);;XZU;ZSXZ
8709;Off_line_Point;Turkey;Rail_(Generic);;XZX;
8710;Anahim_Lake;Canada;Anahim_Lake;1109;YAA;
8711;Arctic_Bay;Canada;Arctic_Bay;22;YAB;CYAB
8712;Cat_Lake;Canada;Cat_Lake;410;YAC;CYAC
8713;Moose_Lake;Kazakhstan;Moose_Lake;;YAD;CYAD
8714;Alta_Lake;Canada;Alta_Lake;;YAE;
8715;Asbestos_Hill;Canada;Asbestos_Hill;527;YAF;
8716;Municipal;Canada;Fort_Frances;343;YAG;CYAG
8717;Lagrande_4;Canada;Lagrande_4;308;YAH;CYAH
8718;Chillan;Chile;Chillan;152;YAI;SCCH
8719;Lyall_Harbour;France;Lyall_Harbour;;YAJ;
8720;Yakutat;United_States;Yakutat;10;YAK;PAYA
8721;Alert_Bay;Canada;Alert_Bay;73;YAL;CYAL
8722;Sault_Ste_Marie;Canada;Sault_Ste_Marie;192;YAM;CYAM
8723;Yangambi;Democratic_Republic_Of_Congo;Yangambi;420;YAN;FZIR
8724;Yaounde_Airport;Cameroon;Yaounde;751;YAO;FKKY
8725;Yap_International;Federated_States_of_Micronesia;Yap_Caroline_Islands;28;YAP;PTYA
8726;Maple_Bay;Canada;Maple_Bay;;YAQ;
8727;Lagrande_3;Canada;Lagrande_3;236;YAR;
8728;Yasawa_Island;Fiji;Yasawa_Island;;YAS;NFSW
8729;Attawapiskat;Canada;Attawapiskat;9;YAT;CYAT
8730;Kattiniq/Donaldson;Canada;Kattiniq;98;YAU;CYAU
8731;Miners_Bay;Canada;Miners_Bay;;YAV;
8732;Shearwater;Canada;Halifax;51;YAW;CYAW
8733;Angling_Lake;Canada;Angling_Lake;217;YAX;
8734;St_Anthony;Canada;St_Anthony;33;YAY;CYAY
8735;Tofino_Airport;Canada;Tofino_BC;24;YAZ;CYAZ
8736;Banff;Canada;Banff;1397;YBA;CYBA
8737;Kugaaruk;Canada;Kugaaruk;17;YBB;CYBB
8738;Baie_Comeau;Canada;Baie_Comeau;22;YBC;CYBC
8739;New_Westminster;Canada;New_Westminster;;YBD;CYBD
8740;Uranium_City;Canada;Uranium_City;318;YBE;CYBE
8741;Bamfield;Canada;Bamfield;0;YBF;
8742;Bagotville;Canada;Bagotville;159;YBG;CYBG
8743;Bull_Harbour;Canada;Bull_Harbour;;YBH;CYBH
8744;Black_Tickle;Canada;Black_Tickle;16;YBI;
8745;Baie_Johan_Beetz;Canada;Baie_Johan_Beetz;;YBJ;
8746;Baker_Lake;Canada;Baker_Lake;19;YBK;CYBK
8747;Campbell_River;Canada;Campbell_River;109;YBL;CYBL
8748;Bronson_Creek;Canada;Bronson_Creek;152;YBM;
8749;Borden;Canada;Borden;223;YBN;CYBN
8750;Bobquinn_Lake;Canada;Bobquinn_Lake;610;YBO;
8751;Yibin;China;Yibin;;YBP;ZUYB
8752;Telegraph_Harbour;Canada;Telegraph_Harbour;;YBQ;CYBQ
8753;Brandon;Canada;Brandon;409;YBR;CYBR
8754;Musselwhite;Canada;Opapamiska_Lake;;YBS;
8755;Brochet;Canada;Brochet;346;YBT;CYBT
8756;Berens_River;Canada;Berens_River;222;YBV;CYBV
8757;Springbank;Canada;Calgary;0;YBW;
8758;Blanc_Sablon;Canada;Blanc_Sablon;37;YBX;CYBX
8759;Bonnyville;Canada;Bonnyville_AB;561;YBY;CYBF
8760;Courtenay;Canada;Courtenay;3;YCA;CYCA
8761;Cambridge_Bay;Canada;Cambridge_Bay;31;YCB;CYCB
8762;Regional;Canada;Cornwall;53;YCC;CYCC
8763;Nanaimo_Arpt;Canada;Nanaimo;30;YCD;CYCD
8764;Centralia;Canada;Centralia;251;YCE;CYCE
8765;Cortes_Bay;Canada;Cortes_Bay;;YCF;
8766;Castlegar;Canada;Castlegar;496;YCG;CYCG
8767;Miramichi;Canada;Miramichi;34;YCH;CYCH
8768;Caribou_Island;Canada;Caribou_Island;;YCI;CWCI
8769;Cape_St_James;Canada;Cape_St_James;;YCJ;CYCJ
8770;Colville_Lake;Canada;Colville_Lake;274;YCK;CYVL
8771;Charlo;Canada;Charlo;40;YCL;CYCL
8772;St_Catharines;Canada;St_Catharines;98;YCM;CYSN
8773;Cochrane;Canada;Cochrane;263;YCN;CYCN
8774;Kugluktuk;Canada;Kugluktuk/Coppermine;23;YCO;CYCO
8775;Co-op_Point;Canada;Co-op_Point;683;YCP;CYCP
8776;Chetwynd;Canada;Chetwynd;609;YCQ;CYCQ
8777;Cross_Lake;Canada;Cross_Lake;215;YCR;CYCR
8778;Chesterfield_Inlet;Canada;Chesterfield_Inlet;12;YCS;CYCS
8779;Coronation;Canada;Coronation;791;YCT;CYCT
8780;Yun_Cheng;Canada;Yun_Cheng;;YCU;ZBYC
8781;Cartierville;Canada;Cartierville;37;YCV;CYCV
8782;Chilliwack_Municipal_Airport;Canada;Chilliwack;10;YCW;CYCW
8783;Gagetown;Canada;Gagetown;51;YCX;CYCX
8784;Clyde_River;Canada;Clyde_River;27;YCY;CYCY
8785;Fairmont_Hot_Springs;Canada;Fairmont_Hot_Springs;810;YCZ;CYCZ
8786;Dawson_City;Canada;Dawson_City;370;YDA;CYDA
8787;Burwash_Landings;Canada;Burwash_Landings;807;YDB;CYDB
8788;Industrial_Airport;Canada;Drayton_Valley;846;YDC;
8789;Paradise_River;Canada;Paradise_River;22;YDE;
8790;Deer_Lake;Canada;Deer_Lake;22;YDF;CYDF
8791;Digby;Canada;Digby;152;YDG;CYID
8792;Daniels_Harbour;Canada;Daniels_Harbour;;YDH;
8793;Davis_Inlet;Canada;Davis_Inlet;10;YDI;
8794;Hatchet_Lake;Canada;Hatchet_Lake;;YDJ;
8795;Main_Duck_Island;Canada;Main_Duck_Island;;YDK;CYDK
8796;Dease_Lake;Canada;Dease_Lake;803;YDL;CYDL
8797;Dauphin;Canada;Dauphin;304;YDN;CYDN
8798;St_Methode;Canada;Dolbeau;113;YDO;CYDO
8799;Nain;Canada;Nain;7;YDP;CYDP
8800;Dawson_Creek;Canada;Dawson_Creek;654;YDQ;CYDQ
8801;Broadview;Canada;Broadview;;YDR;CYDR
8802;Desolation_Sound;Canada;Desolation_Sound;;YDS;
8803;Boundary_Bay;Canada;Vancouver;2;YDT;CZBB
8804;Kasba_Lake;Canada;Kasba_Lake;;YDU;LLMZ
8805;Bloodvein;Canada;Bloodvein;220;YDV;CZTA
8806;Obre_Lake;Canada;Obre_Lake;;YDW;LLMZ
8807;Doc_Creek;Canada;Doc_Creek;;YDX;
8808;Yecheon;Korea_(South);Yecheon;108;YEC;RKTY
8809;Namao_Fld;Canada;Edmonton;684;YED;CYED
8810;Edmonton_International;Canada;Edmonton_AB;723;YEG;CYEG
8811;Persian_Gulf_International;Iran;Assaluyeh;5;YEH;OIBI
8812;Yenisehir;Turkey;Bursa;233;YEI;LTBR
8813;Arviat;Canada;Arviat;10;YEK;CYEK
8814;Elliot_Lake;Canada;Elliot_Lake;331;YEL;CYEL
8815;East_Manitoulin;Canada;Manitowaning;265;YEM;CYEM
8816;Estevan;Canada;Estevan;581;YEN;CYEN
8817;Yeovilton;United_Kingdom;Yeovilton;23;YEO;EGDY
8818;Estevan_Point;Canada;Estevan_Point;;YEP;CYEP
8819;Yenkis;Papua_New_Guinea;Yenkis;1067;YEQ;
8820;Fort_Severn;Canada;Fort_Severn;12;YER;CYER
8821;Yasouj;Iran;Yasouj;1810;YES;OISY
8822;Edson;Canada;Edson;928;YET;CYET
8823;Eureka;Canada;Eureka;78;YEU;CYEU
8824;Inuvik/mike_Zubko;Canada;Inuvik;68;YEV;CYEV
8825;Amos;Canada;Amos;326;YEY;CYEY
8826;Fort_Albany;Canada;Fort_Albany;11;YFA;CYFA
8827;Iqaluit;Canada;Iqaluit;34;YFB;CYFB
8828;Fredericton;Canada;Fredericton;21;YFC;CYFC
8829;Forestville;Canada;Forestville;89;YFE;CYFE
8830;Fontanges;Canada;Fontanges;473;YFG;
8831;Fort_Hope;Canada;Fort_Hope;276;YFH;CYFH
8832;Snare_Lake;Canada;Snare_Lake;252;YFJ;CYFJ
8833;Fort_Reliance;Canada;Fort_Reliance;;YFL;CYFL
8834;Flin_Flon;Canada;Flin_Flon;304;YFO;CYFO
8835;Fort_Resolution;Canada;Fort_Resolution;160;YFR;CYFR
8836;Fort_Simpson;Canada;Fort_Simpson;169;YFS;CYFS
8837;Fox_Harbour_(St_Lewis);Canada;Fox_Harbour_(St_Lewis);23;YFX;
8838;Gagnon;Canada;Gagnon;567;YGA;
8839;Gillies_Bay;Canada;Gillies_Bay;99;YGB;CYGB
8840;Grande_Cache;Canada;Grande_Cache;1255;YGC;
8841;Gorge_Harbor;Canada;Gorge_Harbor;;YGE;
8842;Ganges_Harbor;Canada;Ganges_Harbor;;YGG;
8843;Fort_Good_Hope;Canada;Fort_Good_Hope;82;YGH;CYGH
8844;Miho;Japan;Yonago;6;YGJ;RJOH
8845;Kingston;Canada;Kingston;93;YGK;CYGK
8846;La_Grande;Canada;La_Grande;195;YGL;CYGL
8847;Gimli;Canada;Gimli;230;YGM;CYGM
8848;Greenway_Sound;Canada;Greenway_Sound;;YGN;
8849;Gods_Narrows;Canada;Gods_Narrows;189;YGO;CYGO
8850;Geraldton;Canada;Geraldton;349;YGQ;CYGQ
8851;Iles_De_La_Madeleine;Canada;Iles_De_La_Madeleine;11;YGR;CYGR
8852;Germansen;Canada;Germansen;853;YGS;CYGS
8853;Igloolik;Canada;Igloolik;53;YGT;CYGT
8854;Havre_St_Pierre;Canada;Havre_St_Pierre;38;YGV;CYGV
8855;Kuujjuarapik;Canada;Kuujjuarapik;10;YGW;CYGW
8856;Gillam;Canada;Gillam;145;YGX;CYGX
8857;Deception;Canada;Deception;8;YGY;CYGY
8858;Grise_Fiord;Canada;Grise_Fiord;45;YGZ;CYGZ
8859;Port_Hope_Simpson;Canada;Port_Hope_Simpson;108;YHA;CYHA
8860;Hudson_Bay;Canada;Hudson_Bay;358;YHB;CYHB
8861;Hakai_Pass;Canada;Hakai_Pass;;YHC;
8862;Municipal;Canada;Dryden;413;YHD;CYHD
8863;Hope;Canada;Hope;39;YHE;CYHE
8864;Hearst;Canada;Hearst;252;YHF;CYHF
8865;Charlottetown;Canada;Charlottetown;64;YHG;
8866;Harbor_SPB;Canada;Campbell_River;;YHH;KSJC
8867;Holman;Canada;Holman;36;YHI;CYHI
8868;Gjoa_Haven;Canada;Gjoa_Haven;46;YHK;CYHK
8869;Hamilton;Canada;Hamilton;238;YHM;CYHM
8870;Hornepayne;Canada;Hornepayne;335;YHN;CYHN
8871;Hopedale;Canada;Hopedale;12;YHO;CYHO
8872;Poplar_Hill;Canada;Poplar_Hill;331;YHP;
8873;Chevery;Canada;Chevery;12;YHR;CYHR
8874;Sechelt;Canada;Sechelt;0;YHS;
8875;Haines_Junction;Canada;Haines_Junction;655;YHT;CYHT
8876;St_Hubert;Canada;Montreal;27;YHU;CYHU
8877;Hay_River;Canada;Hay_River;166;YHY;CYHY
8878;Halifax_International;Canada;Halifax;145;YHZ;CYHZ
8879;Atikokan;Canada;Atikokan;429;YIB;CYIB
8880;Pakuashipi;Canada;Pakuashipi;6;YIF;CYIF
8881;Big_Bay_Marina;Canada;Big_Bay_Marina;0;YIG;
8882;Yichang;China;Yichang;;YIH;ZHYC
8883;Ivujivik;Canada;Ivujivik;38;YIK;CYIK
8884;Yining;China;Yining;;YIN;ZWYN
8885;Pond_Inlet;Canada;Pond_Inlet;55;YIO;CYIO
8886;Willow_Run;United_States;Detroit_MI;218;YIP;KYIP
8887;Island_Lk/Garden_Hill;Canada;Island_Lk/Garden_Hill;235;YIV;CYIV
8888;Yiwu;China;Yiwu;;YIW;ZSYW
8889;Fort_Liard;Canada;Fort_Liard;215;YJF;CYJF
8890;St_Jean;Canada;St_Jean;41;YJN;CYJN
8891;Johnny_Mountain;Canada;Johnny_Mountain;;YJO;
8892;Jasper-hinton;Canada;Jasper-hinton;;YJP;CYJP
8893;Stephenville;Canada;Stephenville;24;YJT;CYJT
8894;Kamloops;Canada;Kamloops;345;YKA;CYKA
8895;Collins_Bay;Canada;Collins_Bay;408;YKC;CYKC
8896;Township_Airport;Canada;Kincardine;235;YKD;CYKD
8897;Knee_Lake;Canada;Knee_Lake;;YKE;
8898;Kitchener-Waterloo_Regional;Canada;Kitchener/Waterloo;321;YKF;CYKF
8899;Kangirsuk;Canada;Kangirsuk;117;YKG;CYAS
8900;Kennosao_Lake;Estonia;Kennosao_Lake;;YKI;
8901;Key_Lake;Canada;Key_Lake;509;YKJ;CYKJ
8902;Kitkatla;Canada;Kitkatla;0;YKK;
8903;Schefferville;Canada;Schefferville;521;YKL;CYKL
8904;Yakima_Air_Terminal;United_States;Yakima;335;YKM;KYKM
8905;Chan_Gurney;United_States;Yankton;398;YKN;KYKN
8906;Waskaganish;Canada;Waskaganish;24;YKQ;CYKQ
8907;Yakutsk;Russian_Federation;Yakutsk;99;YKS;UEEE
8908;Klemtu;Canada;Klemtu;;YKT;
8909;Chisasibi;Canada;Chisasibi;13;YKU;
8910;Kirkland_Lake;Canada;Kirkland_Lake;353;YKX;CYKX
8911;Kindersley;Canada;Kindersley;694;YKY;CYKY
8912;Buttonville_Municipal;Canada;Toronto;198;YKZ;CYKZ
8913;Langara;Canada;Langara;38;YLA;CWJU
8914;Lac_Biche;Canada;Lac_Biche;574;YLB;CYLB
8915;Kimmirut;Canada;Kimmirut/Lake_Harbour;53;YLC;CYLC
8916;Chapleau;Canada;Chapleau;448;YLD;CYLD
8917;Wha_Ti;Canada;Wha_Ti/Lac_La_Martre;271;YLE;CWMT
8918;LaForges;Canada;LaForges;;YLF;
8919;Yalgoo;Australia;Yalgoo;312;YLG;YYAL
8920;Lansdowne_House;Canada;Lansdowne_House;251;YLH;CYLH
8921;Ylivieska;Finland;Ylivieska;77;YLI;EFYL
8922;Meadow_Lake;Canada;Meadow_Lake;480;YLJ;CYLJ
8923;Lloydminster;Canada;Lloydminster_AB;668;YLL;CYLL
8924;Clinton_Creek;Canada;Clinton_Creek;616;YLM;
8925;Yilan;China;Yilan;;YLN;ZYYL
8926;Shilo;Canada;Shilo;373;YLO;CYLO
8927;Mingan;Canada;Mingan;22;YLP;CYLP
8928;La_Tuque;Canada;La_Tuque;167;YLQ;CYLQ
8929;Leaf_Rapids;Canada;Leaf_Rapids;292;YLR;CYLR
8930;Lebel-Sur-Quevillon;Canada;Lebel-Sur-Quevillon;293;YLS;
8931;Alert;Canada;Alert;30;YLT;CYLT
8932;Kelowna_Airport;Canada;Kelowna_BC;429;YLW;CYLW
8933;Long_Point;Canada;Long_Point;;YLX;
8934;Langley_Regional;Canada;Langley;10;YLY;KDWA
8935;Mayo;Canada;Mayo;504;YMA;CYMA
8936;Merritt;Canada;Merritt;634;YMB;
8937;Maricourt_Airstrip;Canada;Maricourt_Airstrip;;YMC;
8938;Mould_Bay;Canada;Mould_Bay;12;YMD;CYMD
8939;Matane;Canada;Matane;31;YME;CYME
8940;Montagne_Harbor;Canada;Montagne_Harbor;;YMF;
8941;Manitouwadge;Canada;Manitouwadge;365;YMG;CYMG
8942;Minaki;Canada;Minaki;334;YMI;
8943;Moose_Jaw_/_Air_Vice_Marshal_C._M._Mcewen_Airport;Canada;Moose_Jaw;577;YMJ;CYMJ
8944;Charlevoix;Canada;Murray_Bay_NT;298;YML;CYML
8945;Fort_Mcmurray;Canada;Fort_Mcmurray;369;YMM;CYMM
8946;Makkovik;Canada;Makkovik;71;YMN;CYFT
8947;Moosonee;Canada;Moosonee;9;YMO;CYMO
8948;Port_McNeil;Canada;Port_McNeil;69;YMP;
8949;Merry_Island;France;Merry_Island;;YMR;
8950;Yurimaguas;Peru;Yurimaguas;179;YMS;SPMS
8951;Chibougamau;Canada;Chibougamau;387;YMT;CYMT
8952;Maniwaki;Canada;Maniwaki;200;YMW;CYMW
8953;Mirabel;Canada;Montreal;82;YMX;CYMX
8954;Natashquan;Canada;Natashquan;12;YNA;CYNA
8955;Yanbu;Saudi_Arabia;Yanbu;8;YNB;OEYN
8956;Wemindji;Canada;Wemindji;14;YNC;CYNC
8957;Executive_Gatineau-Ottawa;Canada;Ottawa;64;YND;CYND
8958;Norway_House;Canada;Norway_House;223;YNE;CYNE
8959;Deer_Lake/Stephenville;Canada;Corner_Brook;26;YNF;KHDN
8960;Youngstown;United_States;Youngstown;363;YNG;KYNG
8961;Nitchequon;Canada;Nitchequon;;YNI;
8962;Yanji;China;Yanji;190;YNJ;ZYYJ
8963;Nootka_Sound;Canada;Nootka_Sound;;YNK;
8964;Points_North_Landing;Canada;Points_North_Landing_Saskatchewan;489;YNL;CYNL
8965;Matagami;Canada;Matagami;280;YNM;CYNM
8966;Yandi;Australia;Yandicoogina;;YNN;LFGO
8967;North_Spirit_Lake;Canada;North_Spirit_Lake_ON;;YNO;
8968;Natuashish;Canada;Natuashish;8;YNP;KHDN
8969;Arnes;Canada;Arnes_MB;221;YNR;
8970;Nemiscau;Canada;Nemiscau;245;YNS;CYHH
8971;Yantai;China;Yantai;18;YNT;ZSYT
8972;Yangyang;Korea_(South);Yangyang;73;YNY;RKNY
8973;Yancheng;China;Yancheng;;YNZ;ZSYN
8974;Ekati;Greece;Ekati;;YOA;KSJC
8975;Old_Crow;Canada;Old_Crow;251;YOC;CYOC
8976;Cold_Lake;Canada;Cold_Lake;541;YOD;CYOD
8977;Falher;Canada;Falher;;YOE;
8978;Ogoki;Canada;Ogoki;183;YOG;
8979;Oxford_House;Canada;Oxford_House;205;YOH;CYOH
8980;Footner_Lake;Canada;High_Level;338;YOJ;CYOJ
8981;Yokohama;Japan;Yokohama;3;YOK;
8982;Yola;Nigeria;Yola;183;YOL;DNYO
8983;Oshawa;Canada;Oshawa;140;YOO;CYOO
8984;Rainbow_Lake;Canada;Rainbow_Lake;536;YOP;CYOP
8985;Billy_Bishop_Regional;Canada;Owen_Sound;307;YOS;CYOS
8986;Yotvata;Israel;Yotvata;91;YOT;LLYT
8987;Ottawa_Macdonald-Cartier_International;Canada;Ottawa;114;YOW;CYOW
8988;Valcartier;Canada;Valcartier;168;YOY;CYOY
8989;Glass_Field;Canada;Prince_Albert_SK;428;YPA;CYPA
8990;Port_Alberni;Canada;Port_Alberni;76;YPB;
8991;Paulatuk;Canada;Paulatuk;5;YPC;CYPC
8992;Parry_Sound;Canada;Parry_Sound;254;YPD;CYPD
8993;Peace_River;Canada;Peace_River;571;YPE;CYPE
8994;Esquimalt;Canada;Esquimalt;;YPF;CWPF
8995;Portage_La_Prairie;Canada;Portage_La_Prairie;270;YPG;CYPG
8996;Inukjuak;Canada;Inukjuak;25;YPH;CYPH
8997;Port_Simpson;Canada;Port_Simpson;;YPI;
8998;Aupaluk;Canada;Aupaluk;36;YPJ;CYLA
8999;Pickle_Lake;Canada;Pickle_Lake;386;YPL;CYPL
9000;Pikangikum;Canada;Pikangikum;338;YPM;CYPM
9001;Port_Menier;Canada;Port_Menier;51;YPN;CYPN
9002;Peawanuck;Canada;Peawanuck;52;YPO;CYPO
9003;Pine_Point;Canada;Pine_Point;224;YPP;CYPP
9004;Peterborough;Canada;Peterborough;191;YPQ;CYPQ
9005;Digby_Island;Canada;Prince_Rupert;35;YPR;CYPR
9006;Port_Hawkesbury;Canada;Port_Hawkesbury;115;YPS;CYPD
9007;Pender_Harbor;Canada;Pender_Harbor;0;YPT;
9008;Powell_River;Canada;Powell_River;112;YPW;CYPW
9009;Puvirnituq;Canada;Povungnituk;23;YPX;CYPX
9010;Fort_Chipewyan;Canada;Fort_Chipewyan;232;YPY;CYPY
9011;Burns_Lake;Canada;Burns_Lake;714;YPZ;CYPZ
9012;Muskoka;Canada;Muskoka;282;YQA;CYQA
9013;Québec;Canada;Québec_City;74;YQB;CYQB
9014;Quaqtaq;Canada;Quaqtaq;31;YQC;CYHA
9015;The_Pas;Canada;The_Pas;270;YQD;CYQD
9016;Kimberley;Canada;Kimberley;;YQE;
9017;Red_Deer;Canada;Red_Deer;905;YQF;CYQF
9018;Windsor;Canada;Windsor;190;YQG;CYQG
9019;Watson_Lake;Canada;Watson_Lake;687;YQH;CYQH
9020;Yarmouth;Canada;Yarmouth;43;YQI;CYQI
9021;Kenora;Canada;Kenora;406;YQK;CYQK
9022;Lethbridge;Canada;Lethbridge;929;YQL;CYQL
9023;Nakina;Canada;Nakina;322;YQN;CYQN
9024;Comox;Canada;Comox;26;YQQ;CYQQ
9025;Regina;Canada;Regina_Saskatchewan;577;YQR;CYQR
9026;Pembroke_Area_Mncpl;Canada;St_Thomas;237;YQS;CYQS
9027;Thunder_Bay;Canada;Thunder_Bay;199;YQT;CYQT
9028;Grande_Prairie;Canada;Grande_Prairie;669;YQU;CYQU
9029;Yorkton;Canada;Yorkton;498;YQV;CYQV
9030;North_Battleford;Canada;North_Battleford;548;YQW;CYQW
9031;Gander_International;Canada;Gander;151;YQX;CYQX
9032;Sydney;Canada;Sydney_NS;62;YQY;CYQY
9033;Quesnel;Canada;Quesnel;545;YQZ;CYQZ
9034;Rae_Lakes;Canada;Rae_Lakes;220;YRA;CYRA
9035;Resolute;Canada;Resolute;66;YRB;CYRB
9036;Dean_River;Canada;Dean_River;;YRD;
9037;Resolution_Island;Canada;Resolution_Island;;YRE;
9038;Cartwright;Canada;Cartwright;13;YRF;CYCA
9039;Rigolet;Canada;Rigolet;55;YRG;
9040;Riviere_Du_Loup;Canada;Riviere_Du_Loup;130;YRI;CYRI
9041;Roberval;Canada;Roberval;179;YRJ;CYRJ
9042;Red_Lake;Canada;Red_Lake;386;YRL;CYRL
9043;Rocky_Mountain_House;Canada;Rocky_Mountain_House;989;YRM;CYRM
9044;Rivers_Inlet;Canada;Owekeno_Village;;YRN;
9045;Rockcliffe_St;Canada;Ottawa;57;YRO;CYRO
9046;Trois-Rivieres;Canada;Trois-Rivieres;61;YRQ;CYRQ
9047;Stuart_Island;Canada;Stuart_Island;;YRR;
9048;Red_Sucker_Lake;Canada;Red_Sucker_Lake;222;YRS;CYRS
9049;Nuuk;Canada;Rankin_Inlet_NT;29;YRT;CYRT
9050;Revelstoke;Canada;Revelstoke;445;YRV;CYRV
9051;Sable_Island;Canada;Sable_Island;;YSA;CYSA
9052;Sudbury;Canada;Sudbury;348;YSB;CYSB
9053;Sherbrooke;Canada;Sherbrooke;241;YSC;CYSC
9054;Suffield;Canada;Suffield;770;YSD;CYSD
9055;Squamish;Canada;Squamish;52;YSE;CYSE
9056;Stony_Rapids;Canada;Stony_Rapids;245;YSF;CYSF
9057;Lutselke;Canada;Lutselke/Snowdrift;175;YSG;
9058;Smith_Falls;Canada;Smith_Falls;127;YSH;CYSH
9059;Sans_Souci;Canada;Sans_Souci;177;YSI;
9060;Saint_John;Canada;Saint_John;109;YSJ;CYSJ
9061;Sanikiluaq;Canada;Sanikiluaq;32;YSK;CYSK
9062;St_Leonard;Canada;St_Leonard;242;YSL;CYSL
9063;Fort_Smith;Canada;Fort_Smith;205;YSM;CYSM
9064;Salmon_Arm;Canada;Salmon_Arm;534;YSN;CZAM
9065;Postville;Canada;Postville;59;YSO;
9066;Marathon;Canada;Marathon;315;YSP;CYSP
9067;Spring_Island;Canada;Spring_Island;;YSQ;
9068;Nanisivik;Canada;Nanisivik;642;YSR;CYSR
9069;Slate_Island;United_Kingdom;Slate_Island;;YSS;CWNU
9070;Ste_Therese_Point;Canada;Ste_Therese_Point;236;YST;CYST
9071;Summerside;Canada;Summerside;17;YSU;CYSU
9072;Saglek;Canada;Saglek;82;YSV;CYSV
9073;Shearwater;Canada;Shearwater;0;YSX;
9074;Sachs_Harbour;Canada;Sachs_Harbour;86;YSY;CYSY
9075;Squirrel_Cove;Canada;Squirrel_Cove;;YSZ;
9076;Pembroke_And_Area_Apt;Canada;Pembroke;161;YTA;CYTA
9077;Hartley_Bay;Canada;Hartley_Bay;0;YTB;
9078;Sturdee;Canada;Sturdee;;YTC;
9079;Thicket_Portage;Canada;Thicket_Portage;204;YTD;CZLQ
9080;Cape_Dorset;Canada;Cape_Dorset;48;YTE;CYTE
9081;Alma;Canada;Alma;136;YTF;CYTF
9082;Sullivan_Bay;Canada;Sullivan_Bay;;YTG;
9083;Thompson;Canada;Thompson;222;YTH;CYTH
9084;Triple_Island;Austria;Triple_Island;;YTI;CYTI
9085;Terrace_Bay;Canada;Terrace_Bay;290;YTJ;CYTJ
9086;Tulugak;Philippines;Tulugak;;YTK;
9087;Big_Trout;Canada;Big_Trout;223;YTL;CYTL
9088;La_Macaza;Canada;Mont_Tremblant;252;YTM;CYFJ
9089;Riviere_Au_Tonnerre;Canada;Riviere_Au_Tonnerre;20;YTN;
9090;Metropolitan_Area;Canada;Toronto;;YTO;
9091;Seaplane_Base;Canada;Tofino;0;YTP;
9092;Tasiujuaq;Canada;Tasiujuaq;37;YTQ;CYTQ
9093;Trenton;Canada;Trenton;86;YTR;CYTR
9094;Timmins;Canada;Timmins_ON;295;YTS;CYTS
9095;Tisdale;Canada;Tisdale_sk;465;YTT;
9096;Tasu;Canada;Tasu;;YTU;
9097;Telegraph_Creek;Canada;Telegraph_Creek;;YTX;
9098;Toronto_City_Centre_Airport;Canada;Toronto;77;YTZ;CYTZ
9099;Yuanmou;China;Yuanmou;;YUA;
9100;Tuktoyaktuk;Canada;Tuktoyaktuk;5;YUB;CYUB
9101;Umiujaq;Canada;Umiujaq;74;YUD;CYMU
9102;Yuendumu;Australia;Yuendumu;672;YUE;YYND
9103;Montreal-pierre_Elliott_Trudeau_International_Airport;Canada;Montreal;36;YUL;CYUL
9104;International;United_States;Yuma;65;YUM;KNYL
9105;Repulse_Bay;Canada;Repulse_Bay;24;YUT;CYUT
9106;Hall_Beach;Canada;Hall_Beach;8;YUX;CYUX
9107;Rouyn-Noranda;Canada;Rouyn-Noranda_Québec;301;YUY;CYUY
9108;Iconi;Comoros;Moroni;10;YVA;FMCN
9109;Bonaventure;Canada;Bonaventure;37;YVB;CYVB
9110;La_Ronge;Canada;La_Ronge;379;YVC;CYVC
9111;Yeva;Papua_New_Guinea;Yeva;;YVD;
9112;Vernon_Regional_Airport;Canada;Vernon_B._C.;347;YVE;CYVK
9113;Vermilion;Canada;Vermilion;617;YVG;CYVG
9114;Qikiqtarjuaq;Canada;Qikiqtarjuaq;5;YVM;CYVM
9115;Kuujjuaq;Canada;Kuujjuaq;39;YVP;CYVP
9116;Norman_Wells;Canada;Norman_Wells;73;YVQ;CYVQ
9117;Vancouver_Intl;Canada;Vancouver_British_Columbia;4;YVR;CYVR
9118;Buffalo_Narrows;Canada;Buffalo_Narrows;434;YVT;CYVT
9119;Wiarton/Keppel_Airport;Canada;Wiarton_ON;222;YVV;CYVV
9120;Deer_Lake;Canada;Deer_Lake;330;YVZ;CYVZ
9121;Petawawa;Canada;Petawawa;130;YWA;CYWA
9122;Kangiqsujuaq;Canada;Kangiqsujuaq;156;YWB;CYKG
9123;Dwtown_Waterfront_H/P;Canada;Halifax;;YWF;
9124;Winnipeg;Canada;Winnipeg;239;YWG;CYWG
9125;Victoria_Inner_Harbor;Canada;Victoria;0;YWH;CYWH
9126;Deline;Canada;Deline;213;YWJ;CYWJ
9127;Wabush;Canada;Wabush;551;YWK;CYWK
9128;Williams_Lake;Canada;Williams_Lake;940;YWL;CYWL
9129;Williams_Harbour;Canada;Williams_Harbour;21;YWM;
9130;Winisk;Canada;Winisk;10;YWN;
9131;Lupin;Canada;Lupin;490;YWO;CYWO
9132;Webequie;Canada;Webequie;205;YWP;CYWP
9133;Chute-Des-Passes;Canada;Chute-Des-Passes;;YWQ;KUCC
9134;White_River;Canada;White_River;;YWR;CYWR
9135;Whistler;Canada;Whistler;640;YWS;
9136;Wrigley;Canada;Wrigley;149;YWY;CYWY
9137;Cranbrook;Canada;Cranbrook;940;YXC;CYXC
9138;Edmonton_City_Center_Airport;Canada;Edmonton;671;YXD;CYXD
9139;J.G._Diefenbaker_International_Airport;Canada;Saskatoon;504;YXE;CYXE
9140;Snake_River;Canada;Snake_River;;YXF;
9141;Medicine_Hat;Canada;Medicine_Hat;717;YXH;CYXH
9142;Killaloe;Canada;Killaloe;181;YXI;
9143;Fort_St_John;Canada;Fort_St_John;695;YXJ;CYXJ
9144;Rimouski;Canada;Rimouski;25;YXK;CYXK
9145;Sioux_Lookout;Canada;Sioux_Lookout;383;YXL;CYXL
9146;Whale_Cove;Canada;Whale_Cove;20;YXN;CYXN
9147;Pangnirtung;Canada;Pangnirtung;24;YXP;CYXP
9148;Beaver_Creek;United_Kingdom;Beaver_Creek;647;YXQ;CYXQ
9149;Earlton;Canada;Earlton;244;YXR;CYXR
9150;Prince_George;Canada;Prince_George;691;YXS;CYXS
9151;Terrace;Canada;Terrace_BC;217;YXT;CYXT
9152;Abbotsford;Canada;Abbotsford;59;YXX;CYXX
9153;Whitehorse_International;Canada;Whitehorse_Yukon;706;YXY;CYXY
9154;Wawa_Airport;Canada;Wawa;287;YXZ;CYXZ
9155;Big_Bay_Yacht_Club;Canada;Big_Bay_Yacht_Club;70;YYA;ZGYY
9156;North_Bay;Canada;North_Bay;370;YYB;CYYB
9157;Calgary_International_Airport;Canada;Calgary_AB;1099;YYC;CYYC
9158;Smithers;Canada;Smithers;522;YYD;CYYD
9159;Fort_Nelson;Canada;Fort_Nelson;382;YYE;CYYE
9160;Penticton;Canada;Penticton;344;YYF;CYYF
9161;Charlottetown;Canada;Charlottetown;48;YYG;CYYG
9162;Taloyoak;Canada;Taloyoak;28;YYH;CYYH
9163;Rivers;Canada;Rivers;473;YYI;CYYI
9164;Victoria_International;Canada;Victoria;19;YYJ;CYYJ
9165;Lynn_Lake;Canada;Lynn_Lake;357;YYL;CYYL
9166;Cowley;Canada;Cowley;1181;YYM;CYYM
9167;Swift_Current;Canada;Swift_Current;817;YYN;CYYN
9168;Goose_Bay;Canada;Goose_Bay;49;YYR;CYYR
9169;Kapuskasing;Canada;Kapuskasing;226;YYU;CYYU
9170;Armstrong;Canada;Armstrong;323;YYW;CYYW
9171;Mont_Joli;Canada;Mont_Joli;52;YYY;CYYY
9172;Lester_B._Pearson_International;Canada;Toronto;173;YYZ;CYYZ
9173;Ashcroft;Canada;Ashcroft;622;YZA;CYZA
9174;Beatton_River;Canada;Beatton_River;;YZC;
9175;Gore_Bay;Canada;Gore_Bay;194;YZE;CYZE
9176;Yellowknife;Canada;Yellowknife;206;YZF;CYZF
9177;Salluit;Canada;Salluit;226;YZG;CYZG
9178;Slave_Lake;Canada;Slave_Lake;583;YZH;CYZH
9179;Buchans;Canada;Buchans;283;YZM;UTTT
9180;Sandspit;Canada;Sandspit;6;YZP;CYZP
9181;Sarnia;Canada;Sarnia;181;YZR;CYZR
9182;Coral_Harbour;Canada;Coral_Harbour;62;YZS;CYZS
9183;Port_Hardy;Canada;Port_Hardy;22;YZT;CYZT
9184;Whitecourt;Canada;Whitecourt;782;YZU;CYZU
9185;Sept-Iles;Canada;Sept-Iles;55;YZV;CYZV
9186;Teslin;Bosnia_And_Herzegovina;Teslin;705;YZW;CYZW
9187;Greenwood;Canada;Greenwood;28;YZX;CYZX
9188;Alice_Arm;Canada;Alice_Arm;;ZAA;
9189;York_Landing;Canada;York_Landing;189;ZAC;CZAC
9190;Zadar;Croatia;Zadar;88;ZAD;LDZD
9191;Pleso;Croatia;Zagreb;108;ZAG;LDZA
9192;Zahedan;Iran;Zahedan;1391;ZAH;OIZH
9193;Zaranj;Afghanistan;Zaranj;482;ZAJ;OAZJ
9194;Pichoy;Chile;Valdivia;4;ZAL;SCVL
9195;Zamboanga_International;Philippines;Zamboanga;10;ZAM;RPMZ
9196;Laberandie;France;Cahors;278;ZAO;LFCC
9197;Zaria;Nigeria;Zaria;661;ZAR;DNZA
9198;Shunde_Ferry;China;Shunde;;ZAS;
9199;Zhaotong;China;Zhaotong;;ZAT;ZPZT
9200;Pan_Yu_Ferry;China;Pan_Yu;;ZAX;FVZK
9201;Zaragoza;Spain;Zaragoza;263;ZAZ;LEZG
9202;Jiang_Men_Ferry;China;Jiang_Men;;ZBD;KAPY
9203;Dolni_Benesov;Czech_Republic;Zabreh;224;ZBE;LKZA
9204;Bathurst;Canada;Bathurst;59;ZBF;CZBF
9205;Zabljak;Montenegro;Zabljak;1428;ZBK;
9206;Biloela;Australia;Biloela;;ZBL;
9207;Bromont;Canada;Bromont;114;ZBM;CZBM
9208;Bowen;Australia;Bowen;8;ZBO;YBWN
9209;Baltimore_Rail;Colombia;Baltimore;;ZBP;KZBP
9210;Chah-Bahar;Iran;Chah-Bahar;13;ZBR;OIZC
9211;Aarhus_Limo;Denmark;Aarhus_Limo;;ZBU;
9212;Beaver_Creek_Van_Svce.;United_States;Vail/Eagle;;ZBV;OPZB
9213;Sayaboury;Laos;Sayaboury;380;ZBY;VLSB
9214;Xin_Hui_Ferry;China;Xin_Hui;;ZBZ;
9215;Tai_Shan;China;Tai_Shan;;ZCA;EPDA
9216;La_Calera;Mexico;Zacatecas;2177;ZCL;MMZC
9217;Maquehue;Chile;Temuco;93;ZCO;SCTC
9218;Foshan_Ferry;China;Foshan;;ZCP;EDQC
9219;She_Kou_Ferry;China;She_Kou;;ZCU;EPDA
9220;ScotRail;United_Kingdom;Dundee;;ZDU;EHBK
9221;Secunda;South_Africa;Secunda;1600;ZEC;FASC
9222;Nanhai_Ferry;China;Nanhai;326;ZEF;KZEF
9223;Senggo;Indonesia;Senggo;8;ZEG;
9224;Bella_Bella;Canada;Bella_Bella;49;ZEL;CYJQ
9225;East_Main;Canada;East_Main;6;ZEM;CZEM
9226;Zenag;Papua_New_Guinea;Zenag;975;ZEN;
9227;Zero;India;Zero;1647;ZER;VEZO
9228;Faro;Canada;Faro;717;ZFA;CZFA
9229;Old_Fort_Bay;Canada;Old_Fort_Bay;;ZFB;
9230;Fond_Du_Lac;Canada;Fond_Du_Lac;248;ZFD;CZFD
9231;Rennes;France;Rennes;;ZFJ;OAZB
9232;South_Trout_Lake;Canada;South_Trout_Lake;;ZFL;
9233;Fort_Mcpherson;Canada;Fort_Mcpherson;35;ZFM;CZFM
9234;Tulita;Canada;Tulita/Fort_Norman;101;ZFN;CZFN
9235;Gare_de_Bordeaux;France;Bordeaux;;ZFQ;OAZB
9236;Aruja;Brazil;Aruja;;ZFU;OPZB
9237;Fairview;Canada;Fairview;660;ZFW;
9238;Buffalo_Depew_Rr;United_Kingdom;Buffalo;;ZFZ;
9239;Zhongchuan;China;Lanzhou;1947;ZGC;ZLLL
9240;New_London_Rail;Indonesia;Groton;;ZGD;
9241;Grand_Forks;Canada;Grand_Forks;524;ZGF;CZGF
9242;ScotRail;United_Kingdom;Glasgow;;ZGG;EPDA
9243;Gods_River;Canada;Gods_River;188;ZGI;CZGI
9244;South_Galway;Australia;South_Galway;116;ZGL;YSGW
9245;Ngoma;Zambia;Ngoma;1036;ZGM;FLNA
9246;Zhongshan_Ferry_Port;China;Zhongshan;;ZGN;SBMO
9247;Little_Grand_Rapids;Canada;Little_Grand_Rapids;306;ZGR;CZGR
9248;Gethsemani;Canada;Gethsemani;;ZGS;
9249;Gaua;Vanuatu;Gaua;;ZGU;NVSQ
9250;Kuching_Port;Malaysia;Kuching;;ZGY;EPDA
9251;GermanRail_Pass;Germany;Fictitious_Point/AA2;;ZGZ;
9252;Zhanjiang;China;Zhanjiang;;ZHA;ZGZJ
9253;N_Philadelphia_Rail_St;Egypt;Philadelphia;;ZHC;
9254;Shamshernagar;Bangladesh;Shamshernagar;17;ZHM;VGSH
9255;High_Prairie;Canada;High_Prairie;602;ZHP;CZHP
9256;Victoria;Chile;Victoria;350;ZIC;SCTO
9257;Harbour_(Eolie_Island);Italy;Vulcano;;ZIE;VGZR
9258;Ziguinchor;Senegal;Ziguinchor;23;ZIG;GOGG
9259;Internacional;Mexico;Ixtapa/Zihuatanejo;8;ZIH;MMZH
9260;Harbour_(Eolie_Island);Italy;Lipari;;ZIP;
9261;Harbour_(Eolie_Island);Italy;Salina;;ZIQ;EPDA
9262;ScotRail;United_Kingdom;Inverness;;ZIV;OPZB
9263;Lianhuashan_Port;China;Lianhuashan;;ZIY;VGZR
9264;Kuantan_Port;Malaysia;Kuantan;;ZJB;MGZA
9265;Harbour_(Eolie_Island);Italy;Panarea;;ZJE;EPDA
9266;Jenpeg;Canada;Jenpeg;223;ZJG;CZJG
9267;Harbour;Italy;Procida;;ZJJ;EPDA
9268;Off_Line_Point;Hong_Kong;Chek_Lap_Kok;;ZJK;EPDA
9269;Swan_River;Canada;Swan_River;335;ZJN;CZJN
9270;Penang_Port;Malaysia;Penang;;ZJR;DAUG
9271;Tanjung_Pelepas_Port;Malaysia;Tanjung_Pelepas;;ZJT;
9272;Harbour_(Eolie_Island);Italy;Stromboli;;ZJX;EPDA
9273;Harbour;Italy;Ponza;;ZJY;EPDA
9274;Kasaba_Bay;Zambia;Kasaba_Bay;847;ZKB;FLKY
9275;Kaschechewan;Canada;Kaschechewan;11;ZKE;CZKE
9276;Kegaska;Canada;Kegaska;;ZKG;
9277;Steenkool;Indonesia;Steenkool;;ZKL;
9278;Sette_Cama;Gabon;Sette_Cama;3;ZKM;FOOS
9279;Kasompe;Zambia;Kasompe;1413;ZKP;FLKE
9280;El_Gouera;Western_Sahara;El_Gouera;3;ZLG;
9281;Manzanillo;Mexico;Manzanillo;9;ZLO;MMZO
9282;La_Tabatiere;Canada;La_Tabatiere;31;ZLT;
9283;Pasir_Gudang_Port;Malaysia;Pasir_Gudang;;ZLW;LOWZ
9284;British_Rail_Terminal;United_Kingdom;London;;ZLX;
9285;Sena_Madureira;Brazil;Sena_Madureira;136;ZMD;SWSN
9286;Metropark_Rail;Kyrgyzstan;Newark;;ZME;SBMO
9287;Beverello_Harbor;Haiti;Naples;;ZMF;UUBN
9288;108_Mile_Ranch;Canada;108_Mile_Ranch;953;ZMH;CZML
9289;Mergellina_Harbour;Haiti;Naples;;ZMJ;ZBYC
9290;Bintulu_Port;Malaysia;Bintulu;;ZMK;LZNZ
9291;Milwaukee_General_Mitchell;United_States;Milwaukee_;;ZML;
9292;Zamora;Mexico;Zamora;1567;ZMM;MMZM
9293;Masset;Canada;Masset;8;ZMT;CZMT
9294;Harbour;China;Huangpu;;ZMY;SBMO
9295;Harbour;Canada;Nanaimo;28;ZNA;CYCD
9296;Nyac;United_States;Nyac;140;ZNC;
9297;Zinder;Niger;Zinder;462;ZND;DRZR
9298;Newman;Australia;Newman;525;ZNE;YNWN
9299;Negginan;Canada;Negginan;222;ZNG;
9300;Namu;Canada;Namu_BC;;ZNU;
9301;Kisauni;Tanzania;Zanzibar;16;ZNZ;HTZA
9302;Ocean_Falls;Canada;Ocean_Falls;;ZOF;
9303;Canal_Balo;Chile;Osorno;57;ZOS;SCJO
9304;Sachigo_Lake;Canada;Sachigo_Lake;270;ZPB;CZPB
9305;Pucon;Chile;Pucon;260;ZPC;SCPC
9306;Zephyrhills;United_States;Zephyrhills;27;ZPH;KZPH
9307;Pine_House;Canada;Pine_House;386;ZPO;CZPO
9308;Queenstown;New_Zealand;Queenstown;357;ZQN;NZQN
9309;Queen_Charlotte_Is;Canada;Queen_Charlotte_Is;;ZQS;
9310;Richmond_VA_Rail;Canada;Richmond;;ZRD;GQPZ
9311;"Park_&amp;_Ride_Bus_Svc";South_Africa;Rockford;;ZRF;
9312;Zürich-Kloten;Switzerland;Zurich;432;ZRH;LSZH
9313;Serui;Indonesia;Serui;3;ZRI;WABO
9314;Round_Lake;Canada;Round_Lake;285;ZRJ;CZRJ
9315;VanGalder_Bus_Termina;South_Africa;Rockford;;ZRK;
9316;Lancaster_PA_Rail;Turkey;Lancaster;;ZRL;
9317;Sarmi;Indonesia;Sarmi;3;ZRM;WAJI
9318;Pennsylvania_Railroad_Station;United_States;Newark;;ZRP;
9319;Harbour;Canada;Fiumicino;23;ZRR;EPZR
9320;Flexenpass_Heliport;Austria;Zurs/Lech;;ZRS;
9321;Hartford_CT_Rail;United_Kingdom;Hartford;;ZRT;SAVT
9322;Boston_RT128_Rail;United_States;Boston;;ZRU;SAVT
9323;Providence_Rail;French_Guiana;Providence;;ZRV;KZER
9324;New_Carrolton_RR;Canada;Washington;;ZRZ;
9325;San_Salvador;Bahamas;San_Salvador;9;ZSA;MYSM
9326;St_Pierre_dela_Reunion;Reunion;St_Pierre_dela_Reunion;18;ZSE;FMEP
9327;Springfield_MA_RR;Canada;Springfield;;ZSF;
9328;Sandy_Lake;Canada;Sandy_Lake;286;ZSJ;CZSJ
9329;St_Paul;Canada;St_Paul;654;ZSP;
9330;Sassandra;"Cote_D&#039;Ivoire";Sassandra;62;ZSS;DISS
9331;Stewart;Canada;Stewart;7;ZST;CZST
9332;Seal_Cove;Canada;Prince_Rupert;0;ZSW;
9333;Tureira;Portugal;Tureira;4;ZTA;NTGY
9334;Tete-a-La_Baleine;Canada;Tete-a-La_Baleine;33;ZTB;
9335;Schenectady_Rail;Poland;Schenectady;;ZTD;EHBK
9336;Rochester_NY_Rail;United_States;Rochester;;ZTE;EBKW
9337;Stamford_Rail_STN;Turks_and_Caicos_Islands;Westchester_County;;ZTF;
9338;Zakinthos_International_Airport;Greece;Zakinthos;5;ZTH;LGZA
9339;Humen_Port;China;Humen;;ZTI;EHBK
9340;Princeton_JT_Rail;Canada;Princeton;;ZTJ;
9341;Shamattawa;Canada;Shamattawa;88;ZTM;CZTM
9342;Trenton_Rail_STN;Egypt;Philadelphia;;ZTN;OIZH
9343;Boston_South_Rail;United_States;Boston;;ZTO;EHBK
9344;Zhitomir_Airport;Ukraine;Zhitomir;;ZTR;
9345;Tahsis;Canada;Tahsis;0;ZTS;
9346;Boston_BKBAY_Rail;China;Boston;;ZTY;EHBK
9347;Utica_NNY_Rail;Tunisia;Utica;;ZUA;VGZR
9348;Ignace;Canada;Ignace;437;ZUC;CZUC
9349;Ancud;Chile;Ancud;114;ZUD;SCAC
9350;Zuenoula;"Cote_D&#039;Ivoire";Zuenoula;;ZUE;
9351;Harrisburg_Rail;Lebanon;Harrisburg;;ZUG;EPDA
9352;Zhuhai_Airport;China;Zhuhai;;ZUH;ZGSD
9353;Zilfi;Saudi_Arabia;Zilfi;579;ZUL;OEZL
9354;Churchill_Falls;Canada;Churchill_Falls;440;ZUM;CZUM
9355;Miandrivazo;Madagascar;Miandrivazo;62;ZVA;FMMN
9356;New_Haven_Rail;Guyana;New_Haven;;ZVE;OPZB
9357;Springvale;Australia;Springvale;433;ZVG;
9358;Savannakhet;Laos;Savannakhet;155;ZVK;VLSK
9359;Andapa;Madagascar;Andapa;473;ZWA;FMND
9360;Williamsburg_Rail;United_Kingdom;Hampton;;ZWB;OPZB
9361;Wilmington_Rail;Australia;Wilmington;;ZWI;
9362;Wollaston_Lake;Canada;Wollaston_Lake;415;ZWL;CZWL
9363;Kota_Kinabalu_Port;Malaysia;Kota_Kinabalu;;ZWR;HLZW
9364;Newport_News_Rail;United_Kingdom;Hampton;;ZWW;VGZR
9365;ScotRail;United_Kingdom;Perth;;ZXP;MGZA
9366;SNCB_Rail_Network;Belgium;SNCB_Rail_Network;;ZYB;OPZB
9367;Lisbon_TP;Portugal;Lisbon;;ZYD;EHBK
9368;Faro_TP;Ethiopia;Faro;;ZYF;OPZB
9369;Holland_Spoor_Rail_Station;Netherlands;The_Hague;;ZYH;VGZR
9370;Zunyi;China;Zunyi;;ZYI;ZUZY
9371;Shekou_Port;China;Shekou;;ZYK;EPDA
9372;Osmani_International;Bangladesh;Sylhet;15;ZYL;VGSY
9373;Syracuse_NY_Rail;United_States;Syracuse;;ZYQ;EPDA
9374;Mzuzu;Malawi;Mzuzu;1254;ZZU;FWUU
9375;Zanesville;United_States;Zanesville;274;ZZV;KZZV